pancreatic stellate cell	tissue-resident macrophage	hepatocyte	intrahepatic cholangiocyte	endothelial cell of arteriole/endothelial cell of venule	colon endothelial cell	myeloid dendritic cell	cd4-positive, alpha-beta t cell/naive thymus-derived cd4-positive, alpha-beta t cell/regulatory t cell	ciliated columnar cell of tracheobronchial tree/lung ciliated cell	Bergmann glial cell/astrocyte/ependymal cell	mesenchymal stem cell/tendon cell	pancreatic a cell/pancreatic d cell/type b pancreatic cell	classical monocyte/intermediate monocyte/monocyte/non-classical monocyte	serous cell of epithelium of trachea	activated cd4-positive, alpha-beta t cell/activated cd8-positive, alpha-beta t cell/gamma-delta t cell/t cell	duct epithelial cell/ionocyte	OPC/astrocytes/oligodendrocytes	capillary endothelial cell/endothelial cell of artery	neuron	ciliated columnar cell of tracheobronchial tree/ciliated epithelial cell/lung ciliated cell	endothelial cell/endothelial cell of lymphatic vessel/vein endothelial cell	oligodendrocyte precursor cell	acinar cell of salivary gland	neutrophil	cd8-positive, alpha-beta t cell/innate lymphoid cell/naive thymus-derived cd8-positive, alpha-beta t cell	salivary gland cell	intestinal tuft cell/large intestine goblet cell/tuft cell of colon	progenitor cell of mammary luminal epithelium	pulmonary ionocyte	fast muscle cell/slow muscle cell	duct epithelial cell/ionocyte/mucus secreting cell	bladder urothelial cell	neurons	luminal epithelial cell of mammary gland	enteroendocrine cell of small intestine	erythrocyte/platelet	pancreatic stellate cell/smooth muscle cell	central nervous system macrophage	enterocyte of epithelium proper of duodenum	intestinal crypt stem cell of small intestine/paneth cell of epithelium of small intestine	basal cell/medullary thymic epithelial cell	intestinal tuft cell/tuft cell of colon	cd8-positive, alpha-beta thymocyte/thymocyte	type ii pneumocyte	myometrial cell	cd4-positive, alpha-beta thymocyte	endothelial cell/endothelial cell of arteriole/endothelial cell of lymphatic vessel/endothelial cell of venule/vein endothelial cell	mesothelial cell	cd4-positive, alpha-beta t cell/cd4-positive, alpha-beta thymocyte/cd8-positive, alpha-beta thymocyte/naive thymus-derived cd4-positive, alpha-beta t cell/regulatory t cell/thymocyte	best4+ intestinal epithelial cell, human/enterocyte of epithelium proper of small intestine/small intestine goblet cell/transit amplifying cell of small intestine	plasma cell	club cell/type i pneumocyte	melanocyte/progenitor cell of mammary luminal epithelium	gamma-delta t cell	pancreatic d cell/type b pancreatic cell	epithelial cell of uterus	classical monocyte/intermediate monocyte/monocyte/myeloid dendritic cell/non-classical monocyte	tracheal goblet cell	medullary thymic epithelial cell	melanocyte	basal cell	large intestine goblet cell	mural cell/pericyte	macrophage	sebum secreting cell	pancreatic a cell	pulmonary ionocyte/respiratory goblet cell	pancreatic ductal cell	myoepithelial cell	mucus secreting cell/respiratory goblet cell	basophil/mast cell	neuro-medullary thymic epithelial cell	regular atrial cardiac myocyte/ventricular cardiac muscle cell	capillary endothelial cell/cardiac endothelial cell/endothelial cell of artery	activated cd4-positive, alpha-beta t cell/activated cd8-positive, alpha-beta t cell/t cell	common myeloid progenitor/erythroid progenitor cell	oligodendrocyte	pancreatic acinar cell	adventitial cell/fibroblast/mesenchymal stem cell of adipose tissue/stromal cell	kidney epithelial cell	erythroid progenitor cell	serous cell of epithelium of bronchus	choroid plexus epithelial cell	langerhans cell	common myeloid progenitor/hematopoietic stem cell	enteroglial cell	mesothelial cell/schwann cell	innate lymphoid cell	schwann cell	type i pneumocyte	stratified squamous epithelial cell	mature nk t cell/natural killer cell	microglia	myo-medullary thymic epithelial cell	smooth muscle cell	basal cell of prostate epithelium	leukocyte	club cell	ciliated epithelial cell/epithelial cell of uterus	cardiac endothelial cell	luminal cell of prostate epithelium	cd8-positive, alpha-beta t cell/naive thymus-derived cd8-positive, alpha-beta t cell	b cell	taste receptor cell	hematopoietic stem cell	Method	Sample
0.0	0.0	0.0	0.71678	0.23676	0.0	0.82334	0.0			0.41295	0.0	14.49811	0.0		0.0	0.65948	0.0		0.09874	3.05724		0.0	13.56981		1.65253	0.0809	2.86603	0.75242	0.00373		0.0	1.69989	0.65232	0.0	0.0			0.94427	0.0			10.54665	0.0	0.0	0.0		1.78612		0.0	0.7046			0.32458		0.86342		0.0	0.0	0.29559	0.0		1.64905	0.0	0.0			0.0	0.91003	0.08141	3.88024	0.56296	0.01845		0.0			0.00906	0.0	0.87355	1.67739	0.02728		0.13068	3.7356	0.0		0.0	0.85763	0.0	0.0	3.12348	1.07067	0.17863	0.0	1.97521	0.92604	0.0		4.19306	0.0	11.71755	3.1518	2.00399		CIBERSORTx	prevail_cu_cfrna_206
0.0	0.0	0.0	0.0	0.0	1.87691	0.0	0.0			1.06441	0.00424	21.2907	0.0		0.05286	0.09859	0.0		0.14127	4.28733		0.0	28.2974		0.30304	0.09068	3.33392	0.38443	0.0		0.0	1.31394	1.30665	0.0	0.0			0.33068	0.0			4.3508	0.0	0.0	0.0		0.68523		0.0	0.26621			0.0		0.56537		0.0	0.0	0.25804	0.0		0.94259	0.0	0.0			0.22419	0.3708	0.08038	1.12201	0.45848	0.11859		0.0			0.0	0.0	0.38874	2.0672	0.01656		1.01161	0.0	0.0		0.0	0.78473	0.0	0.0	2.00059	1.73257	0.20873	0.48096	2.40138	0.0	0.0		2.66628	0.0	9.19298	2.73703	0.69092		CIBERSORTx	prevail_cu_cfrna_211
0.0	0.0	0.0	0.06555	0.08837	1.05062	0.0	0.0			0.09376	0.0	17.89904	0.0		0.0	0.0	0.0		0.0185	0.94474		0.07388	19.72834		0.23316	0.0	1.9274	0.0	0.0		0.0	4.88904	0.22841	0.0	0.35513			0.01721	0.0			9.06894	0.0	0.0	0.0		0.44189		0.0	0.03423			0.0		0.0		0.0	0.0	0.22975	0.0		1.47486	0.0	0.0			0.027	0.17818	0.00145	0.04097	0.0	0.0		0.0			0.0	0.0	0.0	0.46119	0.18863		3.97588	0.0	0.0		0.0	0.58034	0.0	0.0	5.94417	1.79955	0.01362	0.05955	0.83407	0.0	0.00175		4.03075	0.0	19.23399	3.3747	0.3914		CIBERSORTx	prevail_cu_cfrna_223
0.0	0.0	0.0	0.55593	2.17322	0.46378	0.0	0.3223			0.2421	0.0	16.59932	0.0		0.20714	0.18596	0.0		0.0	6.88707		0.0	6.83759		0.25969	0.24445	3.11053	0.0328	0.00679		0.0	1.80418	0.12742	0.0	0.24589			1.05214	0.0			8.31525	0.0	0.0	0.0		0.97661		0.0	0.0			0.0		0.82644		0.0	0.0	0.0	0.0		2.15276	0.0	0.0			0.0	0.68875	0.08668	1.3693	0.08996	0.0		0.0			0.00688	0.0	0.40034	0.45105	0.0		2.56001	1.24173	0.0		0.0	1.09626	0.07469	0.0	4.36122	1.75969	0.0	0.17968	3.08945	0.0	0.0		6.59852	0.0	13.8471	7.3087	1.16062		CIBERSORTx	prevail_cu_cfrna_215
0.0	0.0	0.0	0.01617	0.3571	0.0	0.87557	1.19547			0.69201	0.00682	16.77279	0.0		0.10296	0.51688	0.56707		0.0226	1.70571		0.0	14.52093		2.20162	0.0	2.25733	0.57016	0.01632		0.0	1.62991	0.68955	0.0	0.09792			0.54599	0.0			8.15805	0.0	0.0	0.0		1.61541		0.2644	0.00799			0.67963		0.28823		0.0	0.0	0.0	0.0		2.16008	1.66376	0.02662			0.09543	1.30079	0.09976	4.1106	0.5027	0.0		0.0			0.0	0.0	0.68446	2.46369	0.00149		0.47009	2.33414	0.0		0.0	1.09631	0.0	0.0	2.49604	1.36672	0.19446	0.0	3.51751	0.0	0.0		4.14585	0.0	10.37506	2.74678	1.77304		CIBERSORTx	prevail_cu_cfrna_202
0.0	0.0	0.0	0.07234	3.2572	0.0	0.86525	0.0			0.0	0.0	23.73621	0.0		0.04005	0.0	1.46067		0.01802	3.45588		0.0	20.615		0.877	0.00282	3.64999	0.0	0.00695		0.0	1.57535	0.01881	0.00043	0.53209			0.03346	0.0			12.46833	0.0	0.0	0.0		0.67843		0.06115	0.0			0.33933		0.0		0.0	0.0	0.37576	0.00853		0.00918	0.0	0.0			0.0	0.12256	0.0	0.00098	0.00773	0.0		0.0			0.00155	0.32229	0.01894	1.28156	0.0045		0.284	0.0	0.0		0.0	0.0085	0.00525	0.0	0.0257	5.74887	0.00996	0.0	0.2793	0.0	0.0		8.20693	0.0	8.77875	0.48366	0.25075		CIBERSORTx	prevail_cu_cfrna_224
0.0	0.0	0.08693	0.10428	0.72536	0.0	0.0	0.0			0.3624	0.0	13.3175	0.71218		0.02204	0.61501	0.0		0.35952	5.48842		0.0	9.39637		1.24551	0.05502	2.29885	0.12798	0.0		0.0	2.35648	0.46976	0.0	0.0			1.37802	0.0			10.20022	0.0032	0.0	0.0		0.83928		0.0	0.0			0.11358		0.83207		0.0	0.0	0.10991	0.0		2.52258	0.0	0.0			0.67514	0.46425	0.00881	1.89234	0.13022	0.25798		0.0			0.0	0.0	0.27038	6.97604	0.07034		1.22668	0.0	0.0		0.0	0.83661	0.0	0.0	3.69057	1.46995	0.29242	0.0	1.54041	0.48975	0.0		4.62735	0.0	11.82353	7.85601	1.65876		CIBERSORTx	prevail_cu_cfrna_199
0.0	0.0	0.0	0.22537	0.12453	0.54933	0.77342	0.0			0.33876	0.0	21.10186	0.0		0.0	0.20504	0.0		0.0	1.36246		0.0	31.87765		0.332	0.03302	2.41519	0.14547	0.0		0.0	0.9903	1.61254	0.0	0.0			0.73179	0.0			4.34849	0.0	0.0	0.0		0.92006		0.05849	0.55595			0.0		1.11749		0.0	0.0	0.48416	0.0		1.20684	0.0	0.0			0.05689	0.32258	0.0	1.65237	0.27046	0.16271		0.0			0.0	0.0	0.25632	1.46471	0.09326		0.37374	0.0	0.0		0.0	0.65241	0.05584	0.0	3.56889	1.50512	0.24155	0.0	2.3281	0.71801	0.0		2.98685	0.0	10.62821	0.30618	0.8456		CIBERSORTx	prevail_cu_cfrna_204
0.0	0.0	0.0	0.45393	0.0	0.54808	2.59736	0.0			0.65845	0.0	20.56137	0.0		0.0	0.31268	0.0		0.0	2.17829		0.00566	15.63303		0.58119	0.0	3.81662	0.16721	0.01399		0.0	1.35686	1.06805	0.0	0.0			0.47115	0.0			7.64135	0.0	0.0	0.0		0.40851		0.06136	0.75004			0.24292		1.13607		0.0	0.0	0.0	0.0		1.54676	0.0	0.04523			0.00902	0.2347	0.0	0.46663	0.55847	0.38147		0.0			0.0	0.0	1.2128	6.67479	0.11801		0.50221	0.0	0.0		0.0	0.90265	0.0	0.0	2.44909	1.26938	0.13064	0.0	2.00334	0.81401	0.0		3.90681	0.0	9.74404	6.29452	0.07126		CIBERSORTx	prevail_cu_cfrna_217
0.0	0.0	0.0	0.75683	0.0	0.4808	0.0	0.0			0.90641	0.00308	18.45371	0.0		0.0	0.42212	0.0		0.22772	5.83591		0.0	23.6382		1.08863	0.20704	3.12268	0.46185	0.0		0.0	2.22363	0.74707	0.0	0.29405			0.7593	0.0			4.91794	0.0	0.0	0.0		0.71699		0.0	0.13366			0.0		0.16717		0.0	0.0	0.39757	0.0		1.59211	0.0	0.0			0.58103	0.22502	0.09886	2.01424	0.44824	0.0		0.4662			0.0	0.0	0.12899	1.55658	0.0		1.30231	0.49194	0.0		0.0	0.8158	0.0	0.0	0.99761	1.08356	0.59203	0.03757	3.22504	0.0	0.0		3.70732	0.0	11.0592	2.6283	0.9857		CIBERSORTx	prevail_cu_cfrna_216
0.0	0.0	0.0	0.29553	0.67373	0.0	2.06105	0.0			0.12462	0.0	24.38073	0.0		0.0	0.39359	0.0		0.0609	1.73279		0.0	24.54957		0.93141	0.08687	2.22697	0.0829	0.00905		0.0	1.28631	1.22756	0.0	0.46715			0.60656	0.0			4.36951	0.0	0.0	0.0		0.39796		0.09301	0.06992			0.43392		0.12885		0.0	0.0	0.22537	0.0		2.49304	0.0	0.0			0.02617	1.03825	0.0	2.1358	0.1472	0.0		0.0			0.01795	0.0	0.06005	1.93187	0.09434		0.19029	0.0	0.0		1.17097	0.9444	0.0	0.0	2.22433	1.52835	0.18619	0.0	4.06922	0.0	0.0		2.39827	0.0	10.55394	0.55397	1.31959		CIBERSORTx	prevail_cu_cfrna_219
0.0	0.0	0.0	0.48727	0.0	0.0	0.00152	0.81704			0.18127	0.00282	11.2204	0.12324		0.01512	1.11008	0.0		0.0	5.59045		0.0	6.32073		1.48957	0.08923	1.59244	0.20848	0.0		0.0	2.06264	1.112	0.0	0.26284			3.19077	0.0			11.56164	0.0	0.0	0.0		1.56481		0.0	0.0			0.0		0.30542		0.0	0.0	0.12287	0.0		2.69912	2.56237	0.0			0.1755	1.98821	0.06446	2.09528	0.19585	0.0		0.0			0.0	0.0	0.27082	1.09346	0.0		1.53656	1.49621	0.0		0.0	1.18595	0.14316	0.0	3.01149	1.02281	0.19566	0.0	2.95527	0.0	0.0		3.86646	0.0	13.0368	8.38376	2.58815		CIBERSORTx	prevail_cu_cfrna_220
0.0	0.0	0.0	0.72637	0.0	0.67358	3.3435	0.60419			0.55137	0.0	14.70932	0.0		0.10275	0.63576	0.0		0.0	5.80554		0.0	8.44532		1.24656	0.09828	3.49457	0.37992	0.00517		0.0	1.27566	0.41982	0.0	0.11155			0.95877	0.0			8.44353	0.0	0.0	0.0		0.67293		0.0	0.0			0.0		1.37169		0.0	0.0	0.35273	0.0		1.59632	0.0	0.0			0.0	0.3555	0.0	2.1302	0.37698	0.0		0.0			0.00999	0.0	0.66507	2.19061	0.08498		0.52694	1.4615	0.0		0.0	1.05343	0.0	0.0	4.95753	1.68782	0.0	0.24998	2.75155	0.04902	0.0		4.67059	0.0	15.16916	4.43102	1.15293		CIBERSORTx	prevail_cu_cfrna_205
0.0	0.0	0.0	0.17631	5.31396	8.01736	0.0	0.0			0.0	0.0	17.43881	0.26935		0.06153	0.0	0.0		0.05457	6.92617		0.0374	17.38198		0.07497	0.0	4.83942	0.0	0.0		0.0	1.35169	0.0	0.0	1.16412			0.00877	0.0			6.83009	0.0	0.0	0.0		0.55188		0.0	0.02422			0.0		0.03777		0.0	0.0	0.0	0.24844		0.135	0.0	0.00755			0.0	0.3079	0.0819	0.0014	0.07478	0.414		0.0			0.0	0.56473	0.00782	0.25116	0.0		0.84466	0.0	0.0		0.0	0.19373	0.0	0.0212	8.45362	3.54652	0.3322	0.5961	1.43658	0.09218	0.0		3.2693	0.0	7.93583	0.62303	0.0		CIBERSORTx	prevail_cu_cfrna_225
0.0	0.0	0.0	1.66476	1.2356	0.0	0.0	0.3224			0.44862	0.0027	14.54325	0.11942		0.03361	1.02861	0.0		0.94222	4.82328		0.0	25.70596		2.18864	0.39381	1.85284	0.25143	0.0		0.0	2.62583	0.8966	0.0	0.17628			0.91757	0.0			4.41943	0.00811	0.0	0.0		0.95375		0.0	0.0			0.0		0.0		0.0	0.0	0.0	0.0		2.27887	0.16102	0.05565			0.44544	1.20001	0.07588	1.52765	0.0	0.0		1.80791			0.0	0.0087	0.24373	0.0	0.0		0.61218	2.42784	0.0		0.0	0.89449	0.0	0.0	4.00357	1.55725	1.45029	0.0	3.65868	0.0	0.0		2.29875	0.0	6.77449	0.0	2.96288		CIBERSORTx	prevail_cu_cfrna_212
0.0	0.0	0.0	0.10083	0.0	0.0	1.13644	0.44868			0.7969	0.06142	22.83689	0.0		0.13372	0.93504	0.0		0.09526	3.5901		0.0	11.63091		0.7757	0.3732	2.24745	0.08716	0.06445		0.0	2.12214	0.67725	0.02766	0.32004			1.31702	0.0			6.07895	0.0	0.0	0.0		0.79263		0.0	0.37966			0.0		0.59608		0.0	0.0	0.17721	0.0		1.59679	0.18624	0.0			0.11283	1.88627	0.0	1.90619	0.68758	0.01616		0.0			0.03671	0.0	0.47351	2.56828	0.13684		1.40851	4.41133	0.0		0.0	0.75171	0.11194	0.0	4.80419	1.9547	0.21931	0.00571	2.92333	0.0	0.0		3.50313	0.0	8.5313	1.71823	2.24645		CIBERSORTx	prevail_cu_cfrna_203
0.0	0.0	0.0	1.07601	2.54511	0.93439	0.0	0.0699			0.0	0.0015	21.15752	0.30839		0.0	0.67577	0.0		0.0	5.59022		0.23578	10.62128		0.24563	0.0	0.0	0.06756	0.0		0.0	2.42572	0.0	0.03788	0.0			0.38873	0.0			11.75809	0.0	0.0	0.0		0.49957		0.00071	0.0			0.0		0.13007		0.0	0.0	0.0	0.80624		2.43188	1.79761	0.23494			0.0	0.0	0.0	1.38137	0.233	0.0		0.0			0.01479	0.0	0.02311	7.71316	0.0		1.99759	0.0	0.0		0.0	1.20999	0.0	0.0	1.55291	1.81084	0.39731	0.0	0.90865	0.0	0.0		4.38518	0.0	9.21366	5.11795	0.0		CIBERSORTx	prevail_cu_cfrna_221
0.0	0.0	0.0	1.07844	0.0	0.04448	0.0	0.0			1.06622	0.0	20.69647	0.0		0.05665	0.13864	0.0		0.0	3.38623		0.0	16.25605		0.40049	0.2051	3.58789	0.42819	0.0		0.0	1.83498	0.32884	0.0	0.0			0.64067	0.0			7.15488	0.0	0.0	0.0		0.80916		0.0	0.16891			0.0		0.88863		0.0	0.0	0.0	0.0		1.56514	0.0	0.02984			0.0	0.40829	0.08105	0.18595	0.22666	0.16964		0.0			0.00603	0.0	1.24659	7.13494	0.03573		0.0	2.53019	0.0		0.0	0.84863	0.08805	0.28618	1.75968	1.27252	0.26027	0.78853	2.2067	0.84712	0.0		4.19797	0.0	10.09383	4.10257	0.457		CIBERSORTx	prevail_cu_cfrna_209
0.0	0.0	0.0	0.0725	0.0	1.63806	0.0	0.0			0.0	0.00395	16.62168	0.0		0.0	0.34679	0.3037		0.06809	0.0		0.00391	39.21282		0.18892	0.20624	1.1946	0.54727	0.0		0.0	0.38797	0.55332	0.0	2.66618			0.08514	0.0			3.55185	0.01507	0.0	0.0		0.0		0.02236	0.0			0.0		0.0		0.0	0.40204	0.06525	0.0		1.68229	0.0	0.0			0.27148	0.45193	0.0	0.09301	0.00119	0.20659		0.0			0.0	1.41114	0.0	5.55034	0.06834		0.767	0.0	0.19126		0.0	0.23481	0.0	0.0	3.73	1.86671	0.2605	0.0	2.33516	0.0	0.0		2.92431	0.0	7.18938	1.85599	0.75085		CIBERSORTx	prevail_cu_cfrna_252
0.0	0.0	0.0	1.07273	0.0	0.0	0.12086	0.0			1.10939	0.00315	23.22245	0.0		0.0	0.47383	0.0		0.05029	4.50896		0.0	14.43152		0.11562	0.16893	3.23559	0.32438	0.04357		0.0	1.03057	0.48508	0.0	0.0			0.44139	0.0			7.2508	0.0	0.0	0.0		0.39617		0.0	0.04974			1.43671		0.46511		0.0	0.0	0.0	0.0		1.98409	0.0	0.01349			0.0	0.62492	0.09781	0.07165	0.0379	0.18421		0.0			0.0	0.0	1.79563	8.05534	0.05736		0.0	3.5645	0.0		0.0	1.0515	0.00682	0.26798	0.0	1.62068	0.21223	0.63643	1.94299	0.0	0.0		3.28136	0.0	9.42306	4.58956	0.04363		CIBERSORTx	prevail_cu_cfrna_320
0.0	0.0	0.0	0.84672	0.0	0.0	0.0	0.0			0.60947	0.0	12.68959	0.0		0.0	0.615	0.0		0.03931	3.80451		0.0	8.03728		0.91987	0.0	2.73866	0.0	0.00397		0.0	1.09483	1.1631	0.0	0.75462			1.44617	0.0			8.00939	0.0	0.0	0.0		0.34802		0.07194	0.88386			1.35356		0.0		0.0	0.0	0.25241	0.0		1.71476	0.0	0.0			0.0	0.35933	0.08202	0.07826	0.0	0.18574		0.0			0.0	0.0	0.83446	18.5393	0.01146		0.12362	0.0	0.0		0.0	0.70371	0.0341	0.0	3.97966	1.83025	0.03978	0.426	3.27691	0.0	0.0		4.54777	0.0	11.75946	4.98336	0.80783		CIBERSORTx	prevail_cu_cfrna_315
0.0	0.0	0.0	0.85882	0.0	0.0	2.84645	0.0			1.04712	0.0	15.38459	0.0		0.0	0.37823	0.0		0.0	1.38655		0.0	9.83197		0.2436	0.0	3.0183	0.02742	0.0		0.16399	1.06861	1.00526	0.0	1.50245			0.97312	0.0			9.7059	0.0	0.0	0.0		0.0		0.05859	0.29222			0.6038		0.61236		0.1455	0.1744	0.0	0.0		1.54904	0.0	0.04342			0.0	0.0	0.03368	0.35275	0.09013	0.18849		0.0			0.0	0.0	0.42525	12.50958	0.09767		0.0	3.85952	0.0		0.0	0.14811	0.11785	0.07183	1.54792	1.35231	0.12186	0.18785	0.30555	0.0	0.0		3.01061	0.0	16.30572	5.9597	0.3919		CIBERSORTx	prevail_cu_cfrna_289
0.0	0.0	0.0	0.7507	0.84775	0.89493	0.0	0.0			0.20947	0.0	15.50872	0.0		0.04049	0.98863	0.0		0.0	4.42933		0.0	5.07799		1.23377	0.11797	2.76331	0.07228	0.00784		0.0	0.97927	0.42875	0.0	1.13263			1.40487	0.0			9.80521	0.0	0.0	0.0		0.81556		0.0	0.12324			0.0		0.50909		0.0	0.0	0.0	0.0		1.43839	0.09099	0.0095			0.0	0.77304	0.08863	0.56256	1.32178	0.0		0.0			0.02857	0.0	1.1191	5.05063	0.0		1.02304	0.0	0.0		0.0	0.76344	0.05339	0.0	3.9451	1.65616	0.1339	0.54854	4.55403	0.0	0.0		8.38252	0.0	10.7783	8.37375	1.16287		CIBERSORTx	prevail_cu_cfrna_293
0.0	0.0	0.02392	0.00604	0.17657	0.0	0.12819	0.0			0.17836	0.00015	17.89862	0.97511		0.0	0.31758	0.0		1e-05	3.30066		0.0	17.29256		0.30223	0.04871	0.10002	0.0	0.00972		0.0	6.35869	0.0	0.0	3.9371			0.0	0.0			7.66294	0.00064	0.0	0.0		0.0		0.02365	0.33678			0.0		0.0		0.0	0.0	0.0	0.0		3.18884	0.0	0.02501			0.0	0.32811	0.0	0.59843	0.03975	0.0		0.0			0.00239	0.2832	0.14307	0.0	0.0		0.0	12.07904	0.0		0.0	1.98737	0.0	0.0	5.37553	0.79811	0.32692	0.46745	0.63718	0.0	0.0		0.4969	0.0	6.35793	7.73983	0.04669		CIBERSORTx	prevail_cu_cfrna_298
0.0	0.0	0.0	0.92017	0.0	0.0	0.09104	0.45304			0.84033	0.0	18.9786	0.0		0.08078	0.51331	0.0		0.0	4.37777		0.0	7.6624		0.90701	0.0	3.02243	0.0	0.0		0.0	1.42391	0.27845	0.0	1.10076			0.75897	0.0			11.20048	0.0	0.0	0.0		0.35804		0.05917	0.08319			0.0		0.25182		0.0	0.0	0.0	0.0		1.15273	0.0	0.0			0.0	0.07736	0.0	0.11376	0.07147	0.0		0.0			0.01096	0.0	0.77153	6.41636	0.04737		0.0	0.0	0.0		0.0	0.57735	0.19775	0.0	5.22904	1.71471	0.24943	0.6142	2.24527	0.0	0.0		5.81361	0.0	15.28156	4.82505	1.22882		CIBERSORTx	prevail_cu_cfrna_319
0.0	0.0	0.0	0.49796	0.0	2.73458	0.86652	1.13266			0.42391	0.0	15.80407	0.0		0.37962	0.5229	0.0		0.0	1.2046		0.0	6.44569		1.11121	0.03552	2.90024	0.18316	0.00667		0.0	1.36036	0.0	0.0	0.32101			0.9488	0.0			11.17856	0.0	0.0	0.0		0.86996		0.05715	0.09832			0.0		0.5948		0.0	0.0	0.13993	0.0		1.26451	0.0	0.0			0.0	0.6218	0.0	1.77406	1.42233	0.0		0.0			0.00665	0.0	0.40442	3.61289	0.04599		0.52709	0.71567	0.0		0.0	0.29358	0.0	0.0	9.10864	1.74058	0.02302	0.84445	3.44582	0.0	0.0		2.87615	0.0	14.91938	5.11968	1.41511		CIBERSORTx	prevail_cu_cfrna_301
0.0	0.0	0.0	1.43493	0.0	1.54566	0.49466	0.0			0.26412	0.0	12.14868	0.0		0.04355	0.34385	0.0		0.0	3.77699		0.0	13.11126		0.90398	0.0	3.10823	0.0	0.0		0.0	1.49761	0.6796	0.0	0.36792			1.41286	0.0			8.4832	0.0	0.0	0.0		0.40261		0.07997	0.28928			0.0		0.27872		0.0	0.0	0.0	0.0		1.70882	0.0	0.0			0.0	0.10262	0.14257	1.62242	1.29171	0.0		0.0			0.04796	0.0	0.24185	1.62212	0.0		0.13711	2.23228	0.0		0.0	0.3665	0.0	0.0	8.12736	1.82378	0.37024	0.75135	3.77166	0.0	0.0		5.57877	0.0	10.33796	7.83035	1.22492		CIBERSORTx	prevail_cu_cfrna_308
0.0	0.0	0.0	0.31241	0.0	0.0	0.0	0.0			0.37525	0.0	23.07456	0.07666		0.0	0.28521	0.0		0.0	2.13936		0.0	7.88396		1.12722	0.04584	2.6351	0.35113	0.00663		0.0	1.03868	0.90472	0.0	0.08803			0.43046	0.0			11.07072	0.0	0.0	0.0		0.38165		0.0564	0.00552			0.0		0.37908		0.0	0.0	0.0	0.0		2.54916	0.0	0.03724			0.01838	0.71171	0.07201	1.43948	0.21174	0.0		0.0			0.0	0.0	0.47349	4.68446	0.0		0.46845	3.7357	0.0		0.0	0.70443	0.0	0.0	3.80417	1.57665	0.0	0.26391	2.07249	0.0	0.0		5.36742	0.0	13.86091	3.78451	1.49509		CIBERSORTx	prevail_cu_cfrna_300
0.0	0.0	0.0	1.29744	0.0	0.17929	3.12007	0.0			0.26788	0.0	21.18964	0.0		0.01713	0.49196	0.0		0.03856	0.71064		0.0	15.04279		0.76165	0.0	3.24387	0.29723	0.0		0.24514	1.09208	1.02833	0.0	0.0			0.11503	0.0			5.96804	0.0	0.0	0.0		0.0		0.02431	0.20858			0.70124		0.11947		0.0	0.39276	0.0	0.0		1.78388	0.0	0.04732			0.0	0.62445	0.0	0.01245	0.00759	0.05815		0.0			0.0	0.32157	0.61651	9.75567	0.02386		0.0	2.77929	0.0		0.0	0.46742	0.1022	0.25619	4.05072	1.71089	0.30292	0.10029	0.16686	0.0	0.0		6.40315	0.0	9.07457	4.77468	0.00624		CIBERSORTx	prevail_cu_cfrna_263
0.0	0.0	0.43048	1.1948	0.10355	0.0	0.0	0.0			0.88677	0.00098	2.3573	0.66454		0.21013	0.97236	0.0		0.19018	2.66103		0.0	1.57658		1.69268	0.83597	0.28306	0.5847	0.0		0.0	2.37704	0.15457	0.0	9.33567			1.12821	0.0			12.58055	0.00034	0.0	0.0		0.11428		0.0	0.0			0.6217		0.0		0.0	0.0	0.0	1.0256		1.70241	0.1063	0.00276			0.08559	0.55465	0.0	0.39266	1.60236	0.77387		0.0			0.0	0.53217	0.0	25.32649	0.0		0.0	0.0	0.0		0.0	0.6549	0.0	0.0	2.47534	1.18933	1.08623	0.0	0.81401	0.0	0.23235		2.5111	0.0	12.1396	4.59596	1.23885		CIBERSORTx	prevail_cu_cfrna_76
0.0	0.0	0.0	0.50925	0.0	0.0	0.11139	0.0			0.80845	0.0	15.27589	0.0		0.0	0.15244	0.0		0.22578	1.63639		0.0	16.67799		1.23248	0.0	2.11936	0.24108	0.01527		0.0	1.18423	0.83136	0.0	5.50538			0.58751	0.0			6.13066	0.0	0.0	0.0		0.0		0.06374	0.11241			0.98819		0.382		0.0	0.27579	0.0	0.0		1.3255	0.0	0.07502			0.00232	0.08112	0.0	0.13322	0.15418	0.0513		0.0			0.0	0.0	0.20374	17.37248	0.06663		0.0	0.0	0.0		0.0	0.48107	0.01684	0.12403	1.97095	1.68082	0.1266	0.0	1.26234	0.0	0.0		3.41186	0.0	9.85515	5.98987	0.54791		CIBERSORTx	prevail_cu_cfrna_304
0.0	0.0	0.0	0.76067	0.0	0.0	0.0	0.0			0.91559	0.00272	14.31589	0.0		0.12982	0.54594	0.0		0.01719	5.27843		0.0	6.58246		0.57235	0.0	2.89948	0.2929	0.0		0.0	1.42849	1.60422	0.0	0.34366			1.15236	0.0			9.16778	0.0	0.0	0.0		0.06739		0.0	0.09115			0.86535		0.0		0.0	0.0	0.16576	0.0		2.49246	0.0	0.0			0.03114	0.2474	0.06419	0.52541	0.37941	0.0		0.0			0.0	0.0	0.30745	4.81957	0.01611		0.24483	4.27903	0.0		0.0	0.73626	0.0	0.07142	4.26295	1.12317	0.43883	0.0	1.63364	0.0	0.0		2.79872	0.0	15.77052	11.79489	0.763		CIBERSORTx	prevail_cu_cfrna_305
0.0	0.0	0.10038	0.25724	0.53762	1.38634	0.0	0.0			0.0	0.00141	7.22524	1.71583		0.44675	0.66968	0.0		0.25457	0.605		0.0	13.12732		1.02382	0.09969	0.27285	0.0	0.0		0.0	2.19206	0.44836	0.00027	10.11341			1.79562	0.0			11.77475	0.1135	0.0	0.0		0.0		0.01937	0.45876			0.96374		0.0		0.0	0.0	0.0	0.0		1.81947	0.0	0.03626			0.22628	0.62722	0.02318	0.0967	1.74956	0.34835		0.0			0.0	0.73254	0.0	5.99739	0.01338		0.77187	0.0	0.0		0.82312	0.36376	0.21926	0.0	4.93446	0.36002	0.46868	0.0	2.4251	0.0	0.0		0.38156	0.0	12.18441	8.10653	1.68731		CIBERSORTx	prevail_cu_cfrna_81
0.0	0.0	0.0	0.0	0.41258	0.0	1.75918	0.30519			0.56755	0.00758	22.06625	0.0		0.0	0.21452	0.0		0.10956	1.75104		0.10949	18.2101		0.0	0.26213	1.85268	0.62288	0.0		0.0	1.31203	0.96386	0.0	3.05521			0.96442	0.0			4.7805	0.0	0.0	0.0		0.0		0.03144	0.14778			0.45891		0.0		0.0	0.07313	0.0	0.0		2.10235	0.0	0.04848			0.37384	0.40067	0.09053	0.30461	0.69282	0.0		0.0			0.0	0.0	0.52675	15.08573	0.02878		0.0	0.0	0.0		0.0	0.42103	0.0	0.3885	1.49376	0.88598	0.20081	0.0	0.6746	0.0	0.0		4.36372	0.0	8.24361	3.63541	0.0		CIBERSORTx	prevail_cu_cfrna_82
0.0	0.0	0.0	0.47591	0.0	0.16648	1.94354	0.0			0.43982	0.0	20.92127	0.0		0.00724	0.28891	0.0		0.0	2.18677		0.0	13.53762		1.30954	0.05778	2.54249	0.0	0.00307		0.0	1.00151	1.1342	0.0	1.25209			0.81037	0.01931			6.84058	0.0	0.0	0.0		0.0		0.05147	0.0			0.90283		0.33042		0.0	0.0608	0.0	0.0		2.11459	0.0	0.09509			0.06794	0.76366	0.0	0.06062	0.41643	0.0		0.53276			0.0	0.07049	0.47125	20.78175	0.06037		0.0	0.0	0.0		0.0	0.89751	0.14214	0.17458	1.94563	1.20976	0.17077	0.0	0.59779	0.0	0.0		5.85936	0.0	3.4289	3.75689	0.09771		CIBERSORTx	prevail_cu_cfrna_83
0.0	0.0	0.0	2.01894	1.10983	0.4451	0.0	0.0			0.70946	0.0	16.65848	0.0		0.0	1.36173	0.0		0.0	9.0759		0.0	5.57216		0.83363	0.0	2.50024	0.0	0.0		0.0	1.8967	1.20893	0.0	0.44177			1.54425	0.0			7.81373	0.0	0.0	0.0		0.0		0.0	0.0			0.39797		0.69447		0.0	0.26059	0.0	0.0		2.0398	0.0	0.0			0.0	0.47721	0.0	1.20554	1.37409	0.0		0.0			0.01429	0.0	0.71347	8.31117	0.09108		0.08102	0.0	0.0		0.0	0.63273	0.46745	0.0	1.80053	1.47452	0.49409	0.0	1.79937	0.0	0.0		8.02951	0.0	8.07214	7.40037	0.97774		CIBERSORTx	prevail_cu_cfrna_260
0.0	0.0	0.0	0.33419	0.0	0.91242	0.0	0.32349			0.3019	0.04103	27.03697	0.0		0.0	0.22833	0.0		0.00536	2.52957		0.10836	42.98491		0.34391	0.00143	1.40716	0.09635	0.0		0.0	1.2483	0.1846	0.0	0.04872			0.0377	0.0			1.53532	0.0	0.0	0.0		0.0		0.00633	0.0			0.79537		0.0		0.0	0.0	0.00685	0.0		1.23235	0.0	0.0			0.27957	0.23641	0.0028	1.12636	0.19382	0.00186		0.0			0.0	0.0	0.0	0.06324	0.04466		3.52636	0.0	0.0		0.16288	0.53189	0.0424	0.0	1.86466	1.52205	0.10922	0.0	1.4158	0.0	0.00309		2.48613	0.0	3.20423	1.33494	0.0967		CIBERSORTx	prevail_cu_cfrna_226
0.0	0.0	0.0	0.87247	0.0	0.0	0.0	0.0			0.70979	0.00354	16.91607	0.0		0.18792	0.17667	0.0		0.0792	4.01073		0.0	6.15724		0.0	0.05424	2.72262	0.32759	0.01042		0.0	1.24138	1.12236	0.0	0.17813			0.52916	0.0			10.62844	0.0	0.0	0.0		0.73071		0.08267	0.26554			0.16803		0.41778		0.0	0.0	0.24538	0.0		1.97082	0.39248	0.0			0.14367	1.06422	0.07407	0.70994	0.82845	0.10615		0.0			0.0	0.0	0.41918	1.06557	0.0		0.09242	6.64296	0.0		0.0	0.7986	0.0	0.0	5.28635	1.83219	0.16623	0.0	2.35575	0.0	0.0		5.15853	0.0	11.9163	8.92893	2.2091		CIBERSORTx	prevail_cu_cfrna_321
0.0	0.0	0.0	2.28629	0.30454	4.71609	0.0	0.0			0.0	0.0	17.11798	0.0		0.0	0.72105	0.0		0.0	8.63442		0.0	5.04319		1.85042	0.16034	4.58796	0.0	0.00586		0.0	1.30582	0.63343	0.0	0.0			1.86294	0.0			8.43577	0.0	0.0	0.0		0.45328		0.0	0.0			0.0		0.99727		0.0	0.0	0.0	0.0		0.71644	0.0	0.10679			0.0	0.87353	0.10235	0.17832	0.02518	0.00358		0.0			0.03215	0.0	1.73806	1.2611	0.01225		0.09211	0.0	0.0		0.0	1.22348	0.0	0.0	4.29487	1.62758	0.0	0.0	4.51575	0.0	0.0		10.23606	0.0	9.33294	2.88355	1.62727		CIBERSORTx	prevail_cu_cfrna_307
0.0	0.0	0.0	0.62264	0.15933	0.77674	0.0	0.0			0.5129	0.0	16.20582	0.0		0.0	1.11065	0.0		0.0	5.99406		0.00982	8.15618		0.85067	0.0	3.78073	0.0	0.0		0.0	1.56943	2.28482	0.0	0.15243			1.59847	0.0			9.19868	0.0	0.0	0.0		0.09132		0.07719	0.43674			0.46804		0.00041		0.0	0.0	0.0	0.0		1.86601	0.0	0.09166			0.0	0.0	0.14497	0.60234	0.76426	0.12894		0.0			0.00979	0.0	0.56864	9.23181	0.08102		0.60233	0.0	0.0		0.0	1.3293	0.0	0.0	4.38096	1.67032	0.58738	0.13361	4.13576	0.0	0.0		5.84913	0.0	4.09724	8.71179	0.95566		CIBERSORTx	prevail_cu_cfrna_313
0.0	0.0	0.0	1.21153	3.43096	4.94589	0.0	1.12668			0.0	0.0	12.89554	0.0		0.0	0.65358	0.0		0.0	7.90308		0.0	3.85896		2.28224	0.0	4.34096	0.0	0.0		0.0	1.882	0.32544	0.0	0.0			0.96264	0.0			9.62277	0.0	0.0	0.0		0.33956		0.0	0.07409			0.0		0.88311		0.0	0.0	0.0	0.0		1.31591	0.0	0.194			0.0	0.45663	0.09199	0.01876	0.71333	0.0		0.0			0.02039	0.0	2.13884	6.3352	0.00143		0.0	0.0	0.0		0.0	0.8209	0.07054	0.0	3.8281	1.39734	0.13641	0.0	1.57966	0.66403	0.0		12.84373	0.0	7.11048	3.08794	0.43537		CIBERSORTx	prevail_cu_cfrna_258
0.0	0.0	0.0	0.98272	0.0	0.08055	1.92716	0.0			1.12888	0.0	17.92164	0.0		0.0	0.31647	0.0		0.49491	0.69419		0.0054	16.81955		0.24726	0.02636	2.20314	0.20628	0.00055		0.18492	1.05225	0.07541	0.0	0.47952			0.68999	0.0			7.42453	0.0	0.0	0.0		0.0		0.0439	0.04437			0.057		0.48779		0.05125	0.22714	0.0	0.0		1.35633	0.0	0.07194			0.0	0.0	0.0	0.0	0.0	0.04118		0.0			0.0	0.0	0.77524	22.91103	0.03468		0.0	0.0	0.38118		0.0	0.09157	0.153	0.08851	2.66782	1.58945	0.33876	0.86806	0.38604	0.58157	0.0		3.71598	0.0	7.01573	2.71721	0.34157		CIBERSORTx	prevail_cu_cfrna_318
0.0	0.0	0.0	0.62122	0.0	0.0	0.0	0.0			1.11829	0.0	23.09722	0.25141		0.12491	0.33201	0.0		0.29842	2.77027		0.0	10.59394		1.19709	0.17983	2.23993	0.13965	0.0		0.0	2.91248	1.08014	0.0	0.0			0.93604	0.12411			14.16432	0.39514	0.0	0.0		0.0		0.0	0.08253			0.0		0.07955		0.0	0.09507	0.0	0.0		3.3909	0.0	0.07807			0.01504	0.66306	0.0	0.01166	0.0	0.70244		0.60729			0.00172	0.0	0.98232	5.30983	0.03492		0.63883	0.71045	0.0		0.0	0.6653	0.35351	0.0	1.78316	1.64851	0.48077	0.0	1.33964	0.0	0.0		3.84805	0.0	6.79309	6.59889	0.50899		CIBERSORTx	prevail_cu_cfrna_303
0.0	0.0	0.0	0.47274	0.0	0.0	1.56093	0.0			0.31112	0.02755	19.73444	0.0		0.0	0.15906	0.05736		0.11228	0.5818		0.02892	26.16437		0.0	0.15266	1.75743	0.0	0.00512		0.0	0.65629	0.30683	0.00599	0.0			0.09855	0.0			6.51919	0.0	0.0	0.0		0.0		0.00156	0.20911			0.0		0.23698		0.0	0.11481	0.0	0.0		1.33789	0.0	0.03356			0.02316	0.37252	0.0	0.01087	0.6042	0.00175		0.0			0.0	0.0	0.28815	15.54897	0.04584		0.0	0.13371	0.0		0.0	0.52555	0.0	0.07473	3.7642	1.98261	0.06726	0.0	1.2664	0.0	0.06855		2.1608	0.0	9.80404	2.3518	0.25832		CIBERSORTx	prevail_cu_cfrna_95
0.0	0.0	0.0	1.11963	0.0	0.49745	1.70219	0.0			0.10867	0.0	22.06717	0.0		0.0	0.53395	0.0		0.0	4.98766		0.01107	15.89082		1.49804	0.0	3.98374	0.0	0.00059		0.0	1.48042	0.59535	0.0	0.0			0.99612	0.0			10.68176	0.0	0.0	0.0		0.0		0.05522	0.00063			0.33587		1.00631		0.0	0.01959	0.0	0.0		1.3029	0.0	0.09949			0.0	0.12082	0.0	0.05786	0.3502	0.05966		2.06971			0.00754	0.0	1.5405	7.04119	0.09305		0.0	0.0	0.0		0.0	0.8567	0.0	0.06562	1.53387	1.63676	0.10718	0.49662	2.66315	0.34575	0.0		6.92305	0.0	3.13077	1.92537	0.0		CIBERSORTx	prevail_cu_cfrna_280
0.0	0.0	0.0	0.52253	0.0	0.0	0.0	0.0			1.16191	0.0	15.11492	0.0		0.0	0.44757	0.0		0.0	2.86413		0.0	6.50951		0.33831	0.01457	2.98074	0.33203	0.0		0.0	1.73033	1.03795	0.0	0.87573			0.52589	0.0			11.3278	0.0	0.0	0.0		0.0		0.06573	0.1149			0.0		0.62729		0.0	0.19303	0.0	0.0		1.19234	0.0	0.0			0.20636	0.0957	0.0	0.06677	0.0	0.02377		0.0			0.0	0.0	0.34794	10.82524	0.05691		0.0077	0.0	0.0		0.0	0.64587	0.00666	0.1378	0.0	1.10554	0.45236	0.50185	0.63337	0.0	0.0		4.55317	0.0	17.17591	14.83588	0.344		CIBERSORTx	prevail_cu_cfrna_317
0.0	0.0	0.07925	0.4234	0.0	2.93892	4.43429	0.0			0.44446	0.0	15.38668	0.0		0.0	0.58518	0.0		0.25755	0.07124		0.0	3.25376		1.35879	0.0	1.25323	0.46168	0.00839		0.0	1.13427	0.32355	0.0	1.85467			0.01109	0.0			6.35971	0.00038	0.0	0.0		0.50679		0.0	0.06173			0.0		0.0		0.0	0.0	0.0	0.19799		0.61485	0.0	0.0			0.0	0.09921	0.0	0.0	0.05406	0.10578		0.0			0.00911	0.86522	0.0	2.43296	0.0		0.39734	8.21403	0.0		0.0	1.09382	0.0	0.0	8.47404	1.34312	0.06383	1.20505	1.66608	0.0	0.0		4.62043	0.0	17.91244	7.79755	1.62405		CIBERSORTx	prevail_cu_cfrna_310
0.0	0.0	0.0	0.77409	0.0	1.15458	0.0	0.0			1.12725	0.00269	14.45501	0.0		0.18121	0.79813	0.0		0.05157	6.25799		0.0	8.53887		0.57818	0.0	4.01158	0.0462	0.0		0.0	2.39674	1.11692	0.0	0.0			2.27166	0.0			9.69964	0.0	0.0	0.0		0.60886		0.0	0.18456			1.97932		0.43797		0.0	0.0	0.22399	0.0		1.03267	0.0	0.0			0.20922	0.23136	0.05876	0.47166	0.96694	0.33294		0.0			0.0	0.0	0.80187	3.42615	0.02496		0.65127	3.8331	0.0		0.0	1.22315	0.0	0.0	0.98827	1.43117	0.70424	1.54317	3.80343	0.0	0.0		4.48706	0.0	11.12179	4.08378	1.676		CIBERSORTx	prevail_cu_cfrna_309
0.0	0.0	0.0	0.43711	0.0	1.0917	4.23143	0.0			0.26207	0.0	18.60047	1.26496		0.0	0.40542	0.0		0.0	2.25571		0.0	6.88797		1.44025	0.01826	2.2686	0.43772	0.00475		0.0	1.30568	0.79039	0.0	0.0			1.32258	0.0			10.9976	0.0	0.0	0.0		0.65895		0.37099	0.0			0.0		0.60255		0.0	0.0	0.0	0.0		1.27874	0.0	0.0			0.0	0.54291	0.0	2.41303	0.06656	0.0		0.66591			0.01306	0.0	0.39323	1.85784	0.13573		0.0	0.87666	0.0		0.0	0.55756	0.0	0.0	4.91444	1.45673	0.21689	0.0	2.81535	0.0	0.0		3.94073	0.0	12.02591	8.11423	2.05932		CIBERSORTx	prevail_cu_cfrna_201
0.0	0.0	0.0	0.40736	0.0	2.21394	0.0	0.0			0.49555	0.00468	21.19934	0.0		0.0	0.16117	0.0		0.0	0.50196		0.0	18.48		0.0	0.06294	2.4362	0.32465	0.02421		0.0	0.70406	0.6331	0.0	1.63504			0.64298	0.0			6.48446	0.0	0.0	0.0		0.0		0.01751	0.13573			0.0		0.09825		0.0	0.23071	0.03634	0.0		1.78867	0.0	0.0			0.00272	0.11014	0.0	0.08875	0.30819	0.0		0.0			0.0	0.0	0.62089	12.48606	0.06657		0.38188	0.0	0.44174		0.0	0.31259	0.10205	0.0	3.49145	2.10354	0.0	0.74744	2.79307	0.0	0.0		3.24407	0.0	10.00634	2.8213	1.15234		CIBERSORTx	prevail_cu_cfrna_290
0.0	0.0	0.14235	0.0	5.86213	0.0	0.04403	0.0			0.23436	0.02219	29.81838	0.0		0.04482	0.0	0.0		0.13142	2.48347		0.0	7.54863		1.51777	0.0	2.55545	0.13736	2e-05		0.0	0.3996	0.0	0.0	0.16883			0.22338	0.0			2.61091	0.0	0.0	0.0		0.28169		0.23761	2.29886			0.0		0.49786		0.0	0.0	0.0	0.81576		0.0	0.0	0.00199			0.0	1.05499	0.0	0.0	0.35752	0.0		0.0			0.00811	0.0	0.25614	1.15222	0.07539		0.0	1.61588	0.0		0.0	0.00014	0.12547	0.0	5.88848	2.74898	0.01613	0.43993	0.16551	0.0876	0.0		2.08134	0.0	18.01664	7.47917	0.35153		CIBERSORTx	prevail_cu_cfrna_222
0.0	0.0	0.0	1.65688	0.0	0.0	0.57451	0.0			0.37017	0.00457	21.47903	0.40601		0.14391	0.00127	0.0		0.44953	3.83596		0.0	3.6365		0.70266	0.0	2.16952	0.0	0.0		0.0	1.42431	1.37059	0.0	0.73289			0.30699	0.0			10.69119	0.0	0.0	0.0		0.92994		0.05872	0.18344			0.70631		0.20812		0.0	0.0	0.0	0.0		2.48504	0.3121	0.0			0.0	1.06188	0.0	0.68056	0.02687	0.0		0.0			0.0	0.37182	0.89724	5.10574	0.0		0.57905	4.07097	0.0		0.0	1.20062	0.0	0.0	2.96783	0.76307	0.47176	0.0	1.71402	0.0	0.0		4.09078	0.0	11.4805	8.53105	1.14609		CIBERSORTx	prevail_cu_cfrna_108
0.0	0.0	0.0	0.56426	0.0	1.50991	2.02856	0.0			0.82882	0.00224	12.2433	0.08454		0.02934	0.56174	0.0		0.39747	2.94275		0.0	16.35521		0.79539	0.34241	2.21629	0.20286	0.0		0.0	2.02025	0.0	0.0	0.62632			0.9971	0.0			7.04035	0.0	0.0	0.0		1.03418		0.0	0.07606			0.0		0.0		0.0	0.0	0.0	0.0		2.25358	0.03681	0.05685			0.20353	1.23135	0.06624	1.06945	0.34179	0.09997		0.0			0.0	0.0	0.0	1.32638	0.0		0.28833	2.43537	0.02115		0.0	0.75676	0.25482	0.0	9.57361	1.26719	0.37548	0.2258	2.97327	0.0	0.0		3.7869	0.0	13.05842	3.19542	2.20216		CIBERSORTx	prevail_cu_cfrna_294
0.0	0.0	0.0	0.17326	0.43943	0.0	0.0	2.01422			0.8618	0.01284	21.53335	0.75701		0.0	0.33339	0.0		0.17275	1.59226		0.05241	0.11658		2.1587	0.76307	1.35325	0.66242	0.10318		0.28079	1.58354	0.5143	0.014	4.19484			0.84458	0.0			9.69384	0.0	0.0	0.0		0.99663		0.0	0.01784			0.0		0.0		0.0	0.0	0.0	0.0		1.96645	4.17862	0.13686			0.0	1.87038	0.13684	3.06097	0.26101	0.09984		0.0			0.0	0.0	1.55184	0.0	0.0		2.18656	8.85799	0.0		0.0	0.61439	0.0	0.0	4.9954	0.99254	0.0	0.78267	0.61091	0.0	0.0		4.56263	0.0	7.78247	1.18068	2.93066		CIBERSORTx	prevail_cu_cfrna_127
0.0	0.0	0.0	0.19399	0.0	0.76283	0.8988	0.55726			0.55684	0.0	16.00231	0.0		0.0	0.21451	0.0		0.0	1.21417		0.0	6.16364		0.60523	0.0	3.10286	0.23694	0.00726		0.0	1.41336	2.03629	0.0	0.21658			0.57181	0.0			9.07515	0.00552	0.0	0.0		0.97786		0.09469	1.13869			0.0		1.26671		0.0	0.0	0.0	0.0		1.50459	0.0	0.0914			0.03791	0.79841	0.10185	1.84082	0.05362	0.0		0.0			0.00226	0.0	0.68916	5.19688	0.0		0.19429	0.05825	0.0		0.0	1.03626	0.0	0.0	4.17051	1.56907	0.0	0.0	1.65548	0.0	0.0		5.76205	0.0	16.11884	10.18713	1.61791		CIBERSORTx	prevail_cu_cfrna_287
0.0	0.0	0.0	0.12442	0.49791	0.0	0.0	0.0			0.99244	0.00543	15.68581	0.0		0.0	0.11365	0.0		0.32654	1.58688		0.0	0.07446		1.29121	0.05054	1.25239	0.25458	0.01037		0.0	1.514	0.94055	0.0	3.07714			0.64467	0.0			11.58739	0.0	0.0	0.0		0.0		0.15906	0.0			0.39961		0.0		0.0	0.0	0.26083	0.0		3.12755	0.29373	0.0			0.12366	0.37829	0.07511	2.85205	0.07194	0.0		0.0			0.0	0.0	0.72029	1.43005	0.0		0.79417	7.12861	0.0		0.0	0.68228	0.0	0.0	7.2079	1.5693	0.00073	0.22137	1.56167	0.0	0.0		5.66284	0.0	15.24407	7.45941	2.54512		CIBERSORTx	prevail_cu_cfrna_137
0.0	0.0	0.0	0.35117	0.67249	0.0	0.30695	0.0			0.70559	0.00248	13.00017	0.49179		0.11053	0.24942	0.0		0.0	1.34256		0.0	0.17257		2.09439	0.40709	1.673	0.24598	0.00952		0.0	1.44905	0.52098	0.0	2.42533			0.57526	0.0			12.15608	0.0	0.0	0.0		0.62604		0.0	0.0			0.0		0.0		0.0	0.0	0.0	0.0		1.39659	0.0	0.02688			0.00034	0.63451	0.09783	3.6686	0.26395	0.03863		0.0			0.01135	0.0	0.42815	0.15182	0.0		0.56139	9.37989	0.0		0.0	0.70992	0.0	0.0	7.6725	1.64938	0.0	0.71157	1.97256	0.0	0.0		4.34569	0.0	16.1673	9.05637	1.46634		CIBERSORTx	prevail_cu_cfrna_119
0.0	0.0	0.0	0.42454	1.78026	2.67386	0.0	0.0			0.0	0.00325	18.37572	0.04805		0.00111	0.54673	0.0		0.0	7.70032		0.0	2.2847		1.45847	0.0	2.15279	0.25576	0.01191		0.0	1.30627	0.48008	0.0	0.0			0.22558	0.0			9.10987	0.0	0.0	0.0		0.30916		0.0	0.0			0.0		0.44901		0.0	0.0	0.0	0.0		0.58346	2.9572	0.02345			0.0	0.78747	0.1558	0.5878	0.14398	0.0		0.0			0.00996	0.0	0.76825	11.68615	0.0		1.34876	0.32352	0.0		0.0	0.84503	0.0	0.0	3.09434	1.06599	0.0	0.76903	0.66346	0.0	0.0		9.34685	0.0	10.97478	3.74779	0.5195		CIBERSORTx	prevail_cu_cfrna_282
0.0	0.0	0.0	0.46088	0.0	0.0	0.0	0.0			1.10789	0.0	15.21146	0.12509		0.05301	0.34661	0.0		0.0	2.28888		0.0	0.70707		1.19296	0.3746	2.27471	0.1049	0.01266		0.0	1.31797	0.97944	0.0	2.40947			1.36611	0.0			13.70402	0.0	0.0	0.0		0.249		0.0	0.07845			0.51855		0.12483		0.0	0.0	0.0	0.0		1.69205	0.0	0.07294			0.0	0.79206	0.08746	3.67353	0.05692	0.0		0.0			0.0129	0.0	0.4175	2.22736	0.0		0.33991	5.24731	0.0		0.0	1.02104	0.0	0.0	5.57955	1.70289	0.07886	0.054	1.68818	0.0	0.0		5.22124	0.0	14.72897	8.13476	2.16206		CIBERSORTx	prevail_cu_cfrna_291
0.0	0.0	0.0	0.3429	0.0	0.0	0.0	0.0			0.80782	0.01309	26.31124	0.7555		0.0	0.59735	0.0		0.17832	2.54899		0.0	0.15664		1.17921	0.39798	1.23509	0.09338	0.0		0.1658	1.22476	1.00631	0.0	2.7399			1.61408	0.0			9.24875	0.0	0.0	0.0		1.28154		0.0	0.50018			0.0		0.86196		0.0	0.0	0.0	0.0		2.3078	1.9431	0.08662			0.0	0.94445	0.12542	1.77437	0.0	0.0		0.46332			0.03453	0.0	0.37036	0.0	0.0		1.07113	7.44942	0.0		0.0	0.49737	0.0	0.0	3.09231	0.76115	0.17951	0.0	0.35066	0.01951	0.0		6.88567	0.0	10.70622	5.31812	2.35816		CIBERSORTx	prevail_cu_cfrna_284
0.0	0.0	0.13022	0.35011	0.50184	0.0	2.35018	0.0			0.56383	0.00288	11.64222	2.10713		0.0	0.19404	0.0		0.0	0.74507		0.0	0.19666		1.60767	0.38954	0.53098	1.54368	0.0109		0.0	1.17579	0.5556	0.0	0.8439			0.86157	0.0			18.48778	0.0	0.0	0.0		0.6255		0.0	0.0			0.0		0.0		0.0	0.0	0.0	0.0		0.84493	0.0	0.0503			0.0	0.34904	0.08844	1.52969	1.31749	0.01046		0.0			0.01979	0.0	0.165	0.0	0.0		1.12226	6.52016	0.0		0.0	0.58855	0.0	0.0	5.95295	1.48414	0.28088	0.66921	0.73914	0.0	0.0		2.22359	0.0	18.83032	9.41029	2.38628		CIBERSORTx	prevail_cu_cfrna_124
0.0	0.0	0.0	0.35881	1.03532	0.0	0.03877	0.0			0.68414	0.0	16.15884	0.41109		0.22051	0.33885	0.0		0.0	1.66113		0.0	0.0		1.16778	0.5434	1.97923	0.0	0.01212		0.07062	1.552	1.1016	0.0	2.08182			1.11967	0.0			12.0889	0.0	0.0	0.0		0.0		0.0	0.0			0.0		0.05344		0.0	0.0	0.0	0.0		2.17753	0.0	0.0			0.0	0.77692	0.09577	3.28146	0.37554	0.0		0.0			0.00876	0.0	0.4507	0.0108	0.0		0.65574	8.95878	0.0		0.0	0.71126	0.0	0.0	5.10263	1.8028	0.03085	0.0	0.96962	0.0	0.0		4.63609	0.0	13.94171	11.43207	1.90293		CIBERSORTx	prevail_cu_cfrna_146
0.0	0.0	0.0	0.85119	0.48322	0.0	0.0	1.48416			1.57436	0.00245	13.44233	0.40917		0.30372	1.2031	0.0		0.25949	1.83677		0.0	3.28411		1.99784	0.2792	2.44853	1.70712	0.0		0.40873	2.38082	1.13534	0.0	0.58011			0.60331	0.0			9.15644	0.0	0.0	0.0		0.90635		0.0	0.0			0.35676		0.0		0.22233	0.0	0.0	0.0		4.18064	2.6401	0.26475			0.04353	0.98739	0.09636	3.34309	0.00785	0.02828		0.0			0.11002	0.0	0.6452	0.0	0.0		1.40734	8.63031	0.0		0.0	1.76347	0.69815	0.0	6.59065	0.95069	0.61517	0.09144	0.81139	0.0	0.0		3.52314	0.0	6.87793	5.8151	2.56106		CIBERSORTx	prevail_cu_cfrna_12
0.0	0.0	0.0	0.25034	0.61693	0.0	0.0	0.0			0.7778	0.00268	13.52755	1.2429		0.0	0.03643	0.0		0.05978	2.388		0.0	0.0		1.03598	0.2871	1.36483	0.25704	0.00599		0.0	1.47967	0.4932	0.0	1.16336			0.47114	0.0			13.61902	0.0	0.0	0.0		0.40995		0.0	0.0			0.06007		0.0		0.0	0.0	0.0	0.0		2.18191	0.0	0.06346			0.0	0.3288	0.06522	3.33067	0.0	0.0128		0.0			0.00475	0.0	0.41773	0.0	0.0		0.72439	10.3511	0.0		0.0	0.75548	0.0	0.0	7.36857	1.30582	0.03537	0.68262	3.14639	0.0	0.0		4.14603	0.0611	13.48681	9.22309	2.75817		CIBERSORTx	prevail_cu_cfrna_120
0.0	0.0	0.0	0.20418	0.65461	0.0	1.97694	2.27645			0.34352	0.0	15.17515	1.54634		0.22457	0.05052	0.0		0.0	1.63318		0.0	1.33793		1.47454	0.03844	1.07963	0.0	0.0243		0.0	0.72735	0.18679	0.0	0.96359			0.62607	0.0			15.51923	0.0	0.0	0.0		0.02242		0.07018	0.27785			0.0		0.0		0.0	0.0	0.0	0.0		1.36726	0.0	0.0509			0.0	0.0	0.08618	1.29897	1.00003	0.0		0.0			0.01052	0.0	0.0	0.22226	0.0		1.52319	2.77582	0.0		0.0	0.19654	0.0	0.0	5.84298	1.8344	0.20084	0.81913	1.53291	0.0	0.0		2.00141	0.0	19.05864	12.12624	1.61797		CIBERSORTx	prevail_cu_cfrna_136
0.0	0.0	0.0	0.91304	0.0	0.0	1.53217	0.0			0.51527	0.0	17.88763	0.0		0.0	0.25538	0.52398		0.0	1.60736		0.0	6.74201		1.18277	0.0	2.88231	0.396	0.01629		0.0	1.00254	0.97353	0.0	0.28247			0.58835	0.0			12.21846	0.0	0.0	0.0		0.82005		0.08248	0.09141			0.0		0.45091		0.0	0.0	0.07968	0.0		1.20869	0.0	0.0			0.0	0.88934	0.09349	0.3759	0.15561	0.02671		0.0			0.00553	0.0	0.55744	9.57193	0.03658		0.02246	1.61718	0.0		0.0	0.68189	0.0	0.0	1.69165	1.52886	0.0	0.0	1.94599	0.0	0.0		3.01559	0.0	18.44292	6.12085	0.96731		CIBERSORTx	prevail_cu_cfrna_285
0.0	0.0	0.0	0.47658	1.1751	0.0	0.0	0.0			0.36097	0.13076	20.83196	0.15238		0.0	0.07515	0.0		0.0	1.07446		0.11438	0.0		0.94333	0.1021	1.23623	0.09289	0.12118		0.13296	0.69366	0.42654	0.28921	0.97337			0.0	0.0			17.40889	0.12184	0.0	0.0		0.25346		0.05957	0.16024			0.0		0.0		0.00606	0.0	0.0	0.0		1.44938	0.32451	0.15186			0.0	0.47885	0.06869	1.45377	0.2024	0.19121		0.0			0.00088	0.0	0.40012	1.74543	0.05264		1.24658	11.15708	0.0		0.0	0.35738	0.04195	0.0	4.87607	1.5565	0.0	0.10661	0.0	0.0	0.1265		4.30641	0.13903	17.45457	3.84647	0.85184		CIBERSORTx	prevail_cu_cfrna_125
0.0	0.0	0.0	0.1035	0.6935	0.0	0.61724	1.05957			1.36364	0.00776	13.35828	0.25557		0.0712	0.3188	0.0		0.0	2.59362		0.0	0.0		0.54644	0.45394	1.93231	0.43048	0.0114		0.35797	1.14459	1.25769	0.0	1.36637			0.86771	0.0			11.37046	0.0	0.0	0.0		0.49439		0.0	0.0			0.0		0.0		0.11107	0.0	0.17747	0.0		3.24222	0.0	0.0			0.1023	0.83691	0.08794	2.92356	0.08766	0.0		0.0			0.0	0.0	0.80103	0.0	0.0		0.8065	12.15153	0.0		0.0	0.93129	0.0	0.0	5.71815	1.4402	0.10116	0.0	0.44228	0.0	0.0		4.59463	0.0	15.12268	7.28964	2.35536		CIBERSORTx	prevail_cu_cfrna_129
0.0	0.0	0.0195	0.07973	0.18914	0.0	0.0	0.0			0.0	0.0	25.88978	0.07124		0.0	1.81401	0.0		0.00022	10.6296		0.07233	5.70432		0.37125	0.0	0.0	0.06007	0.0		0.0	0.64825	0.0	0.02039	0.77668			0.98289	0.0			10.43931	0.0	0.0	0.0		0.12719		0.00034	0.02574			0.0		0.03656		0.0	0.0	0.12962	0.1442		0.0	0.0	0.0			0.0	0.19769	0.0	0.0	0.06391	0.0714		0.0			0.00903	0.03305	0.14732	0.0	0.06038		0.0	4.96568	0.0		0.0	0.22034	0.00192	0.0	2.38475	3.69211	0.00189	0.2003	0.13769	0.0	0.0		2.02782	0.0	5.59975	21.9246	0.02802		CIBERSORTx	prevail_cu_cfrna_295
0.0	0.0	0.0	0.11766	0.0	0.0	1.17161	0.0			0.19937	0.001	21.0054	0.0		0.07438	0.72535	0.0		0.01038	1.39764		0.0	21.98754		0.04383	0.0	3.97521	0.0	0.0		0.01039	0.37388	0.04704	0.0	0.64567			0.0	0.0			13.54721	0.0	0.0	0.0		0.07432		0.0607	0.0			0.0		0.08068		0.00452	0.0	0.20257	0.0		0.32791	0.0	0.0			0.0	0.0	0.0	0.0	0.0829	0.0		0.0			0.00345	0.0	0.29379	6.96291	0.00526		0.69181	0.0	0.0		0.0	0.01638	0.0	0.0	1.16872	0.85066	0.108	1.15825	0.13233	1.06386	0.0		1.70769	0.00923	9.04954	10.61094	0.0		CIBERSORTx	prevail_cu_cfrna_292
0.0	0.0	0.0	0.67931	0.07756	0.0	0.0	0.0			0.62811	0.0	17.38418	0.00462		0.0	0.16332	0.0		0.0	3.92238		0.0	0.0		1.26458	0.0	1.44945	0.0	0.00868		0.0	1.55631	0.98985	0.0	2.37764			0.64733	0.0			9.4021	0.0	0.0	0.0		0.12981		0.10634	0.0			0.0		0.03029		0.0	0.0	0.1968	0.0		2.50243	0.0	0.0			0.0	0.83138	0.03128	2.75664	0.08076	0.0		0.0			0.01079	0.0	0.52818	0.3128	0.0		0.32237	11.49324	0.0		0.0	0.54375	0.0	0.0	7.38908	1.26769	0.15628	0.24154	1.23182	0.0	0.0		5.6538	0.0	12.89174	8.6977	2.0381		CIBERSORTx	prevail_cu_cfrna_141
0.0	0.0	0.00044	0.49279	0.02246	0.0	0.0	0.0			0.02567	0.0005	21.70501	0.30468		0.0	0.59491	0.0		0.0	2.11221		0.0	0.00594		0.49004	0.06417	0.8797	0.05639	0.00018		0.06681	0.47684	0.09697	0.0	3.40342			0.24499	0.0			13.52539	0.00128	0.0	0.0		0.02024		0.00361	0.13387			0.59366		0.0		0.0	0.0	0.02902	0.0		0.2755	0.0	0.0			0.07987	0.14145	0.00025	1.06903	0.0	0.14356		0.0			0.0	0.0	0.49525	3.30735	0.01781		0.0	5.33816	0.0		0.0	0.1991	0.07005	0.00305	8.99737	1.6022	0.03007	0.54079	0.0	0.0	0.0		5.13144	0.02279	21.02998	5.80337	0.35037		CIBERSORTx	prevail_cu_cfrna_126
0.0	0.0	0.0	0.63563	1.80477	0.0	0.0	0.0			1.11692	0.00346	14.10385	0.48622		0.0	0.31976	0.0		0.0	2.21622		0.0	0.0		1.35583	0.09356	1.86697	0.2356	0.00741		0.0	1.4903	1.15928	0.0	0.72145			0.40249	0.0			13.34289	0.09411	0.0	0.0		0.27816		0.0	0.0			0.09891		0.34681		0.0	0.0	0.08131	0.0		2.95285	0.47355	0.0			0.0	0.81101	0.06772	3.40114	0.92882	0.0		0.0			0.0	0.0	0.2921	0.0	0.0		0.91099	10.20662	0.0		0.0	0.76785	0.0	0.0	2.74885	0.79199	0.13684	0.0	0.89906	0.0	0.0		5.56893	0.0	15.05487	9.55122	2.17367		CIBERSORTx	prevail_cu_cfrna_114
0.0	0.0	0.0	0.0	0.0	0.46202	2.53152	0.0			0.0	0.00221	15.80001	0.43447		0.16271	1.50159	0.0		0.22012	3.92632		0.0	4.07058		1.10387	0.49741	1.03889	0.01803	0.0		0.0	0.76884	1.02558	0.0	0.50828			0.12484	0.0			10.70006	0.09276	0.0	0.0		0.28459		0.0823	2.83105			0.0		0.0		0.0	0.0	0.0	0.0		1.7465	3.33619	0.14611			0.35404	1.35781	0.04652	0.01854	0.60148	0.0		0.0			0.0	0.17956	0.16393	0.0	0.0		2.32259	6.40452	0.0		0.0	1.36342	0.0	0.0	0.64206	1.45115	0.59266	0.0	0.35636	0.0	0.0		6.78599	0.13706	15.22968	7.07774	1.49804		CIBERSORTx	prevail_cu_cfrna_24
0.0	0.0	0.04365	0.0	0.61541	0.0	0.19793	0.76955			0.68167	0.0	16.5227	1.49424		0.41693	0.0	0.0		0.0	0.64617		0.0	0.93047		2.77628	0.03813	1.28632	0.72333	0.00784		0.0	1.29242	0.01105	0.0	2.09094			0.34931	0.0			14.94479	0.0	0.0	0.0		0.88753		0.06527	0.0			0.0		0.0		0.0	0.0	0.0	0.0		1.97347	0.0	0.0			0.0	0.13523	0.077	2.63257	1.31614	0.00369		0.0			0.01028	0.0	0.23674	0.0	0.0		0.9116	6.32559	0.0		0.0	0.32521	0.0	0.0	6.5349	2.48059	0.18829	0.45624	0.71206	0.0	0.0		4.74146	0.0	15.28159	7.39499	1.4704		CIBERSORTx	prevail_cu_cfrna_130
0.0	0.0	0.0	0.87281	0.64497	1.54956	0.0	0.0			0.0	0.0	16.55051	0.34548		0.00662	0.79692	0.0		0.44243	3.94288		0.0	12.27704		2.08626	0.05267	2.75465	0.57626	0.0		0.0	3.39662	0.0	0.0	0.0			0.85592	0.0			10.63645	0.0	0.0	0.0		0.46918		0.0	0.01295			0.0		0.2118		0.0	0.0	0.0	0.0		0.68373	0.0	0.03807			0.0	0.19449	0.02088	0.27089	1.39625	0.5257		0.0			0.00865	0.0	0.99211	3.19704	0.0		0.25255	0.35676	0.0		0.0	0.56091	0.00277	0.0	5.75916	1.70188	0.36215	0.48501	2.15936	0.0	0.0		10.50904	0.0	8.05958	2.26808	1.71296		CIBERSORTx	prevail_cu_cfrna_296
0.0	0.0	0.0	0.0	0.0	0.36543	0.0	0.0			0.10121	0.06556	15.28722	0.0		0.59953	0.24566	0.0		0.06886	5.93404		0.0	0.0		1.25156	0.0	1.18652	0.0	0.00979		0.0	0.44552	3.7653	0.0	5.83916			0.78263	0.0			5.28616	0.0	0.0	0.0		1.75524		0.0	0.0			0.41239		0.0		0.0	0.0	0.0	0.0		2.79041	3.61349	0.00761			0.19761	0.0	0.98886	0.34088	0.0	0.0		0.0			0.0	0.0	0.0581	0.0	0.0		1.80713	9.34089	0.0		0.0	0.0	0.0	0.0	6.56542	1.12493	0.0	0.73888	0.20549	1.06654	0.0		3.59296	0.0	16.94954	6.71279	0.49668		CIBERSORTx	prevail_cu_cfrna_138
0.0	0.0	0.0	0.683	0.0	0.0	0.53402	0.0			0.46864	0.0	18.48498	0.0		0.0	0.54383	0.16885		0.0	2.84312		0.0	11.03573		0.92114	0.04767	4.04369	0.23636	0.00523		0.0	1.01196	0.88474	0.0	0.0			0.48188	0.0			10.31503	0.0	0.0	0.0		1.38188		0.07459	0.76575			0.0		0.62864		0.0	0.0	0.0	0.0		1.4556	0.0	0.0019			0.0	0.7159	0.09787	0.42942	0.68725	0.04548		0.0			0.00667	0.0	0.9235	3.47648	0.01671		0.45637	1.63309	0.0		0.0	0.53996	0.0	0.0	3.07808	1.35401	0.0717	0.0	2.96096	0.0	0.0		3.83257	0.0	15.88556	5.42335	1.34686		CIBERSORTx	prevail_cu_cfrna_299
0.0	0.0	0.0	0.27848	0.76784	0.0	1.25306	0.0			0.92411	0.0	13.27983	0.56899		0.0	0.50599	0.0		0.1185	0.55791		0.0	0.12984		1.26292	0.06247	1.94833	0.14429	0.00984		0.0	1.13345	1.08446	0.0	0.84929			0.22449	0.0			14.88276	0.0	0.0	0.0		0.38773		0.04525	0.0			0.0		0.13964		0.0	0.0	0.15082	0.0		2.06607	0.0	0.0			0.0	0.21499	0.06815	3.35592	0.83204	0.0		0.0			0.00935	0.0	0.45689	0.0	0.0		0.31981	7.79098	0.0		0.0	0.6314	0.0	0.0	5.49482	1.49117	0.14114	0.0	0.99491	0.0	0.0		3.70699	0.0	18.65081	11.48446	1.57984		CIBERSORTx	prevail_cu_cfrna_132
0.0	0.0	0.0	0.69776	0.0452	0.0	0.05489	0.0			1.19364	0.0	19.15684	0.0		0.0	0.40933	0.0		0.0	4.34095		0.0	0.0		0.7799	0.0	2.3446	0.0	0.0073		0.0	1.01536	1.93982	0.0	1.31102			1.11717	0.0			9.14355	0.0	0.0	0.0		0.13545		0.01045	0.0			0.0		0.0		0.0	0.0	0.0	0.0		2.15605	0.0	0.0			0.0	0.0	0.0	1.57428	0.12686	0.0		0.0			0.00757	0.0	0.44922	0.58268	0.04149		0.49977	5.67689	0.0		0.0	0.88242	0.0	0.0	5.74661	1.46591	0.00051	0.14608	1.73399	0.0	0.0		5.14486	0.0	15.61305	12.97159	1.47693		CIBERSORTx	prevail_cu_cfrna_139
0.0	0.0	0.0	0.21208	0.04973	0.0	0.0	1.27634			2.66048	0.00211	16.75491	1.26941		0.1204	0.17214	0.0		0.13304	1.38831		0.01344	0.23567		1.35364	0.40836	1.19966	0.0	0.01826		0.13757	1.20665	0.98323	0.0	0.83129			0.74305	0.0			16.80392	0.0	0.0	0.0		0.7029		0.0	0.0			0.0		0.0		0.09988	0.0	0.0	0.0		3.328	0.51936	0.09532			0.0	1.03148	0.06436	2.22101	0.07743	0.0		0.0			0.0187	0.0	1.06091	0.0	0.0		1.81074	7.85821	0.0		0.0	0.68902	0.16798	0.0	6.42492	1.20445	0.0	0.0	0.72831	0.0	0.0		4.30151	0.0	11.10051	6.30351	2.2178		CIBERSORTx	prevail_cu_cfrna_128
0.0	0.0	0.0	0.51401	0.57363	0.0	0.0	0.0			0.59173	0.00379	15.98958	0.64371		0.0	0.43269	0.0		0.0	1.33521		0.0	0.44477		1.58221	0.07356	1.46777	0.44469	0.01546		0.0	1.45491	0.70381	0.0	3.22161			1.68545	0.0			12.20514	0.0	0.0	0.0		0.42859		0.0	0.0			0.0		0.0		0.0	0.0	0.0	0.0		2.0645	0.40267	0.04952			0.0	0.74922	0.07593	3.26405	0.10333	0.0		0.0			0.00362	0.0	0.58686	1.93079	0.0		1.17294	6.81094	0.0		0.0	0.83581	0.0	0.0	7.00606	1.56231	0.0	0.24736	1.33307	0.0	0.0		4.31811	0.0	14.15037	7.67447	1.84575		CIBERSORTx	prevail_cu_cfrna_121
0.0	0.0	0.0	0.04834	0.20189	0.0	0.0	0.0			0.18113	0.00779	11.07099	0.93889		1.37894	0.0	0.0		0.02344	4.7124		0.0	1.48811		1.52572	0.03305	0.73339	0.00783	0.0		0.0	2.73017	0.0	0.78536	0.06303			1.32451	0.0			16.64634	0.0	0.0	0.0		2.04103		0.0	1.67518			0.0		0.0		0.0	0.0	0.0	0.0		0.61979	12.54799	0.17974			0.66504	1.1156	0.01265	0.69023	0.0	0.0		0.03029			0.0	0.0	0.6193	0.67708	0.0		2.1377	4.66583	0.0		0.0	0.6681	0.65434	0.0	5.04133	1.52679	0.18379	1.08785	0.44055	0.0	0.0		6.54483	0.0	9.50815	0.97409	1.79142		CIBERSORTx	prevail_cu_cfrna_42
0.0	0.0	0.0	0.19141	0.0	0.0	0.04884	0.0			1.47407	0.00732	15.66399	0.20958		0.0	0.37148	0.0		0.10466	3.93201		0.0	0.0		1.72855	0.15574	1.96966	0.28376	0.01061		0.0	0.69213	1.81334	0.0	1.5031			0.67641	0.0			11.29739	0.0	0.0	0.0		0.11557		0.0	0.0			0.0		0.0		0.0	0.0	0.26295	0.0		2.34393	1.00316	0.0			0.16893	0.9596	0.08348	3.12557	0.47622	0.0		0.0			0.0	0.0	0.7052	0.72994	0.0		0.60396	11.03017	0.0		0.0	0.69403	0.0	0.0	4.40153	1.38665	0.23509	0.0	2.26137	0.0	0.0		4.33583	0.0	13.92759	6.16681	2.84835		CIBERSORTx	prevail_cu_cfrna_147
0.0	0.0	0.0	0.03321	0.0965	0.0	0.28657	0.0			0.9875	0.0	23.53176	1.26595		0.11388	0.32675	0.0		0.0	1.26174		0.0	0.0		2.07429	0.03831	1.124	0.57058	0.0		0.0	1.09811	0.38423	0.0	1.2536			0.4208	0.0			15.14278	0.0	0.0	0.0		0.41818		0.02671	0.05511			0.0		0.10038		0.0	0.0	0.0	0.0		1.17289	0.0	0.05971			0.0	0.15217	0.08295	1.68314	0.96144	0.0		0.0			0.00841	0.0	0.22252	0.0	0.0		0.75182	3.4395	0.0		0.0	0.73614	0.0	0.0	4.08823	1.73345	0.23421	1.40029	1.45243	0.0	0.0		3.84818	0.0	16.70827	8.95402	1.69931		CIBERSORTx	prevail_cu_cfrna_140
0.0	0.0	0.0	0.41853	0.0981	0.0	2.37511	0.0			0.99124	0.00126	13.20539	0.41291		0.0	0.37307	0.0		0.0	1.09279		0.0	0.33834		1.15633	0.42188	1.56	0.4534	0.01763		0.0	1.64037	0.805	0.0	1.98526			0.81569	0.0			14.69296	0.0	0.0	0.0		0.11699		0.0	0.0			0.0		0.0		0.0	0.0	0.0	0.0		1.77131	0.0	0.0			0.04577	0.58327	0.09481	2.86248	0.61814	0.03395		0.0			0.00077	0.0	0.43334	0.0	0.0		1.21725	7.29277	0.0		0.0	0.83863	0.0	0.0	4.66365	1.92166	0.0	0.22746	1.45546	0.0	0.0		3.53968	0.0	16.79226	10.58952	2.04556		CIBERSORTx	prevail_cu_cfrna_135
0.0	0.0	0.0	0.35167	1.00102	0.0	0.0	0.0			0.74733	0.02692	17.20906	0.7536		0.21992	0.44416	0.0		0.0	0.50381		0.01736	1.38539		1.50409	0.43006	1.33905	0.51145	0.03179		0.0	1.79638	0.86333	0.0763	1.70131			0.76274	0.0			14.16071	0.0	0.0	0.0		0.93429		0.0	0.10593			0.53121		0.18369		0.0	0.0	0.0	0.0		1.4871	2.19083	0.06433			0.01101	0.93499	0.10975	2.89409	0.09678	0.0		0.0			0.0	0.0	1.00666	0.66807	0.0		0.94219	10.90012	0.0		0.0	0.72954	0.0	0.0	5.16189	1.90213	0.0	0.0	0.38002	0.0	0.0		4.70348	0.0	11.54033	3.64167	3.04243		CIBERSORTx	prevail_cu_cfrna_286
0.0	0.0	0.0	0.73551	0.59763	0.0	0.0	1.58455			0.89612	0.00465	14.89995	0.0		0.26725	0.4973	0.0		0.2505	4.73127		0.0	0.10905		1.0321	0.0	2.0725	0.0	0.01868		0.0	1.01803	0.64	0.0	2.52164			0.39251	0.0			10.01247	0.0	0.0	0.0		0.38153		0.1129	0.0			0.42971		0.0		0.0	0.0	0.29828	0.0		2.78929	0.0	0.0			0.0	0.34576	0.08071	2.968	0.07838	0.0133		0.0			0.01503	0.0	0.37105	0.0	0.0		1.35665	6.78454	0.0		0.0	0.7065	0.0	0.0	3.55888	1.47089	0.0	0.69003	2.58489	0.0	0.0		6.31126	0.0	14.78987	9.12417	2.45665		CIBERSORTx	prevail_cu_cfrna_131
0.0	0.0	0.0	0.63295	0.73318	0.0	0.0346	0.0			0.7253	0.00685	17.3926	0.22174		0.06671	0.19281	0.0		0.0	1.3227		0.0	0.3611		1.63587	0.33254	1.61952	0.01267	0.00904		0.05306	1.04315	0.83222	0.0	1.32927			0.76549	0.0			15.05578	0.0	0.0	0.0		0.36139		0.0	0.0			0.07621		0.0		0.0	0.0	0.0	0.0		1.91693	0.0	0.04466			0.0	0.606	0.08253	3.04879	0.18579	0.0		0.0			0.01552	0.0	0.59171	0.0	0.0		0.6084	6.80075	0.0		0.0	0.79501	0.0	0.0	3.75892	1.53134	0.06441	0.07957	1.49077	0.0	0.0		5.1912	0.0	16.89627	8.82025	2.65443		CIBERSORTx	prevail_cu_cfrna_142
0.0	0.0	1.28229	0.0	0.98525	0.0	0.0	0.0			0.18422	0.0	12.23627	0.1156		0.0	0.29642	0.0		0.08182	2.33079		0.01999	0.0		0.17049	0.34091	0.44666	0.0	0.0		0.0	1.13846	0.61837	0.0	0.80109			0.0	0.40778			18.94246	0.0	0.0	0.0		0.30277		0.0	0.0			0.0		0.0		0.0	0.0	0.23478	0.0		1.50841	2.33873	0.0			0.0	0.53913	0.0	5.31164	0.0	0.0		0.0			0.00825	0.0	8.08462	1.30695	0.1008		0.76974	0.0	0.35861		0.0	0.0	0.0	0.0	3.95581	1.05069	0.09879	0.16876	0.76458	0.0	0.0		5.12556	0.0	10.68109	13.63176	3.25965		CIBERSORTx	prevail_cu_cfrna_118
0.0	0.0	0.0	0.57953	0.22885	0.0	0.15554	0.0			1.16541	0.00618	15.18471	0.22197		0.04769	0.44088	0.0		0.0	3.13182		0.0	0.32475		0.41789	0.28052	1.69617	0.10279	0.00442		0.12631	1.62686	0.84968	0.0	2.93042			0.96774	0.0			10.97788	0.0	0.0	0.0		0.68321		0.0423	0.0			1.44177		0.0		0.0	0.0	0.0	0.0		2.19664	0.0	0.06823			0.0	0.58114	0.04922	2.18041	0.07689	0.0		0.0			0.00769	0.0	0.44248	0.0	0.0		1.36684	9.87985	0.0		0.0	0.8243	0.0	0.0	2.96749	1.45242	0.04899	0.0531	0.9462	0.0	0.0		4.54982	0.0	18.22167	8.04389	2.40746		CIBERSORTx	prevail_cu_cfrna_109
0.0	0.0	0.0	0.2527	0.66462	0.33077	0.78726	0.0			0.54188	0.00898	6.846	1.53281		0.0	0.59446	0.0		0.0	0.48895		0.0	0.40031		2.18973	0.08847	2.09743	0.70734	0.0		0.01185	1.83391	0.86923	0.0	0.0			0.0	0.0			17.71892	0.01753	0.0	0.0		2.19783		0.01254	0.26743			0.0		0.72239		0.0	0.0	0.0	0.0		1.47111	3.85785	0.11187			0.0	1.18134	0.09326	1.36761	0.1383	0.38675		0.0			0.01209	0.0	1.72361	2.56374	0.01401		2.89513	10.30124	0.0		0.0	0.49398	0.0	0.0	2.01502	1.61617	0.26001	0.0	0.5531	2.36016	0.0		3.4956	0.0	9.8161	10.014	2.0746		CIBERSORTx	prevail_cu_cfrna_110
0.0	0.0	0.0	0.45195	0.0	0.0	0.0	0.0			1.02186	0.0	16.22015	0.0		0.0	0.32935	0.0		0.12552	2.68852		0.0	2.9219		2.96699	0.10786	3.28079	0.65762	0.01511		0.0	1.25391	0.8035	0.0	3.03197			0.28536	0.0			12.33139	0.0	0.0	0.0		1.39424		0.09953	0.47705			0.0		2.4624		0.0	0.0	0.0	0.0		2.63302	1.31463	0.0			0.0	0.21548	0.18766	2.18466	0.36209	0.0		0.10891			0.04071	0.0	0.54232	1.25553	0.0		1.81117	4.87323	0.0		0.0	1.2507	0.0	0.0	1.57878	1.2195	0.17288	0.0719	0.67479	0.0	0.0		5.81148	0.0	13.48496	4.9985	2.28013		CIBERSORTx	prevail_cu_cfrna_112
0.0	0.0	0.0	0.07195	0.09594	0.0	0.0	0.0			0.61139	0.01169	19.78469	0.71272		0.0	0.38304	0.0		0.06084	1.28122		0.0	0.0		2.17359	0.58737	1.55889	0.65793	0.02766		0.0	0.84105	1.52814	0.0	5.37201			1.12856	0.0			9.07958	0.0	0.0	0.0		0.30495		0.0	0.0			0.0		0.0		0.0	0.0	0.0	0.0		2.98127	0.71256	0.13041			0.23108	1.22349	0.09554	2.19707	0.0	0.0		0.0			0.0062	0.0	0.61395	0.17364	0.0		1.64673	8.0327	0.0		0.0	1.15797	0.0	0.0	6.86383	1.53005	0.0	0.0	1.38409	0.0	0.0		5.48763	0.0	11.24783	4.87072	3.14		CIBERSORTx	prevail_cu_cfrna_166
0.0	0.0	0.0	0.29682	0.81344	0.0	3.07207	0.0			0.52398	0.13069	18.12508	1.34367		0.0	0.68423	0.0		0.0	1.49428		0.0	0.29355		1.67395	0.35816	1.54616	0.09906	0.01956		0.09146	1.39	0.91423	0.0	2.2158			0.59397	0.0			10.59414	0.0	0.0	0.0		0.20687		0.0	0.0			0.0		0.0		0.0	0.0	0.0	0.0		1.81899	0.0	0.07643			0.0	0.17218	0.0	2.97574	0.10187	0.0		0.0			0.00984	0.0	0.36385	0.0	0.00556		0.6729	5.9414	0.0		0.0	0.94109	0.0	0.0	3.22659	1.45076	0.08846	0.5401	0.69916	0.0	0.0		4.88936	0.0	18.22489	8.13856	3.18111		CIBERSORTx	prevail_cu_cfrna_159
0.0	0.0	0.0	0.0	0.32217	0.0	0.0	0.0			1.17404	0.00233	16.28843	0.29099		0.98686	0.36713	0.0		0.0	2.29377		0.0	0.0		1.0439	0.35913	1.56643	0.65087	0.01283		0.0	1.28202	0.50849	0.0	0.75924			1.06044	0.0			15.82707	0.0	0.0	0.0		0.62261		0.0	0.0			0.0		0.0		0.0	0.0	0.0	0.0		2.04143	0.0	0.0			0.26909	0.59543	0.07862	4.09287	0.14823	0.0		0.0			0.0	0.0	0.46381	0.0	0.0		1.15231	8.17226	0.0		0.0	0.57399	0.0	0.0	4.35551	1.25438	0.0	0.39548	1.37136	0.0	0.0		4.72453	0.0	14.87229	8.03418	1.98551		CIBERSORTx	prevail_cu_cfrna_167
0.0	0.0	0.0	0.5706	1.28671	0.0	2.97191	0.0			0.20995	0.0	20.5193	1.70714		0.0	0.41794	0.0		0.0	1.97623		0.0	0.0		1.49988	0.12095	1.14962	0.05472	0.00534		0.26463	1.00259	0.76395	0.0	0.69539			0.55977	0.0			14.80426	0.0	0.0	0.0		0.19394		0.0	0.0			0.0		0.0		0.0	0.0	0.0	0.0		1.95801	0.0	0.0			0.0	0.0	0.0	0.98518	1.0568	0.0		0.0			0.00885	0.0	0.0	0.0	0.04903		0.53964	2.92518	0.0		0.0	0.34346	0.0	0.0	4.72916	1.19618	0.19129	0.68395	0.92099	0.0	0.0		2.83315	0.0	21.30762	7.5658	1.93089		CIBERSORTx	prevail_cu_cfrna_150
0.0	0.0	0.0	0.33854	0.0	0.0	0.0	1.56063			0.88029	0.06741	15.10031	0.62854		0.06416	0.31839	0.0		0.24981	3.28252		0.0	0.0		1.49133	0.527	1.65023	0.10029	0.06229		0.0	1.34599	1.21694	0.0	2.95303			1.08453	0.0			10.90255	0.0	0.0	0.0		0.28948		0.0	0.0			0.0		0.0		0.0	0.0	0.06743	0.0		2.64631	0.6229	0.0			0.0	0.83534	0.03435	3.0331	0.08906	0.08024		0.0			0.02495	0.0	0.73478	0.40487	0.08044		0.93869	9.51786	0.0		0.0	0.84505	0.0	0.0	6.70107	1.16846	0.10473	0.29882	2.27299	0.0	0.02892		3.46333	0.0	11.60101	7.09883	3.19222		CIBERSORTx	prevail_cu_cfrna_169
0.0	0.0	0.0	0.76308	0.89431	0.0	0.02543	0.0			0.99309	0.02217	11.66662	0.66514		0.25921	0.33549	0.0		0.17863	3.09723		0.0	0.48233		1.3901	0.46188	1.23973	0.20009	0.02803		0.0	1.65918	1.19151	0.02044	2.43134			0.58792	0.0			15.64357	0.0	0.0	0.0		0.14311		0.0	0.0			0.02318		0.0		0.0	0.0	0.0	0.0		2.61613	0.0	0.01196			0.05984	0.79698	0.10081	3.01197	0.53631	0.04721		0.0			0.01536	0.0	0.35115	0.0	0.0		0.23058	10.85097	0.0		0.0	0.79568	0.0	0.0	3.7466	1.67573	0.46499	0.14429	1.54643	0.0	0.0		3.58533	0.0	13.44405	8.95204	2.61277		CIBERSORTx	prevail_cu_cfrna_162
0.0	0.0	0.0	0.26891	0.0	0.34182	0.0	0.0			0.64241	0.00723	17.73532	0.72266		0.0	0.35803	0.0		0.0	1.93783		0.0	0.0		2.20628	0.69972	1.07641	0.46935	0.00823		0.0	1.15941	1.51853	0.0	0.93963			0.68029	0.0			11.62547	0.0	0.0	0.0		0.0		0.0	0.0			0.0		0.06052		0.0	0.0	0.0	0.0		3.01601	0.43626	0.0372			0.0	0.8306	0.09382	4.2102	0.23218	0.0		0.0			0.00262	0.0	0.61867	0.0	0.0		1.0168	11.33703	0.0		0.0	0.814	0.0	0.0	4.14779	1.45751	0.05966	0.23753	0.24673	0.0	0.0		4.15825	0.0	13.7473	8.08487	2.75695		CIBERSORTx	prevail_cu_cfrna_151
0.0	0.0	0.0	0.30144	0.09302	0.85737	0.0	1.29977			1.39888	0.0	15.51163	1.90982		0.12566	0.35614	0.0		0.0	1.82727		0.01766	2.23102		2.43546	0.09895	1.78488	0.98664	0.0104		0.0	2.17018	0.46272	0.0	0.62684			0.61812	0.0			12.82733	0.0	0.0	0.0		2.72369		0.09723	0.09952			1.93512		0.10124		0.0	0.0	0.0	0.0		1.46295	0.79182	0.02409			0.0	0.80091	0.0	3.0519	1.57332	0.0		0.0			0.0	0.0	0.91618	0.46694	0.01408		0.42081	10.44974	0.0		0.0	0.34784	0.22325	0.0	5.1385	1.43516	0.0	0.0	0.39399	0.05368	0.0		6.64367	0.0	9.28838	0.57268	3.02214		CIBERSORTx	prevail_cu_cfrna_170
0.0	0.0	0.0	0.89645	1.4048	0.0	0.67306	2.04626			0.6003	0.0	24.66348	0.0		0.0	1.34528	0.0		0.14667	2.6705		0.0	0.0		0.59884	0.0	0.02759	0.0	0.00632		0.0	0.0	0.0	0.0	2.92805			0.96665	0.0			8.68445	0.0	0.0	0.0		0.04482		0.0	0.0			0.0		0.0		0.0	0.0	0.69056	1.21274		0.76886	0.0	0.0			0.0	0.0	0.0	2.57412	0.0	0.0		0.0			0.0163	0.0	0.18042	0.0	0.08086		1.01803	6.59211	0.0		0.0	0.17402	0.0	0.0	8.06398	0.14075	0.04007	1.31797	1.26953	0.0	0.0		2.32959	0.0	13.14722	12.32792	0.35143		CIBERSORTx	prevail_cu_cfrna_148
0.0	0.0	0.0	1.3926	0.52847	0.0	1.74189	0.67162			0.91233	0.00426	13.50379	0.0		0.0	0.28293	0.0		0.33302	2.07159		0.0	0.0		0.68755	0.10828	1.57837	0.48323	0.01838		0.18719	1.09297	0.86077	0.0	2.31062			1.1268	0.0			14.51061	0.0	0.0	0.0		0.57203		0.0	0.0			0.0		0.0		0.0	0.0	0.0	0.0		2.47469	0.0	0.00937			0.0	0.49634	0.0665	3.42199	0.16194	0.0		0.0			0.00785	0.0	0.69683	0.0	0.0		0.52263	8.52355	0.0		0.0	0.8159	0.0	0.0	4.73122	1.31655	0.0	0.11975	0.74335	0.0	0.0		3.96736	0.0	13.74786	10.81916	2.37788		CIBERSORTx	prevail_cu_cfrna_149
0.0	0.0	0.0	0.78308	1.0413	0.0	2.77287	0.0			0.65089	0.0	16.67994	0.00454		0.14836	0.26315	0.0		0.0	2.06408		0.0	0.0		0.80317	0.09884	1.69921	0.03206	0.00766		0.14912	1.08383	1.02864	0.0	1.02366			0.07241	0.0			10.34569	0.0	0.0	0.0		0.0		0.0	0.0			0.0		0.0		0.0	0.0	0.3089	0.0		1.9979	0.0	0.0			0.0	0.05863	0.15354	2.19834	0.02722	0.0		0.0			0.00967	0.0	0.7256	0.47446	0.0		0.94262	7.09691	0.0		0.0	0.91736	0.0	0.0	3.83195	2.12537	0.0	0.66015	1.75484	0.0	0.0		3.52529	0.0	19.67786	10.46429	2.2966		CIBERSORTx	prevail_cu_cfrna_164
0.0	0.0	0.0	0.2275	0.27706	0.0	0.55623	1.24672			0.46358	0.0	18.55823	1.13728		0.14427	0.11549	0.0		0.0	1.66024		0.0	1.76758		2.30621	0.05476	0.93593	0.0	0.01197		0.0	1.45013	0.55084	0.0	1.69743			0.70689	0.0			13.61605	0.0	0.0	0.0		0.13351		0.08898	0.0			0.0		0.0		0.0	0.0	0.0	0.0		2.0193	0.0	0.06959			0.03982	0.29095	0.10719	1.83772	0.94756	0.0		0.0			0.00178	0.0	0.32958	0.0	0.0		1.16453	7.82801	0.0		0.0	0.47075	0.0	0.0	4.18597	1.66452	0.20823	0.64934	0.85463	0.0	0.0		2.7827	0.0	14.93689	9.20234	2.7017		CIBERSORTx	prevail_cu_cfrna_165
0.0	0.0	0.08046	0.01439	0.64435	0.0	1.28893	0.0			0.05382	0.33208	28.19429	0.17887		0.28782	0.81915	0.0		0.52714	0.70629		0.01672	1.87967		0.0	0.0	2.08397	0.0	0.19835		0.50562	0.33645	1.11264	0.41442	5.43407			0.78383	0.0			4.39052	0.02685	0.0	0.0		0.86502		0.00065	0.3419			1.08404		0.44807		0.0	0.0	0.0	0.0		0.39083	0.0	0.26508			0.0	0.29131	0.0	0.37469	0.0	0.0		0.0			0.23615	0.03026	0.76721	4.09429	0.46087		0.18262	0.0	0.0		0.0	0.0	0.0	0.18459	2.5292	1.82241	0.03398	0.14641	0.0	0.0	0.3287		9.02788	0.71096	17.76517	6.74056	0.56646		CIBERSORTx	prevail_cu_cfrna_171
0.0	0.0	0.0	0.18227	0.0	0.0	0.0	0.0			0.81221	0.03091	16.60169	0.98857		0.38252	0.05178	0.0		0.0	1.36916		0.0	1.87048		2.46431	0.46808	1.31377	0.31674	0.01711		0.0	2.3479	0.52914	0.0	0.81945			0.081	0.0			14.61638	0.0	0.0	0.0		1.41326		0.0	0.34944			0.29853		0.14219		0.0	0.0	0.0	0.0		1.31813	1.32467	0.0			0.0	1.10251	0.08664	2.13736	0.37057	0.0		0.0			0.01035	0.0	0.57755	0.0	0.23257		2.46266	12.3335	0.0		0.0	1.01867	0.0	0.0	3.79669	1.4192	0.0	0.19968	1.6395	0.0	0.0		5.50233	0.0	10.43923	4.04027	2.521		CIBERSORTx	prevail_cu_cfrna_152
0.0	0.0	0.33043	0.0	0.17488	0.40852	1.91894	0.0			0.50382	0.01116	29.76349	0.00573		0.0	0.49749	0.16188		0.0	0.0		0.00198	18.56105		0.04479	1.35719	0.92289	0.7215	0.0		0.0	0.97924	1.53636	0.0	1.0188			0.18478	0.0			5.64027	0.33281	0.0	0.0		0.37448		0.17944	0.0			0.0		1.84171		0.0	1.41794	0.0	0.0		2.48571	0.0	0.13239			0.0	0.14841	0.0	0.0181	0.0	0.16671		0.0			0.00222	0.02796	0.14113	1.86365	0.08042		0.09853	5.62564	0.0		0.0	0.0	0.0	0.0	1.64004	1.70546	0.27319	0.0	0.53893	0.0	0.0		3.9617	0.68175	8.75571	2.41075	0.35001		CIBERSORTx	prevail_cu_cfrna_174
0.0	0.0	0.0	0.0	0.0	1.03226	0.0	0.0			0.04004	0.0	4.05895	0.13373		0.01114	0.0	0.0		0.0	0.0		0.0	0.96272		0.5027	0.15218	0.12893	0.0	0.00512		0.0	1.08483	0.0	0.00132	1.401			1.77024	0.0			24.42139	0.0	0.0	0.0		0.02201		0.08298	0.00687			0.42348		0.49688		0.0	0.0	0.0	0.0		0.09977	0.0	0.02088			0.0	0.0	0.0	0.0	2.2379	0.0		0.0			0.00093	0.10168	0.01898	1.64981	0.00768		0.47828	0.25114	0.0		2.41273	0.44872	0.0	0.0	10.26083	1.49044	0.03778	0.38583	0.37551	1.00662	0.04369		0.17257	0.0	16.81493	24.69533	0.24922		CIBERSORTx	prevail_cu_cfrna_181
0.0	0.0	0.0	1.16982	0.0	0.0	0.0	0.0			0.71871	0.00286	16.9282	0.0		0.0	0.18072	0.0		0.17896	4.71343		0.0	2.74488		0.01905	0.2677	2.6922	0.0	0.00564		0.0	1.76885	1.11491	0.0	3.80486			0.45824	0.0			8.33245	0.0	0.0	0.0		0.11483		0.0	0.02605			0.68659		0.97883		0.0	0.0	0.0	0.0		3.84242	0.43984	0.10462			0.0304	0.17749	0.08557	1.83501	0.1648	0.0		0.0			0.00232	0.0	0.95397	5.64128	0.0		0.60605	0.04632	0.0		0.0	1.4543	0.0	0.0	2.79339	1.80264	0.21403	0.0	2.9344	0.0	0.0		9.29398	0.0	8.85571	8.99263	2.82104		CIBERSORTx	prevail_cu_cfrna_183
0.0	0.0	0.0	0.18758	0.539	0.0	0.0	0.0			0.7756	0.01748	18.53838	1.85693		0.10349	0.29037	0.0		0.37239	2.31772		0.0	2.6745		1.55096	0.47249	1.2243	0.35438	0.02167		0.0	2.14274	0.72811	0.0	0.675			0.9176	0.0			10.06268	0.0	0.0	0.0		0.51832		0.0	0.08224			0.0		0.0		0.0	0.0	0.0	0.0		4.68141	4.32664	0.11098			0.22097	1.80223	0.1022	2.35899	0.24258	0.0		0.0			0.0	0.0	1.51758	1.94304	0.12041		1.63887	6.5246	0.0		0.0	1.34853	0.0	0.0	1.90037	1.52769	0.0	0.15924	0.79066	0.0	0.0		7.26027	0.0	9.2041	3.24219	2.55255		CIBERSORTx	prevail_cu_cfrna_175
0.0	0.0	0.0	0.16604	0.0	0.19894	0.0	0.0			0.88096	0.0	19.67145	0.65147		0.0	0.65913	0.0		0.06944	1.15509		0.00542	7.08746		1.31413	0.51137	2.67032	0.4213	0.00842		0.0	1.68922	1.03104	0.0	1.17135			0.59348	0.0			11.82233	0.0	0.0	0.0		0.91099		0.0	0.12059			0.81661		0.99495		0.0	0.0	0.0	0.0		2.0756	0.0	0.0551			0.07415	1.04455	0.08729	2.77176	0.45732	0.02301		0.0			0.0	0.0	1.55433	1.84876	0.05744		0.0	9.78242	0.0		0.0	0.46532	0.19727	0.0	3.28774	1.86741	0.0	0.15517	0.84093	0.0	0.0		5.80401	0.0	9.99897	1.1946	1.73536		CIBERSORTx	prevail_cu_cfrna_177
0.0	0.0	0.0	0.22476	0.0	0.01228	0.0	0.0			0.53033	0.00467	18.05166	0.0		0.11953	0.29382	0.0		0.0	2.84494		0.0	2.59987		1.96655	0.37978	2.85296	0.65322	0.00678		0.0	1.78675	0.0	0.0	0.11851			1.01457	0.0			14.06433	0.0	0.0	0.0		1.26115		0.0	0.57793			0.85634		0.4288		0.0	0.0	0.0	0.0		1.08903	0.0171	0.0			0.01049	1.14	0.09147	3.9795	0.51283	1.06901		0.0			0.01099	0.0	0.90416	2.41669	0.0		0.82639	4.67641	0.0		0.0	0.70689	0.0	0.0	6.03274	1.27783	0.0	0.90579	2.2507	0.16448	0.0		5.86102	0.0	10.02552	4.03508	1.34635		CIBERSORTx	prevail_cu_cfrna_179
0.0	0.0	0.0	0.32914	0.70545	0.0	0.0	0.0			0.55329	0.00778	15.94207	1.50934		0.18858	0.12613	0.13438		0.0	0.17193		0.0	1.62161		1.72662	0.35611	1.8092	0.40684	0.03936		0.0	1.85276	0.4455	0.0	0.85943			0.6841	0.0			15.24385	0.0	0.0	0.0		0.8325		0.0	0.08495			0.0		0.82618		0.0	0.0	0.0	0.0		1.1699	0.0	0.06423			0.0	0.25636	0.13421	2.87648	0.11009	0.0		0.0			0.02745	0.0	0.8424	0.0	0.05724		1.08692	9.28627	0.0		0.0	0.63339	0.0	0.0	6.11081	1.68687	0.08629	0.67928	1.63318	0.0	0.0		3.38673	0.0	14.32834	6.66985	2.4166		CIBERSORTx	prevail_cu_cfrna_182
0.0	0.0	0.0	0.48479	0.0	0.0	1.13342	0.0			0.75814	0.00292	24.73069	0.03443		0.0	0.54762	0.0		0.0	2.73936		0.0	7.0318		0.5315	0.27275	2.07625	0.78155	0.0		0.0	1.38622	0.82889	0.0	2.1658			0.73918	0.0			9.57821	0.0	0.0	0.0		0.15667		0.0	0.0			0.85309		0.52096		0.0	0.0	0.0	0.0		1.90089	0.0	0.00465			0.06898	0.40352	0.0	1.18699	0.04833	0.62192		0.0			0.0	0.0	0.29939	6.1964	0.06111		0.0	2.51103	0.0		0.0	0.51983	0.0	0.17336	0.32571	1.51069	0.1892	0.09331	1.03844	0.0	0.02236		2.71565	0.0	14.88052	7.30177	0.5717		CIBERSORTx	prevail_cu_cfrna_185
0.0	0.0	0.0	0.478	1.16565	0.0	0.0	0.0			0.81301	0.0	12.48801	0.0868		0.0	0.58936	0.0		0.0	2.81805		0.0	0.55236		0.82127	0.06238	2.53236	0.09858	0.00811		0.0	1.22019	1.18481	0.0	1.17939			0.4565	0.0			12.41519	0.0	0.0	0.0		0.28441		0.09371	0.0			0.0		0.0		0.0	0.0	0.1923	0.0		2.77246	0.0	0.0			0.0	0.10719	0.0	1.80766	0.06345	0.0		0.0			0.00673	0.0	0.37858	0.85263	0.05318		0.91219	6.97716	0.0		0.0	0.83424	0.0	0.0	5.47828	1.01303	0.06351	0.0	1.6883	0.0	0.0		3.87376	0.0	16.29963	15.18858	2.08899		CIBERSORTx	prevail_cu_cfrna_228
0.0	0.0	0.0	0.01949	0.63759	0.10283	2.01952	0.96848			0.79248	0.00362	18.65343	1.27878		0.0	0.5443	0.04313		0.0	0.0		0.0	0.0		0.51559	0.0	0.31722	0.2091	0.01406		0.11989	0.45502	0.88745	0.0	1.80029			1.02559	0.0			17.36753	0.0	0.0	0.0		0.78775		0.11998	0.0			0.05963		0.0		0.0	0.0	2.14808	0.0		1.46091	0.20746	0.0			0.02578	0.19209	0.0	1.54186	0.92321	0.0		0.0			0.0008	0.0	0.11974	0.0	0.16846		0.09954	7.66198	0.0		0.0	0.0	0.0	0.0	3.32123	1.63434	0.0	0.40423	0.13363	0.0	0.0		4.09517	0.0	18.26343	7.99047	0.86484		CIBERSORTx	prevail_cu_cfrna_230
0.0	0.0	0.0	0.0	0.54678	0.0	0.0	0.0			0.00381	0.63119	18.71347	0.27952		0.33392	0.32159	0.0		0.00307	0.41307		0.0	6.40253		1.78519	0.28948	0.99356	0.35062	0.0		0.05689	1.83287	0.2432	0.0	0.28827			2.9366	0.0			12.14403	0.0	0.0	0.0		0.46091		0.31336	0.57274			0.8367		0.18849		0.0	0.0	0.0	0.0		1.15092	3.96959	0.17215			0.03628	1.33153	0.07608	3.78898	0.12596	2.14817		0.0			0.01724	0.0	0.45666	2.65459	0.0		2.72616	2.49059	0.0		0.0	1.00885	0.0	0.0	2.61735	1.67699	0.0	0.95865	1.09746	0.0	0.0		5.73935	0.0	10.23011	1.94237	2.64215		CIBERSORTx	prevail_cu_cfrna_191
0.0	0.0	0.08765	0.31846	0.65832	0.53438	0.0	0.0			0.30288	0.0	17.15696	1.87433		0.0	0.31644	0.0		0.71334	0.74639		0.0	3.0222		4.23982	0.63642	1.3184	0.4153	0.01085		0.0	1.70884	1.50371	0.0	0.0			0.93842	0.0			10.51597	0.0	0.0	0.0		0.50002		0.0	0.00594			0.0194		0.59767		0.0	0.0	0.0	0.0		1.46173	0.07186	0.09445			0.0	0.37444	0.07737	2.53904	1.34461	0.0		0.0			0.01036	0.0	0.56842	0.97006	0.01883		1.08022	7.27687	0.0		0.0	0.84762	0.0	0.0	6.92411	2.19051	0.20116	0.52164	0.56493	0.0	0.0		5.66244	0.0	13.82451	3.72836	1.50437		CIBERSORTx	prevail_cu_cfrna_192
0.0	0.0	0.0	0.95561	0.77448	0.0	0.0	0.0			0.48217	0.0	13.77685	0.48403		0.36442	0.0	0.0		0.33297	2.3374		0.0	9.61052		1.31363	0.20391	1.86592	0.3923	0.0		0.0	2.099	1.04051	0.0	1.01349			1.28053	0.0			11.68631	0.0	0.0	0.0		0.70287		0.0	0.19443			0.0		0.24697		0.0	0.0	0.0	0.0		2.20093	0.31221	0.0707			0.0	0.68686	0.073	0.96422	1.03954	0.05999		0.0			0.0054	0.0	0.36002	1.15846	0.0162		1.26253	3.7548	0.0		0.0	0.88089	0.0	0.0	5.85	1.93417	0.19927	0.0	2.46258	0.0	0.0		4.92197	0.0	13.84322	4.17697	2.60773		CIBERSORTx	prevail_cu_cfrna_193
0.0	0.0	0.0	0.60251	0.01071	0.0	0.0	0.0			0.23041	0.0	17.76099	1.15978		0.00575	0.23005	0.0		0.0	0.81736		0.0	5.53314		2.55413	0.2979	1.89626	0.56647	0.0		0.0	1.46625	0.62352	0.0	0.1836			0.55033	0.0			13.94588	0.2602	0.0	0.0		0.7563		0.0	0.31981			0.1599		0.69945		0.0	0.0	0.0	0.0		1.15029	0.0	0.05969			0.0	0.82301	0.08174	2.66626	0.3835	0.07269		0.0			0.00702	0.0	0.37916	0.27814	0.03504		0.26625	6.35584	0.0		0.0	0.99563	0.0	0.0	4.83219	3.01521	0.07598	0.37012	1.44661	0.0	0.0		4.92355	0.0	12.32874	6.07557	2.74705		CIBERSORTx	prevail_cu_cfrna_194
0.0	0.0	0.0	0.08001	0.0	1.13322	0.0	0.0			0.5366	0.0382	24.54487	1.03467		0.17203	0.16956	0.0		0.0	0.66756		0.03441	0.0		2.26969	0.51483	1.46876	0.43226	0.03124		0.00933	1.67876	0.60875	0.0	0.16096			0.76425	0.0			10.49168	0.0	0.0	0.0		1.05146		0.0	0.16257			0.0		0.43164		0.0	0.0	0.0	0.0		1.17544	5.39773	0.17103			0.07972	1.26194	0.16232	2.2006	0.15676	0.0		1.83268			0.05343	0.0	1.22623	0.0	0.0		2.458	7.34921	0.0		0.0	1.05146	0.0	0.0	5.77795	1.66346	0.01869	0.29637	0.87961	0.0	0.0		6.70697	0.0	7.4338	1.40632	2.75296		CIBERSORTx	prevail_cu_cfrna_195
0.0	0.0	0.0	0.0	0.0	0.0	0.0	0.0			0.25927	0.0	16.86262	2.4802		0.0	0.08927	0.58861		0.07598	1.38711		0.01941	3.50316		3.30858	0.02924	0.92471	0.52661	0.0		0.0	3.64437	0.0	0.0	0.48692			0.02927	0.25126			20.43417	0.0	0.0	0.0		0.31151		0.0	0.02465			1.98638		0.0		0.0	0.0	0.09864	0.0		1.71132	0.0	0.0			0.0	0.58802	0.01135	0.8104	0.01056	1.10445		0.0			0.0	0.0	0.19382	0.89972	0.0		1.45222	0.68005	0.0		0.0	0.44812	0.0	0.0	7.01059	0.0	0.0	0.86098	0.89438	0.48695	0.0		7.83805	0.0	15.22096	1.2891	1.16701		CIBERSORTx	prevail_cu_cfrna_196
0.0	0.0	0.0	0.34973	0.0	0.0	0.54857	0.0			1.00327	0.0	21.22287	0.17679		0.0	0.35612	0.0		0.0	1.6518		0.02316	15.05437		0.50622	0.01321	2.30576	0.49757	0.02119		0.0	1.47245	0.6979	0.0	0.77771			0.38009	0.0			10.23196	0.0	0.0	0.0		0.322		0.27152	0.0			0.15155		0.0		0.0	0.0	0.0	0.0		1.73463	0.0	0.11274			0.05508	0.9612	0.0	1.83418	0.11571	0.0		0.0			0.00408	0.0	1.22703	10.94834	0.06771		0.0	1.96795	0.0		0.0	0.45273	0.87648	0.0	1.73938	1.26507	0.0	0.4495	1.73473	0.0	0.0		2.57108	0.0	8.94226	4.18717	0.71714		CIBERSORTx	prevail_cu_cfrna_197
0.0	0.0	0.0	0.48373	0.08524	0.0	1.05745	0.0			1.35398	0.0076	22.03692	0.47482		0.0	0.32678	0.0		0.09797	1.47592		0.0	9.45491		0.74913	0.36416	1.90223	0.55226	0.01115		0.0	1.67239	1.1506	0.0	0.66213			0.58278	0.0			11.16025	0.0	0.0	0.0		0.0		0.0	0.0			1.09138		0.36031		0.0	0.0	0.36763	0.0		2.05683	0.0	0.0			0.01698	0.97877	0.0	2.64575	0.70386	0.12102		0.0			0.0	0.0	0.97701	5.73849	0.02203		0.0	5.62724	0.0		0.0	0.60203	0.16951	0.0	4.00703	1.38213	0.10984	0.35468	0.22532	0.0	0.0		4.87502	0.0	10.3641	0.47572	1.06488		CIBERSORTx	prevail_cu_cfrna_272
0.0	0.0	0.0	0.83473	0.0	0.10921	0.15014	0.0			0.84657	0.0	16.05253	0.0		0.0	0.61881	0.0		0.0	3.91233		0.0	8.37701		0.9645	0.0	3.8253	0.16823	0.0		0.0	1.36474	1.1788	0.0	0.0			1.26316	0.0			10.05115	0.0	0.0	0.0		0.0		0.09031	1.61682			0.0		0.54023		0.0	0.0	0.0	0.0		1.34299	0.0	0.03764			0.04142	0.0	0.09621	0.52367	0.04961	0.22751		0.0			0.0	0.0	1.01523	14.94954	0.0		0.0	1.22189	0.0		0.0	0.88596	0.0	0.0	3.73161	1.72325	0.21931	0.0	2.09977	0.0	0.0		4.36617	0.0	10.85268	3.30297	1.348		CIBERSORTx	prevail_cu_cfrna_278
0.0	0.0	0.0	0.61651	0.37139	0.0	0.0	0.0			0.65651	0.0	20.68082	0.1832		0.00321	0.51172	0.0		0.0	1.91918		0.0	11.50189		0.07491	0.15404	2.86178	0.04285	0.00748		0.0	1.01148	0.59193	0.0	0.12003			0.45853	0.0			12.30241	0.0	0.0	0.0		0.67949		0.0	0.0			1.63793		0.07635		0.0	0.0	0.22101	0.0		3.00153	0.0	0.0			0.0	0.4323	0.08058	1.43365	0.24751	0.0		0.0			0.01125	0.0	1.19199	1.96977	0.0		0.80387	2.59734	0.0		0.0	1.25544	0.07735	0.0	2.99041	1.92101	0.0	0.11618	2.76052	0.0	0.0		3.58896	0.0	13.78635	3.42641	1.62292		CIBERSORTx	prevail_cu_cfrna_271
0.0	0.0	0.0	0.99631	0.0	1.02493	0.79779	0.0			0.53675	0.0	19.10655	0.0		0.0	0.60294	0.0		0.0	4.56502		0.0	15.08375		0.95832	0.0	4.34433	0.0	0.0		0.0	1.39198	0.26821	0.0	0.0			0.39905	0.0			9.5509	0.01417	0.0	0.0		0.70079		0.02136	0.22628			0.0		1.44424		0.0	0.0	0.11789	0.0		0.76826	0.0	0.0			0.0	0.13292	0.25524	0.01477	1.17404	0.04615		0.0			0.05432	0.12536	1.45026	3.75309	0.0		0.0	0.60166	0.0		0.0	0.6055	0.12845	0.0	4.78046	1.81311	0.2522	1.02143	2.11415	1.38006	0.0		5.58281	0.0	9.64645	1.53671	0.61107		CIBERSORTx	prevail_cu_cfrna_270
0.0	0.0	0.0	0.60782	0.30594	0.0	0.0	1.58591			0.67587	0.0037	9.99938	0.45911		0.09367	0.52189	0.0		0.0	2.58054		0.0	0.48889		1.59868	0.19057	1.11255	0.34057	0.01514		0.02626	1.07471	1.0694	0.0	2.93641			0.5519	0.0			13.4963	0.0	0.0	0.0		0.21681		0.08348	0.0			0.0		0.0		0.0	0.0	0.37677	0.0		2.2565	0.3592	0.0			0.0	0.72808	0.08869	3.36104	0.05106	0.0		0.0			0.0	0.0	0.75745	2.66189	0.0		1.41439	10.25778	0.0		0.0	0.87463	0.0	0.0	5.9031	1.18991	0.0028	0.0	1.0674	0.0	0.0		3.77338	0.0	12.9547	9.87059	2.01514		CIBERSORTx	prevail_cu_cfrna_234
0.0	0.0	0.0	1.11749	0.0	0.88774	0.57219	0.0			0.79703	0.00273	18.337	0.02362		0.0	0.18575	0.0		0.44304	0.79965		0.00267	9.35063		1.53889	0.33736	2.57968	0.86614	0.00609		0.0	1.65958	0.70551	0.0	1.79631			0.77368	0.0			15.4916	0.0	0.0	0.0		0.0		0.0654	0.02279			0.48009		0.1816		0.0	0.0	0.0	0.0		1.82064	0.0	0.0			0.0384	1.36119	0.0	3.27749	0.0425	0.0		0.0			0.0	0.0	0.93235	7.87028	0.06811		0.0	2.72306	0.0		0.0	0.55449	0.0	0.0	1.69256	2.08505	0.0933	0.28245	1.84762	0.0	0.0		5.94009	0.0	5.98573	3.13595	1.22446		CIBERSORTx	prevail_cu_cfrna_235
0.0	0.0	0.0	1.71946	0.0	1.1211	0.0	0.0			0.60265	0.00321	15.76869	0.0		0.14468	0.73837	0.0		0.53908	4.04661		0.0	15.14133		1.4798	0.40498	1.9152	0.46652	0.0		0.0	1.76535	1.80145	0.0	0.00028			1.52862	0.0			10.6321	0.04478	0.0	0.0		1.75351		0.0	0.28989			0.0808		0.50918		0.0	0.0	0.0	0.0		3.04029	0.0	0.02326			0.09236	1.60093	0.10507	1.43672	0.03026	0.0		1.02905			0.0	0.0	0.82504	4.09274	0.0539		0.51667	0.60487	0.0		0.0	1.67554	0.0	0.0	2.39857	0.97302	0.94808	0.0	1.70791	0.0	0.0		6.39692	0.0	4.90509	3.9579	1.08817		CIBERSORTx	prevail_cu_cfrna_269
0.0	0.0	0.0	0.24817	0.0	0.0	2.00796	0.0			1.06761	0.02349	17.16904	0.65323		0.09425	0.48517	0.0		0.02902	1.8378		0.01079	7.18628		1.42351	0.39593	1.66623	0.75525	0.02996		0.17026	1.71714	0.0	0.0	0.05319			0.53474	0.0			12.45715	0.0	0.0	0.0		0.68376		0.0	0.03878			1.78507		0.52267		0.0	0.0	0.47602	0.0		1.84743	0.0	0.0			0.0	1.43909	0.0	3.80254	0.32098	0.02169		0.0			0.03526	0.0	0.95866	2.85247	0.06724		0.0	9.00314	0.0		0.0	0.52623	0.12408	0.0	2.59227	1.37198	0.0	1.31555	0.54637	0.85014	0.0		3.36788	0.0	11.35457	2.34512	1.73483		CIBERSORTx	prevail_cu_cfrna_236
0.0	0.0	0.0	0.0	0.0	0.0	6.86501	0.0			0.0		8.05968	0.0		0.0	0.0	0.0		0.0	0.0		0.0	19.13421		0.0		0.0	0.0	0.0		0.0	3.34109	0.31353	0.0	8.31065			0.0	0.0		0.0	0.0	0.0	0.0	0.0		0.0		0.0	0.0			0.0	0.0	0.0		0.0	0.0	0.0	0.0	0.0	0.0	0.0	0.0	0.00962		0.0	3.51657	0.0	0.0	4.46856	0.0		0.0			0.0	0.0	0.0	0.0	0.0		1.51757	0.0	0.0		0.0	0.0	9.43635	0.0	0.0	12.6188	0.0	11.59909	0.0	0.0	0.0		10.80927	0.0	0.0	0.0	0.0		NNLS	prevail_cu_cfrna_206
0.0	0.0	0.0	0.0	0.0	0.0	4.16312	0.0			0.0		11.32537	0.0		0.0	0.0	0.0		0.0	0.0		0.0	40.03489		0.0		0.0	0.0	0.0		0.0	2.23791	6.05817	0.0	4.70157			0.0	0.0		0.0	0.0	0.0	0.0	0.0		0.0		0.0	0.0			0.0	0.0	0.0		0.0	0.0	0.0	0.0	0.0	0.0	0.0	0.0	0.0		0.0	0.0	0.0	0.11014	1.83729	0.0		0.0			0.0	0.0	0.0	0.0	0.0		1.65174	0.0	0.0		0.0	0.0	3.80008	0.0	0.0	10.62746	0.0	5.51089	0.0	0.0	0.0		7.94136	0.0	0.0	0.0	0.0		NNLS	prevail_cu_cfrna_211
0.0	0.0	0.0	0.0	0.0	0.0	2.82465	0.0			0.0		8.72877	0.0		0.0	0.0	0.0		0.0	0.0		0.0	26.64052		0.0		0.0	0.0	0.0		0.0	2.67422	4.81879	0.0	6.97202			0.0	0.0		0.0	0.0	0.0	0.0	0.0		0.0		0.0	0.0			0.0	0.0	0.0		0.0	0.0	0.0	0.0	0.0	0.0	0.0	0.0	0.0		0.0	0.0	0.0	0.0	1.48813	0.0		0.0			0.0	0.0	0.0	0.0	0.0		7.79084	0.0	0.0		0.0	1.41961	6.24602	0.0	0.0	11.96223	0.0	6.38269	0.0	0.0	0.0		12.05152	0.0	0.0	0.0	0.0		NNLS	prevail_cu_cfrna_223
0.0	0.0	0.0	0.0	0.0	0.0	0.39245	0.0			0.0		13.42026	0.0		0.0	0.0	0.0		0.0	0.0		0.0	15.50082		0.0		0.0	0.0	0.0		0.0	3.94472	8.48242	0.0	7.12903			0.0	0.0		0.0	5.12499	0.0	0.0	0.0		0.0		0.0	0.0			0.0	0.0	0.0		0.0	0.0	0.0	0.0	0.0	0.0	0.0	0.0	0.0		0.0	1.06739	0.0	1.13141	1.96995	0.0		0.0			0.0	0.0	0.0	0.0	0.0		6.79091	0.0	0.0		0.0	2.38712	5.55401	0.0	0.0	10.83319	0.0	4.82363	0.0	0.0	0.0		11.44772	0.0	0.0	0.0	0.0		NNLS	prevail_cu_cfrna_215
0.0	0.0	0.0	0.0	0.0	0.0	0.0	0.0			0.0		6.71281	0.0		0.0	0.0	0.0		0.0	0.0		0.0	19.50177		0.0		0.0	0.0	0.0		0.0	2.52256	5.37144	0.0	8.66543			0.0	0.0		0.0	0.0	0.0	0.0	0.0		0.0		0.0	0.0			0.0	0.0	0.0		0.0	0.0	0.0	0.0	0.0	0.0	2.4487	0.0	0.0		0.0	1.60829	0.0	0.0	3.76231	0.0		0.0			0.0	0.0	0.0	0.0	0.0		8.21016	0.0	0.0		0.0	0.35623	7.67107	0.0	0.0	11.44524	0.0	8.6787	0.0	0.0	0.0		13.04529	0.0	0.0	0.0	0.0		NNLS	prevail_cu_cfrna_202
0.0	0.0	0.0	0.0	0.0	0.0	3.85252	0.0			0.0		12.87891	0.0		0.0	0.0	0.0		0.0	0.0		0.0	13.4296		0.0		0.0	0.0	0.0		0.0	5.25142	7.62399	0.0	8.80781			0.0	0.0		0.0	0.0	0.0	0.0	0.0		0.0		0.0	0.0			0.0	0.0	0.0		0.0	0.0	0.0	0.0	0.0	0.0	0.1657	0.0	0.0		0.0	0.98412	0.0	0.0	2.49585	0.0		0.0			0.0	0.0	0.0	0.0	0.0		4.91236	0.0	0.0		0.0	2.40483	7.10699	0.0	0.0	11.47271	0.0	6.75668	0.0	0.0	0.0		11.85651	0.0	0.0	0.0	0.0		NNLS	prevail_cu_cfrna_224
0.0	0.0	0.0	0.0	0.0	0.0	2.31202	0.0			0.0		9.78616	0.0		0.0	0.0	0.0		0.0	0.0		0.0	19.77206		0.0		0.0	0.0	0.0		0.0	3.83545	9.38503	0.0	9.80254			0.0	0.0		0.0	5.81437	0.0	0.0	0.0		0.0		0.0	0.0			0.0	0.0	0.0		0.0	0.0	0.0	0.0	0.0	0.0	0.0	0.0	0.02304		0.0	0.0	0.0	1.99494	1.4151	0.0		0.0			0.0	0.0	0.0	0.0	0.0		6.90494	0.0	0.0		0.0	2.51235	4.02556	0.0	0.0	8.42734	0.0	4.67675	0.0	0.0	0.0		9.31234	0.0	0.0	0.0	0.0		NNLS	prevail_cu_cfrna_199
0.0	0.0	0.0	0.0	0.0	0.0	7.39214	0.0			0.0		7.55351	0.0		0.0	0.0	0.0		0.0	0.0		0.0	42.37818		0.0		0.0	0.0	0.0		0.0	2.37192	0.0	0.0	5.17309			0.0	0.0		0.0	0.0	0.0	0.0	0.0		0.0		0.0	0.0			0.0	0.0	0.0		0.0	0.0	0.0	0.0	0.0	0.0	0.0	0.0	0.0		0.0	0.51495	0.0	0.0	2.28275	0.0		0.0			0.0	0.0	0.0	0.0	0.0		0.0	0.0	0.0		0.0	0.0	6.03469	0.0	0.0	11.74426	0.0	8.22527	0.0	0.0	0.0		6.32924	0.0	0.0	0.0	0.0		NNLS	prevail_cu_cfrna_204
0.0	0.0	0.0	0.0	0.0	0.0	15.32021	0.0			0.0		12.06799	0.0		0.0	0.0	0.0		0.0	0.0		0.0	27.68596		0.0		2.14118	0.66044	1.49363		0.0	5.43508	0.0	0.0	5.63495			0.0	0.0		0.0	8.0566	0.0	0.0	0.0		0.0		0.0	0.0			0.0	0.0	0.22257		0.0	0.0	0.0	0.0	0.0	0.0	0.0	0.0	0.0		0.0	0.43195	0.0	0.0	0.0	0.0		0.0			0.0	0.0	0.0	0.0	1.62687		0.0	0.0	0.0		0.0	0.0	4.12906	0.0	0.0	8.25612	0.0	5.94053	0.0	0.0	0.0		0.89687	0.0	0.0	0.0	0.0		NNLS	prevail_cu_cfrna_217
0.0	0.0	0.0	0.0	0.0	0.0	6.30084	0.0			0.0		11.53434	0.0		0.0	0.0	0.0		0.0	0.0		0.0	31.34829		0.0		0.0	0.0	0.0		0.0	2.61732	0.22153	0.0	8.02935			0.0	0.0		0.0	1.0088	0.0	0.0	0.0		0.0		0.0	0.0			0.0	0.0	0.0		0.0	0.0	0.0	0.0	0.0	0.0	0.0	0.0	0.0		0.0	0.66309	0.0	0.0	2.03029	0.0		0.0			0.0	0.0	0.0	0.0	0.0		0.64495	0.0	0.0		0.0	0.0	6.54655	0.0	0.0	11.44943	0.0	7.96654	0.0	0.0	0.0		9.63867	0.0	0.0	0.0	0.0		NNLS	prevail_cu_cfrna_216
0.0	0.0	0.0	0.0	0.0	0.0	0.0	0.0			0.0		8.36624	0.0		0.0	0.0	0.0		0.0	0.0		0.0	27.2849		0.0		0.0	0.0	0.0		0.0	1.78829	5.75436	0.0	8.91849			0.0	0.0		0.0	0.0	0.0	0.0	0.0		0.0		0.0	0.0			0.0	0.0	0.0		0.0	0.0	0.0	0.0	0.0	0.0	0.08118	0.0	0.0		0.0	0.0	0.0	2.21905	3.40451	0.0		0.0			0.0	0.0	0.0	0.0	0.0		7.27621	0.0	0.0		0.0	0.05521	6.12533	0.0	0.0	12.53277	0.0	6.82051	0.0	0.0	0.0		9.37296	0.0	0.0	0.0	0.0		NNLS	prevail_cu_cfrna_219
0.0	0.0	0.0	0.0	0.0	0.0	3.79221	0.0			0.0		7.75771	0.0		0.0	0.0	0.0		0.0	0.0		0.0	13.9632		0.0		0.0	0.0	0.0		0.0	2.52225	5.10157	0.0	9.24416			0.0	0.0		0.0	0.0	0.0	0.0	0.0		0.0		0.0	0.0			0.0	0.0	0.0		0.0	0.0	0.0	0.0	0.0	0.0	1.09947	0.0	0.0		0.0	1.59667	0.0	0.0	4.45677	0.0		0.0			0.0	0.0	0.0	0.0	0.0		7.18209	0.0	0.0		0.0	0.0	8.88578	0.0	0.0	12.95518	0.0	10.20481	0.0	0.0	0.0		11.23813	0.0	0.0	0.0	0.0		NNLS	prevail_cu_cfrna_220
0.0	0.0	0.0	0.0	0.0	0.0	8.43134	0.0			0.0		11.93599	0.0		0.0	0.0	0.0		0.0	0.0		0.0	17.90574		0.0		0.0	0.0	0.0		0.0	3.89747	7.213	0.0	7.46347			0.0	0.0		0.0	3.13923	0.0	0.0	0.0		0.0		0.0	0.0			0.0	0.0	0.0		0.0	0.0	0.0	0.0	0.0	0.0	0.0	0.0	0.0		0.0	0.06974	0.0	0.0	2.27374	0.0		0.0			0.0	0.0	0.0	0.0	0.0		1.74139	0.0	0.0		0.0	0.1124	6.12693	0.0	0.0	11.38865	0.0	6.64553	0.0	0.0	0.0		11.65538	0.0	0.0	0.0	0.0		NNLS	prevail_cu_cfrna_205
0.0	0.0	0.0	0.0	0.0	0.0	0.0	0.0			0.0		5.43217	0.0		0.0	0.0	0.0		0.0	0.0		0.0	26.67356		0.0		0.0	0.0	0.0		0.0	3.95764	5.37578	0.0	8.3089			0.0	0.0		0.0	0.0	0.0	0.0	0.0		0.0		0.0	0.0			0.0	0.0	0.0		0.0	0.0	0.0	0.0	0.0	0.0	3.71222	0.0	0.0		0.0	1.47629	0.0	1.58738	3.73666	0.0		0.0			0.0	0.0	0.0	0.0	0.0		2.70148	0.0	0.0		0.0	0.83726	5.97633	0.0	1.20235	11.90508	0.0	3.07231	0.0	0.0	0.0		14.04458	0.0	0.0	0.0	0.0		NNLS	prevail_cu_cfrna_225
0.0	0.0	0.0	0.0	0.0	0.0	0.0	0.0			0.0		0.0	0.0		0.0	0.0	0.0		0.0	0.0		0.0	29.40244		0.0		0.0	0.0	0.0		0.0	1.71333	7.10457	0.0	6.13771			0.0	0.0		0.0	0.0	0.0	0.0	0.0		0.0		0.0	0.0			0.0	0.0	0.0		0.0	0.0	0.0	0.0	0.0	0.0	6.54272	0.0	0.0		0.0	0.0	0.0	1.52312	1.109	0.0		0.0			0.0	0.0	0.0	0.0	0.0		13.1592	0.0	0.0		0.0	5.70549	4.47125	0.0	0.0	8.32961	0.0	1.27276	0.0	0.0	0.0		13.5288	0.0	0.0	0.0	0.0		NNLS	prevail_cu_cfrna_212
0.0	0.0	0.0	0.0	0.0	0.0	6.60702	0.0			0.0		8.97678	0.0		0.0	0.0	0.0		0.0	0.0		0.0	15.8231		0.0		0.0	0.0	0.0		0.0	1.99067	1.99622	0.0	9.31266			0.0	0.0		0.0	0.0	0.0	0.0	0.0		0.0		0.0	0.0			0.0	0.0	0.0		0.0	0.0	0.0	0.0	0.0	0.0	0.0	0.0	0.0		0.0	1.21397	0.0	0.0	3.56174	0.0		0.0			0.0	0.0	0.0	0.0	0.0		5.27679	0.0	0.0		0.0	0.0	9.64477	0.0	0.0	13.65198	0.0	11.85881	0.0	0.0	0.0		10.0855	0.0	0.0	0.0	0.0		NNLS	prevail_cu_cfrna_203
0.0	0.0	0.0	0.0	0.0	0.0	12.48326	0.0			0.0		10.00937	0.0		0.0	0.0	0.0		0.0	0.0		0.0	15.18611		0.0		0.0	0.0	0.0		0.0	3.02607	0.0	0.0	9.5957			0.0	0.0		0.0	0.0	0.0	0.0	0.0		0.0		0.0	0.0			0.0	0.0	0.0		0.0	0.0	0.0	0.0	0.0	0.0	0.0	0.0	0.0		0.0	2.79738	0.0	0.0	2.51543	0.0		0.0			0.0	0.0	0.0	0.0	0.0		0.0	0.0	0.0		0.0	0.0	9.37601	0.0	0.0	13.88358	0.0	12.62615	0.0	0.0	0.0		8.50094	0.0	0.0	0.0	0.0		NNLS	prevail_cu_cfrna_221
0.0	0.0	0.0	0.0	0.0	0.0	9.07729	0.0			0.0		14.97627	0.0		0.0	0.0	0.0		0.0	0.0		0.0	30.45366		0.0		0.0	0.0	0.87087		0.0	6.09092	0.0	0.0	5.11468			0.0	0.0		0.0	4.60456	0.0	0.0	0.0		0.0		0.0	0.0			0.0	0.0	0.0		0.0	0.0	0.0	0.0	0.0	0.0	0.0	0.0	0.0		0.0	1.86753	0.0	0.0	0.0	0.0		0.0			0.0	0.0	0.0	0.0	0.0		0.0	0.0	0.0		0.0	0.0	5.49145	0.0	0.0	8.5719	0.0	7.46855	0.0	0.0	0.0		5.41231	0.0	0.0	0.0	0.0		NNLS	prevail_cu_cfrna_209
0.0	0.0	0.0	0.0	0.0	0.0	0.0	0.0			0.0		0.0	0.0		0.0	0.0	0.0		0.0	0.0		0.0	32.51099		0.0		0.0	0.0	0.0		0.0	0.23531	2.30646	0.0	21.15638			0.0	0.0		0.0	0.0	0.0	0.0	0.0		0.0		0.0	0.0			0.0	0.0	0.0		0.0	0.0	0.0	0.0	0.0	0.0	6.03326	0.0	0.0		0.0	0.0	0.0	1.9153	3.91429	0.0		0.0			0.0	0.0	0.0	0.0	0.0		3.61063	0.0	1.90802		0.0	2.21276	3.29104	0.0	4.44393	8.30733	0.0	0.77213	0.0	0.0	0.0		7.38217	0.0	0.0	0.0	0.0		NNLS	prevail_cu_cfrna_252
0.0	0.0	0.0	0.0	0.0	0.0	11.46517	0.0			0.0		17.56379	0.0		0.0	0.0	0.0		0.0	0.0		0.0	23.17833		0.0		0.0	0.45594	1.22646		0.0	4.64954	0.03791	0.0	7.50084			0.0	0.0		0.0	7.62308	0.0	0.0	0.0		0.0		0.0	0.0			0.0	0.0	0.0		0.0	0.0	0.0	0.0	0.0	0.0	0.0	0.0	0.0		0.0	0.40985	0.0	0.0	0.0	0.0		0.0			0.0	0.0	0.0	0.0	0.0		0.0	0.0	0.0		0.0	0.0	5.15309	0.0	0.0	8.7814	0.0	8.03707	0.0	0.0	0.0		3.91754	0.0	0.0	0.0	0.0		NNLS	prevail_cu_cfrna_320
0.0	0.0	0.0	0.0	0.0	0.0	6.74836	0.0			0.0		9.50908	0.0		0.0	0.0	0.0		0.0	0.0		0.0	13.04254		0.0		3.19037	0.0	1.01208		0.0	3.85934	8.92675	0.0	23.96003			0.0	0.0		0.0	8.06236	0.0	0.0	0.0		0.0		0.0	0.0			0.0	0.0	0.0		0.0	0.0	0.0	0.0	0.0	0.0	0.0	0.0	0.0		0.0	0.36754	0.0	0.0	1.02154	0.0		0.0			0.0	0.0	1.29471	0.0	0.0		0.0	0.0	0.0		0.0	0.0	3.21853	0.0	0.0	7.8255	0.0	4.51041	0.0	0.0	0.0		3.45086	0.0	0.0	0.0	0.0		NNLS	prevail_cu_cfrna_315
0.0	0.0	0.0	0.0	0.0	0.0	12.69246	0.0			0.0		7.59384	0.0		0.0	0.0	0.0		0.0	0.0		0.0	14.71369		0.0		2.47614	2.20669	1.58773		0.0	4.54675	0.0	0.0	23.30657			0.0	0.0		0.0	13.81491	0.0	0.0	0.0		0.0		0.0	0.0			0.0	0.0	0.0		0.0	0.0	0.0	0.0	0.0	0.0	0.0	0.0	0.0		0.0	0.17499	0.0	0.0	0.0	0.0		0.0			0.0	0.0	0.0	2.05607	1.52755		0.0	0.0	0.0		0.0	0.0	3.50032	0.0	0.0	5.45988	0.0	3.20908	0.0	0.0	0.0		1.13331	0.0	0.0	0.0	0.0		NNLS	prevail_cu_cfrna_289
0.0	0.0	0.0	0.0	0.0	0.0	0.9668	0.0			0.0		3.24249	0.0		0.0	0.0	0.0		0.0	0.0		0.0	12.85275		0.0		0.0	0.0	0.0		0.0	3.23836	11.21503	0.0	17.09004			0.0	0.0		0.0	0.0	0.0	0.0	0.0		0.0		0.0	0.0			0.0	0.0	0.0		0.0	0.0	0.0	0.0	0.0	0.0	6.4702	0.0	0.04207		0.0	0.0	0.0	2.50939	3.69025	0.0		0.0			0.0	0.0	0.0	0.0	0.0		5.83934	0.0	0.0		0.0	1.2097	4.84808	0.0	0.0	9.10464	0.0	4.83899	0.0	0.0	0.0		12.84187	0.0	0.0	0.0	0.0		NNLS	prevail_cu_cfrna_293
0.0	0.0	0.0	0.0	0.0	0.0	10.77251	0.0			0.0		10.90069	0.0		0.0	0.0	0.0		0.0	0.0		0.0	16.99276		0.0		0.0	0.0	0.26698		0.0	3.93313	0.94596	0.0	26.01438			0.0	0.0		0.0	5.35269	0.0	0.0	0.0		0.0		0.0	0.0			0.0	0.0	0.0		0.0	0.0	0.0	0.0	0.0	0.0	0.0	0.0	0.0		0.0	0.05072	0.0	0.0	0.0	0.0		0.0			0.0	0.0	0.0	0.0	0.0		0.0	0.0	0.0		0.0	1.05067	5.01932	0.0	0.0	7.4429	0.0	5.93923	0.0	0.0	0.0		5.31807	0.0	0.0	0.0	0.0		NNLS	prevail_cu_cfrna_298
0.0	0.0	0.0	0.0	0.0	0.0	9.57627	0.0			0.0		12.68675	0.0		0.0	0.0	0.0		0.0	0.0		0.0	14.18717		0.0		0.0	0.0	0.0		0.0	4.46697	4.66201	0.0	18.65057			0.0	0.0		0.0	5.78688	0.0	0.0	0.0		0.0		0.0	0.0			0.0	0.0	0.0		0.0	0.0	0.0	0.0	0.0	0.0	0.0	0.0	0.0		0.0	0.0543	0.0	0.0	0.72157	0.0		0.0			0.0	0.0	0.0	0.0	0.0		0.0	0.0	0.0		0.0	0.85983	5.92149	0.0	0.0	9.17963	0.0	7.03526	0.0	0.0	0.0		6.2113	0.0	0.0	0.0	0.0		NNLS	prevail_cu_cfrna_319
0.0	0.0	0.0	0.0	0.0	0.0	13.37303	0.0			0.0		7.5423	0.0		0.0	0.0	0.0		0.0	0.0		0.0	14.18583		0.0		0.0	0.0	0.0		0.0	2.77566	5.55061	0.0	10.66533			0.0	0.0		0.0	2.00394	0.0	0.0	0.0		0.0		0.0	0.0			0.0	0.0	0.0		0.0	0.0	0.0	0.0	0.0	0.0	0.0	0.0	0.0		0.0	1.03488	0.0	0.0	2.63314	0.0		0.0			0.0	0.0	0.0	0.0	0.0		0.05784	0.0	0.0		0.0	0.0	8.2828	0.0	0.0	13.27164	0.0	9.13558	0.0	0.0	0.0		9.48742	0.0	0.0	0.0	0.0		NNLS	prevail_cu_cfrna_301
0.0	0.0	0.0	0.0	0.0	0.0	1.93091	0.0			0.0		10.65488	0.0		0.0	0.0	0.0		0.0	0.0		0.0	16.82019		0.0		0.0	0.0	0.0		0.0	2.93504	10.29327	0.0	8.35264			0.0	0.0		0.0	2.12283	0.0	0.0	0.0		0.0		0.0	0.0			0.0	0.0	0.0		0.0	0.0	0.0	0.0	0.0	0.0	0.0	0.0	0.0		0.0	0.0	0.0	1.24617	3.22215	0.0		0.0			0.0	0.0	0.0	0.0	0.0		8.00914	0.0	0.0		0.0	3.90902	5.3248	0.0	0.0	10.23824	0.0	5.33251	0.0	0.0	0.0		9.6082	0.0	0.0	0.0	0.0		NNLS	prevail_cu_cfrna_308
0.0	0.0	0.0	0.0	0.0	0.0	0.0	0.0			0.0		10.47421	0.0		0.0	0.0	0.0		0.0	0.0		0.0	18.19058		0.0		0.0	0.0	0.0		0.0	2.75147	7.48182	0.0	8.99765			0.0	0.0		0.0	0.03851	0.0	0.0	0.0		0.0		0.0	0.0			0.0	0.0	0.0		0.0	0.0	0.0	0.0	0.0	0.0	1.76646	0.0	0.1062		0.0	0.0	0.0	1.40507	1.69103	0.0		0.0			0.0	0.0	0.0	0.0	0.0		8.23242	0.0	0.0		0.0	2.27865	5.70117	0.0	0.0	9.49535	0.0	5.86651	0.0	0.0	0.0		15.52288	0.0	0.0	0.0	0.0		NNLS	prevail_cu_cfrna_300
0.0	0.0	0.0	0.0	0.0	0.0	13.5401	0.0			0.0		10.41481	0.0		0.0	0.0	0.0		0.0	0.0		0.0	32.70839		0.0		0.0	1.05715	1.7851		0.0	5.1657	0.0	0.0	6.80358			0.0	0.0		0.0	10.14926	0.0	0.0	0.0		0.0		0.0	0.0			0.0	0.0	0.0		0.0	0.0	0.0	0.0	0.0	0.0	0.0	0.0	0.0		0.0	0.10729	0.0	0.0	0.0	0.0		0.0			0.0	0.0	0.0	0.0	0.6149		0.0	0.0	0.0		0.0	0.0	4.2263	0.0	0.0	5.66414	0.0	6.82426	0.0	0.0	0.0		0.939	0.0	0.0	0.0	0.0		NNLS	prevail_cu_cfrna_263
0.0	0.0	0.0	0.0	0.0	0.0	0.0187	0.0			0.0		2.20752	0.0		0.0	0.0	0.0		0.0	0.0		0.0	3.61689		0.0		0.0	0.0	0.17878		0.0	1.47612	6.2012	0.0	65.58079			0.0	0.0		0.0	0.20445	0.0	0.0	0.0		0.0		0.0	0.0			0.0	0.0	0.0		0.0	0.0	0.0	0.0	0.0	0.0	0.0	0.0	0.0		0.0	0.0	0.0	1.3309	1.06196	0.0		0.0			0.0	0.0	0.0	4.84711	0.0		2.1426	0.0	0.0		0.0	0.0	1.83003	0.0	0.0	4.3842	0.0	2.7454	0.0	0.0	0.0		2.17334	0.0	0.0	0.0	0.0		NNLS	prevail_cu_cfrna_76
0.0	0.0	0.0	0.0	0.0	0.0	6.90845	0.0			0.0		4.27251	0.0		0.0	0.0	0.0		0.0	0.0		0.0	24.65397		0.0		0.0	0.0	0.41068		0.0	3.02582	0.0	0.0	41.55714			0.0	0.0		0.0	4.81582	0.0	0.0	0.0		0.0		0.0	0.0			0.0	0.0	0.0		0.0	0.0	0.0	0.0	0.0	0.0	0.0	0.0	0.0		0.0	0.0	0.0	0.0	0.0	0.0		0.0			0.0	0.0	0.0	0.0	0.0		0.0	0.0	0.0		0.0	0.0	3.15144	0.0	0.0	4.70372	0.0	4.40769	0.0	0.0	0.0		2.09278	0.0	0.0	0.0	0.0		NNLS	prevail_cu_cfrna_304
0.0	0.0	0.0	0.0	0.0	0.0	11.65503	0.0			0.0		12.90007	0.0		0.0	0.0	0.0		0.0	0.0		0.0	13.71437		0.0		0.57995	0.0	0.5579		0.0	4.48729	9.29285	0.0	11.14202			0.0	0.0		0.0	9.87518	0.0	0.0	0.0		0.0		0.0	0.0			0.0	0.0	0.0		0.0	0.0	0.0	0.0	0.0	0.0	0.0	0.0	0.0		0.0	0.0	0.0	0.0	0.0	0.0		0.0			0.0	0.0	0.0	0.0	0.0		0.0	0.0	0.0		0.0	2.17082	4.59388	0.0	0.0	8.10554	0.0	5.55376	0.0	0.0	0.0		5.37134	0.0	0.0	0.0	0.0		NNLS	prevail_cu_cfrna_305
0.0	0.0	0.0	0.0	0.0	0.0	6.62309	0.0			0.0		0.0	0.0		0.0	0.0	0.0		0.0	0.0		0.0	10.37407		0.0		0.0	0.0	0.0		0.0	1.02434	0.8127	0.0	57.47948			0.0	0.0		0.0	0.81743	0.0	1.59784	0.0		0.0		0.0	0.0			0.0	0.0	0.0		0.0	0.0	0.0	0.0	0.0	0.0	1.71976	0.0	0.0		0.0	0.12773	0.0	0.0	2.74864	0.0		0.0			0.0	0.0	0.0	0.0	0.0		1.38382	0.0	0.0		0.0	1.40487	4.23692	0.0	0.0	5.80846	0.0	2.81037	0.0	0.0	0.0		1.03047	0.0	0.0	0.0	0.0		NNLS	prevail_cu_cfrna_81
0.0	0.0	0.0	0.0	0.0	0.0	10.50809	0.0			0.0		6.36573	0.0		0.0	0.0	0.0		0.0	0.0		0.0	24.37284		0.0		0.0	0.0	0.2368		0.0	2.99949	0.0	0.0	28.59481			0.0	0.0		0.0	4.80573	0.0	0.0	0.0		0.0		0.0	0.0			0.0	0.0	0.0		0.0	0.0	0.0	0.0	0.0	0.0	0.0	0.0	0.0		0.0	0.0962	0.0	0.0	0.0	0.0		0.0			0.0	0.0	0.0	0.0	0.0		0.0	0.0	0.0		0.0	1.84225	4.00273	0.0	0.0	5.49586	0.0	6.24937	0.0	0.0	0.0		4.43009	0.0	0.0	0.0	0.0		NNLS	prevail_cu_cfrna_82
0.0	0.0	0.0	0.0	0.0	0.0	7.94392	0.0			0.0		12.19364	0.0		0.0	0.0	0.0		0.0	0.0		0.0	26.58314		0.0		0.0	0.43643	1.3754		0.0	4.18257	0.0	0.0	22.72209			0.0	0.0		0.0	5.27853	0.0	0.0	0.0		0.0		0.0	0.0			0.0	0.0	0.0		0.0	0.0	0.0	0.0	0.0	0.0	0.0	0.0	0.0		0.0	0.76085	0.0	0.0	0.0	0.0		0.0			0.0	0.0	0.0	2.29645	0.0		0.0	0.0	0.0		0.0	0.0	3.49302	0.0	0.0	5.2091	0.0	6.42274	0.0	0.0	0.0		1.10212	0.0	0.0	0.0	0.0		NNLS	prevail_cu_cfrna_83
0.0	0.0	0.0	0.0	0.0	0.0	6.66871	0.0			0.0		12.80139	0.0		0.0	0.0	0.0		0.0	0.0		0.0	14.67969		0.0		0.27393	0.0	0.75057		0.0	6.44671	7.07181	0.0	15.22251			0.0	0.0		0.0	3.93927	0.0	0.0	0.0		0.0		0.0	0.0			0.0	0.0	0.0		0.0	0.0	0.0	0.0	0.0	0.0	0.0	0.0	0.0		0.0	0.16577	0.0	0.0	1.25805	0.0		0.0			0.0	0.0	0.36311	0.0	0.0		0.0	0.0	0.0		0.0	5.072	4.6984	0.0	0.0	8.20816	0.0	4.11882	0.0	0.0	0.0		8.26111	0.0	0.0	0.0	0.0		NNLS	prevail_cu_cfrna_260
0.0	0.0	0.0	0.0	0.0	0.0	0.0	0.0			0.0		0.0	0.0		0.0	0.0	0.0		0.0	0.0		0.0	51.30627		0.0		0.0	0.0	0.0		0.0	0.44817	4.68358	0.0	3.31485			0.0	0.0		0.0	0.0	0.0	0.0	0.0		0.0		0.0	0.0			0.0	0.0	0.0		0.0	0.0	0.0	0.0	0.0	0.0	3.21363	0.0	0.0		0.0	0.0	0.0	7.26597	1.63345	0.0		0.0			0.0	0.0	0.0	0.0	0.58368		6.76107	0.0	0.0		0.0	0.0	2.28954	0.0	0.0	10.88608	0.0	1.00433	0.0	0.0	0.0		6.60938	0.0	0.0	0.0	0.0		NNLS	prevail_cu_cfrna_226
0.0	0.0	0.0	0.0	0.0	0.0	2.19295	0.0			0.0		15.24301	0.0		0.0	0.0	0.0		0.0	0.0		0.0	10.43092		0.0		0.0	0.0	0.0		0.0	2.52778	6.90602	0.0	7.23124			0.0	0.0		0.0	6.1366	0.0	0.0	0.0		0.0		0.0	0.0			0.0	0.0	0.0		0.0	0.0	0.0	0.0	0.0	0.0	0.0	0.0	0.0		0.0	0.0	0.0	0.0	0.13203	0.0		0.0			0.0	0.0	0.0	0.0	0.0		9.53199	0.0	0.0		0.0	4.29324	6.35927	0.0	0.0	10.33659	0.0	6.59002	0.0	0.0	0.0		12.08835	0.0	0.0	0.0	0.0		NNLS	prevail_cu_cfrna_321
0.0	0.0	0.0	0.0	0.0	0.0	2.92164	0.0			0.0		16.27978	0.0		0.0	0.0	0.0		0.0	0.0		0.0	12.06841		0.0		0.11583	0.0	0.32018		0.0	6.09968	9.80974	0.0	4.1205			0.0	0.0		0.0	1.52731	0.0	0.0	0.0		0.0		0.0	0.0			0.0	0.0	0.0		0.0	0.0	0.0	0.0	0.0	0.0	0.57472	0.0	0.0		0.0	0.91791	0.0	0.0	3.39222	0.0		0.0			0.0	0.0	0.0	0.0	0.0		0.0	0.0	0.0		0.0	1.6961	6.7337	0.0	0.0	13.4154	0.0	5.56166	0.0	0.0	0.0		14.44523	0.0	0.0	0.0	0.0		NNLS	prevail_cu_cfrna_307
0.0	0.0	0.0	0.0	0.0	0.0	5.36609	0.0			0.0		15.0205	0.0		0.0	0.0	0.0		0.0	0.0		0.0	15.81956		0.0		2.96236	0.0	0.83295		0.0	4.82575	9.3484	0.0	12.41309			0.0	0.0		0.0	6.66489	0.0	0.0	0.0		0.0		0.0	0.0			0.0	0.0	0.0		0.0	0.0	0.0	0.0	0.0	0.0	0.0	0.0	0.0		0.0	0.0	0.0	0.0	2.0869	0.0		0.0			0.0	0.0	0.0	0.0	0.0		0.0	0.0	0.0		0.0	2.18929	3.6717	0.0	0.0	8.67471	0.0	4.19514	0.0	0.0	0.0		5.92866	0.0	0.0	0.0	0.0		NNLS	prevail_cu_cfrna_313
0.0	0.0	0.0	0.0	5.43328	0.0	0.0	0.0			0.0		11.52542	0.0		0.0	0.07127	0.0		0.0	1.25026		0.0	11.51326		0.61827		1.13933	0.0	0.74722		0.0	6.81998	1.18394	0.0	7.63248			0.0	0.0		0.0	10.28319	0.0	0.0	0.0		0.0		0.0	0.0			0.0	0.0	1.57942		0.0	0.0	0.0	0.0	0.0	0.0	0.0	0.0	0.0		0.0	2.05689	0.0	0.0	1.81823	0.0		0.0			0.0	0.0	1.79264	0.0	0.0		0.0	0.0	0.0		0.0	2.04957	6.81913	0.0	0.0	11.56337	0.0	3.05837	0.0	0.0	0.0		11.04447	0.0	0.0	0.0	0.0		NNLS	prevail_cu_cfrna_258
0.0	0.0	0.0	0.0	0.0	0.0	11.92711	0.0			0.0		7.80155	0.0		0.0	0.0	0.0		0.0	0.0		0.0	29.54251		0.0		0.0	0.64413	1.498		0.0	4.66145	0.0	0.0	21.28918			0.0	0.0		0.0	5.35086	0.0	0.0	0.0		0.0		0.0	0.0			0.0	0.0	0.0		0.0	0.0	0.0	0.0	0.0	0.0	0.0	0.0	0.0		0.0	0.0	0.0	0.0	0.0	0.0		0.0			0.0	0.0	0.0	0.0	1.68744		0.0	0.0	0.0		0.0	0.0	3.97652	0.75177	0.0	5.34315	0.0	4.95217	0.0	0.0	0.0		0.57416	0.0	0.0	0.0	0.0		NNLS	prevail_cu_cfrna_318
0.0	0.0	0.0	0.0	0.0	0.0	5.81202	0.0			0.0		14.12267	0.0		0.0	0.0	0.0		0.0	0.0		0.0	27.3649		0.0		0.0	1.17339	1.05912		0.0	6.77968	0.0	0.0	5.92168			0.0	0.0		0.0	11.54896	0.0	0.0	0.0		0.0		0.0	0.0			0.0	0.0	0.14572		0.0	0.0	0.0	0.0	0.0	0.0	0.0	0.0	0.0		0.0	1.7723	0.0	0.0	0.0	0.0		0.0			0.0	0.0	0.0	0.0	0.0		0.0	0.0	0.0		0.0	0.0	6.93143	0.0	0.0	9.07636	0.0	5.58493	0.0	0.0	0.0		2.70686	0.0	0.0	0.0	0.0		NNLS	prevail_cu_cfrna_303
0.0	0.0	0.0	0.0	0.0	0.0	10.42207	0.0			0.0		12.05606	0.0		0.0	0.0	0.0		0.0	0.0		0.0	37.81384		0.0		0.0	0.17812	1.36985		0.0	3.60199	0.0	0.0	8.12928			0.0	0.0		0.0	8.01202	0.0	0.0	0.0		0.0		0.0	0.0			0.0	0.0	0.0		0.0	0.0	0.0	0.0	0.0	0.0	0.0	0.0	0.0		0.0	0.0	0.0	0.0	0.0	0.0		0.0			0.0	0.0	0.0	0.0	0.6726		0.0	0.0	0.0		0.0	0.0	3.50719	0.0	0.0	5.5887	0.0	5.57225	0.0	0.0	0.0		3.07602	0.0	0.0	0.0	0.0		NNLS	prevail_cu_cfrna_95
0.0	0.0	0.0	0.0	0.0	0.0	4.83939	0.0			0.0		17.87743	0.0		0.0	0.0	0.0		0.0	0.0		0.0	32.90143		0.0		0.0	0.37171	1.56158		0.0	6.48113	0.0	0.0	2.68707			0.0	0.0		0.0	7.54465	0.0	0.0	0.0		0.0		0.0	0.0			0.0	0.0	0.0		0.0	0.0	0.0	0.0	0.0	0.0	0.0	0.0	0.0		0.0	0.82771	0.0	0.0	0.0	0.0		0.0			0.0	0.0	0.0	0.0	0.0		0.0	0.0	0.0		0.0	0.0	4.63804	0.0	0.0	9.54001	0.0	6.51068	0.0	0.0	0.0		4.21918	0.0	0.0	0.0	0.0		NNLS	prevail_cu_cfrna_280
0.0	0.0	0.0	0.0	0.0	0.0	10.5933	0.0			0.0		9.14658	0.0		0.0	0.0	0.0		0.0	0.0		0.0	12.96177		0.0		5.69618	1.28631	1.25618		0.0	4.29554	0.94195	0.0	20.28506			0.0	0.0		0.0	17.83717	0.0	0.0	0.0		0.0		0.0	0.0			0.0	0.0	0.0		0.0	0.0	0.0	0.0	0.0	0.0	0.0	0.0	0.0		0.0	0.11953	0.0	0.0	0.0	0.0		0.0			0.0	0.0	1.82022	0.0	0.56166		0.0	0.0	0.0		0.0	1.60821	2.73983	0.0	0.0	4.25048	0.0	1.23852	0.0	0.0	0.0		3.36151	0.0	0.0	0.0	0.0		NNLS	prevail_cu_cfrna_317
0.0	0.0	0.0	0.0	0.0	0.0	1.04036	0.0			0.0		11.99706	0.0		0.0	0.0	0.0		0.0	0.0		0.0	9.20991		0.0		0.0	0.0	0.0		0.0	4.20447	5.84805	0.0	20.59159			0.0	0.0		0.0	7.71578	0.0	1.16907	0.0		0.0		0.0	0.0			0.0	0.0	0.0		0.0	0.0	0.0	0.0	0.0	0.0	0.0	0.0	0.0		0.0	0.0	0.0	0.0	1.79133	0.0		0.0			0.0	0.0	0.0	0.0	0.0		6.48799	0.0	0.0		0.0	3.70142	4.75215	0.0	1.76178	8.56318	0.0	2.14653	0.0	0.0	0.0		9.01933	0.0	0.0	0.0	0.0		NNLS	prevail_cu_cfrna_310
0.0	0.0	0.0	0.0	0.0	0.0	8.13006	0.0			0.0		16.12512	0.0		0.0	0.0	0.0		0.0	0.0		0.0	18.24338		0.0		0.24834	0.80513	0.82521		0.0	6.90353	0.0	0.0	3.30558			0.0	0.0		0.0	12.72061	0.0	0.0	0.0		0.0		0.0	0.0			0.0	0.0	0.53658		0.0	0.0	0.0	0.0	0.0	0.0	0.0	0.0	0.0		0.0	1.00405	0.0	0.0	0.79528	0.0		0.0			0.0	0.0	0.0	0.0	0.0		0.0	0.0	0.0		0.0	0.59459	6.41232	0.0	0.0	10.49061	0.0	6.71736	0.0	0.0	0.0		6.14225	0.0	0.0	0.0	0.0		NNLS	prevail_cu_cfrna_309
0.0	0.0	0.0	0.0	0.0	0.0	9.46988	0.0			0.0		10.55818	0.0		0.0	0.0	0.0		0.0	0.0		0.0	15.38432		0.0		0.0	0.0	0.0		0.0	5.55296	1.1206	0.0	8.30298			0.0	0.0		0.0	0.00322	0.0	0.0	0.0		0.0		0.0	0.0			0.0	0.0	0.0		0.0	0.0	0.0	0.0	0.0	0.0	0.0	0.0	0.20652		0.0	1.83178	0.0	0.0	3.06017	0.0		0.0			0.0	0.0	0.0	0.0	0.0		2.132	0.0	0.0		0.0	0.0	9.62308	0.0	0.0	13.0115	0.0	10.43126	0.0	0.0	0.0		9.31155	0.0	0.0	0.0	0.0		NNLS	prevail_cu_cfrna_201
0.0	0.0	0.0	0.0	0.0	0.0	5.47875	0.0			0.0		11.77607	0.0		0.0	0.0	0.0		0.0	0.0		0.0	26.56532		0.0		0.0	0.16209	0.64724		0.0	2.54856	0.09429	0.0	23.98732			0.0	0.0		0.0	6.80529	0.0	0.0	0.0		0.0		0.0	0.0			0.0	0.0	0.0		0.0	0.0	0.0	0.0	0.0	0.0	0.0	0.0	0.01215		0.0	0.47854	0.0	0.0	0.70782	0.0		0.0			0.0	0.0	0.0	0.0	0.0		0.0	0.0	0.0		0.0	0.0	3.96564	0.0	0.05808	8.06617	0.0	3.76782	0.0	0.0	0.0		4.87886	0.0	0.0	0.0	0.0		NNLS	prevail_cu_cfrna_290
0.0	0.0	0.0	0.0	0.0	0.0	10.27052	0.0			0.0		13.5397	0.0		0.0	0.0	0.0		0.0	0.0		0.0	17.82425		0.0		0.0	0.0	0.02756		0.0	6.81833	4.90748	0.0	5.04558			0.0	0.0		0.0	5.37019	0.0	0.0	0.0		0.0		0.0	0.0			0.0	0.0	0.0		0.0	0.0	0.0	0.0	0.0	0.0	0.0	0.0	0.0		0.0	0.90797	0.0	0.0	2.13617	0.0		0.0			0.0	0.0	0.0	0.0	0.0		0.0	0.0	0.0		0.0	0.0	6.70323	0.0	0.0	11.29611	0.0	7.1675	0.0	0.0	0.0		7.98541	0.0	0.0	0.0	0.0		NNLS	prevail_cu_cfrna_222
0.0	0.0	0.0	0.0	0.0	0.0	6.09889	0.0			0.0		20.31707	0.0		0.0	0.0	0.0		0.0	0.0		0.0	9.65482		0.0		0.60009	0.0	0.10217		0.0	2.93764	8.43259	0.0	14.32111			0.0	0.0		0.0	8.37323	0.0	0.0	0.0		0.0		0.0	0.0			0.0	0.0	0.0		0.0	0.0	0.0	0.0	0.0	0.0	0.0	0.0	0.0		0.0	0.0	0.0	0.0	0.0	0.0		0.0			0.0	0.0	0.0	0.0	0.0		6.09482	0.0	0.0		0.0	4.88523	2.98226	0.0	0.0	5.59335	0.0	4.40626	0.0	0.0	0.0		5.20048	0.0	0.0	0.0	0.0		NNLS	prevail_cu_cfrna_108
0.0	0.0	0.0	0.0	0.0	0.0	6.44466	0.0			0.0		7.64474	0.0		0.0	0.0	0.0		0.0	0.0		0.0	21.36926		0.0		0.0	0.0	0.0		0.0	1.93524	3.47407	0.0	9.83165			0.0	0.0		0.0	0.89913	0.0	0.0	0.0		0.0		0.0	0.0			0.0	0.0	0.0		0.0	0.0	0.0	0.0	0.0	0.0	0.0	0.0	0.0		0.0	0.24744	0.0	0.0	2.72841	0.0		0.0			0.0	0.0	0.0	0.0	0.0		5.05087	0.0	0.0		0.0	0.17634	7.75962	0.0	0.0	13.42229	0.0	7.61123	0.0	0.0	0.0		11.40505	0.0	0.0	0.0	0.0		NNLS	prevail_cu_cfrna_294
0.0	0.0	0.0	0.0	0.0	0.0	0.0	0.0			0.0		0.0	0.0		0.0	0.0	0.0		0.0	0.0		0.0	11.79665		0.0		0.0	0.0	0.0		0.0	1.95366	5.94905	0.0	17.09403			0.0	0.0		0.0	0.0	0.0	1.66615	0.0		0.0		0.0	0.0			0.0	0.0	0.0		0.0	0.0	0.0	0.0	0.0	0.0	5.37661	0.0	0.0		0.0	0.0	0.0	0.0	2.14138	0.0		0.0			0.0	0.0	0.0	0.0	0.0		14.1254	0.0	0.0		0.0	3.9145	7.53888	0.0	0.0	8.8161	0.0	4.41139	0.0	0.0	0.0		15.21619	0.0	0.0	0.0	0.0		NNLS	prevail_cu_cfrna_127
0.0	0.0	0.0	0.0	0.0	0.0	2.87129	0.0			0.0		14.44928	0.0		0.0	0.0	0.0		0.0	0.0		0.0	13.29895		0.0		0.0	0.0	0.0		0.0	3.46677	7.66962	0.0	10.03908			0.0	0.0		0.0	8.58817	0.0	0.0	0.0		0.0		0.0	0.0			0.0	0.0	0.0		0.0	0.0	0.0	0.0	0.0	0.0	0.0	0.0	0.02172		0.0	0.0	0.0	0.0	0.35953	0.0		0.0			0.0	0.0	0.0	0.0	0.0		5.11449	0.0	0.0		0.0	2.73099	4.99457	0.0	0.0	9.73744	0.0	4.57041	0.0	0.0	0.0		12.08767	0.0	0.0	0.0	0.0		NNLS	prevail_cu_cfrna_287
0.0	0.0	0.0	0.0	0.0	0.0	0.0	0.0			0.0		8.45677	0.0		0.0	0.0	0.0		0.0	0.0		0.0	5.56181		0.0		0.0	0.0	0.0		0.0	1.2188	0.0	0.0	20.9608			0.0	0.0		0.0	4.67454	0.0	0.66967	0.0		0.0		0.0	0.0			0.0	0.0	0.0		0.0	0.0	0.0	0.0	0.0	0.0	0.0	0.0	0.0		0.0	0.0	0.0	0.0	0.0	0.0		0.0			0.0	0.0	0.0	0.0	0.0		15.58376	0.0	0.0		0.0	6.50776	7.46564	0.0	0.0	8.91298	0.0	4.02585	0.0	0.0	0.0		15.96163	0.0	0.0	0.0	0.0		NNLS	prevail_cu_cfrna_137
0.0	0.0	0.0	0.0	0.0	0.0	0.0	0.0			0.0		0.0	0.0		0.0	0.0	0.0		0.0	0.0		0.0	8.77338		0.0		0.0	0.0	0.0		0.0	1.41321	0.0	0.0	17.79318			0.0	0.0		0.0	0.0	0.0	0.65461	0.0		0.0		0.0	0.0			0.0	0.0	0.0		0.0	0.0	0.0	0.0	0.0	0.0	1.69568	0.0	0.18965		0.0	0.0	0.0	0.0	0.0	0.0		0.0			0.0	0.0	0.0	0.0	0.0		18.1355	0.0	0.0		0.0	8.7286	6.91438	0.0	6.39505	7.61982	0.0	0.0	0.0	0.0	0.0		21.68693	0.0	0.0	0.0	0.0		NNLS	prevail_cu_cfrna_119
0.0	0.0	0.0	0.0	0.0	0.0	0.0	0.0			0.0		4.20137	0.0		0.0	0.0	0.0		0.0	0.0		0.0	11.62359		0.0		0.0	0.0	0.0		0.0	3.63165	8.55415	0.0	11.3529			0.0	0.0		0.0	0.39171	0.0	0.0	0.0		0.0		0.0	0.0			0.0	0.0	0.0		0.0	0.0	0.0	0.0	0.0	0.0	9.47909	0.0	0.23456		0.0	0.0	0.0	2.14728	1.75708	0.0		0.0			0.0	0.0	0.0	0.0	0.0		6.19809	0.0	0.0		0.0	2.82363	5.05354	0.0	2.52311	8.73335	0.0	3.80047	0.0	0.0	0.0		17.49444	0.0	0.0	0.0	0.0		NNLS	prevail_cu_cfrna_282
0.0	0.0	0.0	0.0	0.0	0.0	0.0	0.0			0.0		7.56298	0.0		0.0	0.0	0.0		0.0	0.0		0.0	6.56043		0.0		0.0	0.0	0.0		0.0	1.9408	1.50455	0.0	21.72928			0.0	0.0		0.0	0.96451	0.0	0.87297	0.0		0.0		0.0	0.0			0.0	0.0	0.0		0.0	0.0	0.0	0.0	0.0	0.0	0.0	0.0	0.05066		0.0	0.0	0.0	0.0	0.0	0.0		0.0			0.0	0.0	0.0	0.0	0.0		13.12361	0.0	0.0		0.0	6.49559	6.36843	0.0	6.29101	7.77973	0.0	1.40101	0.0	0.0	0.0		17.35445	0.0	0.0	0.0	0.0		NNLS	prevail_cu_cfrna_291
0.0	0.0	0.0	0.0	0.0	0.0	0.0	0.0			0.0		0.0	0.0		0.0	0.0	0.0		0.0	0.0		0.0	13.45223		0.0		0.0	0.0	0.0		0.0	1.51599	11.48332	0.0	16.37842			0.0	0.0		0.0	0.0	0.0	0.0	0.0		0.0		0.0	0.0			0.0	0.0	0.0		0.0	0.0	0.0	0.0	0.0	0.0	8.91926	0.0	0.0		0.0	0.0	0.0	1.82579	0.9	0.0		0.0			0.0	0.0	0.0	0.0	0.0		13.84825	0.0	0.0		0.0	5.77911	3.57417	0.0	0.0	5.98377	0.0	1.07746	0.0	0.0	0.0		15.26223	0.0	0.0	0.0	0.0		NNLS	prevail_cu_cfrna_284
0.0	0.0	0.0	0.0	0.0	0.0	0.0	0.0			0.0		0.0	0.0		0.0	0.0	0.0		0.0	0.0		0.0	8.10026		0.0		0.0	0.0	0.0		0.0	0.60538	0.0	0.0	11.82534			0.0	0.0		0.0	0.0	0.0	0.0	0.0		0.0		0.0	0.0			0.0	0.0	0.0		0.0	0.0	0.0	0.0	0.0	0.0	0.0	0.0	0.0		0.0	0.0	0.0	0.0	0.0	0.0		0.0			0.0	0.0	0.0	0.0	0.0		25.02009	0.0	0.0		0.0	13.44915	7.09302	0.0	3.81796	7.12692	0.0	0.0	0.0	0.0	0.0		22.96189	0.0	0.0	0.0	0.0		NNLS	prevail_cu_cfrna_124
0.0	0.0	0.0	0.0	0.0	0.0	0.0	0.0			0.0		4.01886	0.0		0.0	0.0	0.0		0.0	0.0		0.0	7.4305		0.0		0.0	0.0	0.0		0.0	1.81448	2.56202	0.0	16.57053			0.0	0.0		0.0	0.0	0.0	0.51679	0.0		0.0		0.0	0.0			0.0	0.0	0.0		0.0	0.0	0.0	0.0	0.0	0.0	1.48512	0.0	0.09451		0.0	0.0	0.0	0.0	0.0	0.0		0.0			0.0	0.0	0.0	0.0	0.0		17.36517	0.0	0.0		0.0	7.62903	6.44464	0.0	5.31512	7.87027	0.0	1.11415	0.0	0.0	0.0		19.76883	0.0	0.0	0.0	0.0		NNLS	prevail_cu_cfrna_146
0.0	0.0	0.0	0.0	0.0	0.0	0.25931	0.0			0.0		8.82657	0.0		0.0	0.0	0.0		0.0	0.0		0.0	11.86151		0.0		0.0	0.0	0.0		0.0	2.37632	3.49468	0.0	10.21151			0.0	0.0		0.0	0.0	0.0	0.0	0.0		0.0		0.0	0.0			0.0	0.0	0.0		0.0	0.0	0.0	0.0	0.0	0.0	0.0	0.0	0.0		0.0	0.29437	0.0	0.0	2.08211	0.0		0.0			0.0	0.0	0.0	0.0	0.0		12.26739	0.0	0.0		0.0	2.59883	8.93604	0.0	0.0	11.56872	0.0	10.09184	0.0	0.0	0.0		15.1308	0.0	0.0	0.0	0.0		NNLS	prevail_cu_cfrna_12
0.0	0.0	0.0	0.0	0.0	0.0	0.0	0.0			0.0		0.0	0.0		0.0	0.0	0.0		0.0	0.0		0.0	8.54775		0.0		0.0	0.0	0.0		0.0	1.93932	0.0	0.0	13.36219			0.0	0.0		0.0	0.0	0.0	0.86347	0.0		0.0		0.0	0.0			0.0	0.0	0.0		0.0	0.0	0.0	0.0	0.0	0.0	1.75451	0.0	0.2596		0.0	0.0	0.0	0.0	0.0	0.0		0.0			0.0	0.0	0.0	0.0	0.0		16.71381	0.0	0.0		0.0	7.6924	7.79851	0.0	8.66987	8.40965	0.0	0.0	0.0	0.0	0.0		23.98892	0.0	0.0	0.0	0.0		NNLS	prevail_cu_cfrna_120
0.0	0.0	0.0	0.0	0.0	0.0	0.0	0.0			0.0		0.0	0.0		0.0	0.0	0.0		0.0	0.0		0.0	10.02895		0.0		0.0	0.0	0.0		0.0	1.41283	0.479	0.0	13.51432			0.0	0.0		0.0	0.0	0.0	0.84159	0.0		0.0		0.0	0.0			0.0	0.0	0.0		0.0	0.0	0.0	0.0	0.0	0.0	3.07294	0.0	0.06935		0.0	0.0	0.0	0.0	0.0	0.0		0.0			0.0	0.0	0.0	0.0	0.0		20.12897	0.0	0.0		0.0	7.84982	6.31409	0.0	6.82313	7.26438	0.0	0.0	0.0	0.0	0.0		20.04282	0.0	2.15783	0.0	0.0		NNLS	prevail_cu_cfrna_136
0.0	0.0	0.0	0.0	0.0	0.0	4.66781	0.0			0.0		14.82723	0.0		0.0	0.0	0.0		0.0	0.0		0.0	13.71534		0.0		0.59758	0.0	0.54764		0.0	3.9967	11.9325	0.0	13.78358			0.0	0.0		0.0	7.12945	0.0	0.0	0.0		0.0		0.0	0.0			0.0	0.0	0.0		0.0	0.0	0.0	0.0	0.0	0.0	0.0	0.0	0.0		0.0	0.09004	0.0	0.92271	2.00431	0.0		0.0			0.0	0.0	0.0	0.0	0.0		1.10998	0.0	0.0		0.0	0.23833	3.89135	0.0	0.0	8.6212	0.0	5.14655	0.0	0.0	0.0		6.77771	0.0	0.0	0.0	0.0		NNLS	prevail_cu_cfrna_285
0.0	0.0	0.0	0.0	0.0	0.0	0.0	0.0			0.0		0.0	0.0		0.0	0.0	0.0		0.0	0.0		0.0	8.2116		0.0		0.0	0.0	0.0		0.0	0.0	0.0	0.0	10.03234			0.0	0.0		0.0	0.0	0.0	0.0	0.0		0.0		0.0	0.0			0.0	0.0	0.0		0.0	0.0	0.0	0.0	0.0	0.0	2.56387	0.0	0.0		0.0	0.0	0.0	0.0	0.0	0.0		0.0			0.0	0.0	0.0	0.0	0.0		25.28841	0.0	0.0		0.0	9.83175	5.41718	0.0	6.81011	4.45766	0.0	0.0	0.0	0.0	0.0		27.38707	0.0	0.0	0.0	0.0		NNLS	prevail_cu_cfrna_125
0.0	0.0	0.0	0.0	0.0	0.0	0.0	0.0			0.0		0.0	0.0		0.0	0.0	0.0		0.0	0.0		0.0	8.16022		0.0		0.0	0.0	0.0		0.0	0.02153	0.0	0.0	12.20996			0.0	0.0		0.0	0.0	0.0	0.0	0.0		0.0		0.0	0.0			0.0	0.0	0.0		0.0	0.0	0.0	0.0	0.0	0.0	0.36287	0.0	0.04871		0.0	0.0	0.0	0.0	0.0	0.0		0.0			0.0	0.0	0.0	0.0	0.0		25.33792	0.0	0.0		0.0	12.70167	5.92078	0.0	6.21229	5.71848	0.0	0.0	0.0	0.0	0.0		23.30558	0.0	0.0	0.0	0.0		NNLS	prevail_cu_cfrna_129
0.0	0.0	0.0	0.0	0.0	0.0	7.71301	0.0			0.0		18.59231	0.0		0.0	0.0	0.0		0.0	0.0		0.0	3.67112		0.0		5.03185	0.0	0.38661		0.0	4.32334	8.80551	0.0	7.05982			0.0	0.0		0.0	12.44841	0.0	0.0	0.0		0.0		0.0	0.0			0.0	0.0	0.0		0.0	0.0	0.0	0.0	0.0	0.0	0.0	0.0	0.0		0.0	0.0	0.0	0.0	1.03523	0.0		0.0			0.0	0.0	0.50283	0.0	0.0		0.0	0.0	0.0		0.0	1.40952	5.14599	0.0	0.0	10.13306	0.0	2.86847	0.0	0.0	0.0		10.87291	0.0	0.0	0.0	0.0		NNLS	prevail_cu_cfrna_295
0.0	0.0	0.0	0.0	0.0	0.0	10.90344	0.0			0.0		11.77878	0.0		0.0	0.0	0.0		0.0	0.0		0.0	28.87561		0.0		0.0	1.30046	1.65807		0.0	5.31189	0.0	0.0	9.39769			0.0	0.0		0.0	9.91198	0.0	0.0	0.0		0.0		0.0	0.0			0.0	0.0	0.0		0.0	0.0	0.0	0.0	0.0	0.0	0.0	0.0	0.0		0.0	0.91219	0.0	0.0	0.0	0.0		0.0			0.0	0.0	0.0	0.0	1.14705		0.0	0.0	0.0		0.0	0.0	4.45684	0.20609	0.0	6.40195	0.0	6.0677	0.0	0.0	0.0		1.67024	0.0	0.0	0.0	0.0		NNLS	prevail_cu_cfrna_292
0.0	0.0	0.0	0.0	0.0	0.0	0.0	0.0			0.0		8.66385	0.0		0.0	0.0	0.0		0.0	0.0		0.0	2.8162		0.0		0.0	0.0	0.0		0.0	1.77959	2.04382	0.0	19.7828			0.0	0.0		0.0	1.39995	0.0	0.45799	0.0		0.0		0.0	0.0			0.0	0.0	0.0		0.0	0.0	0.0	0.0	0.0	0.0	0.0	0.0	0.0367		0.0	0.0	0.0	0.0	0.0	0.0		0.0			0.0	0.0	0.0	0.0	0.0		19.94044	0.0	0.0		0.0	11.72087	4.76823	0.0	5.55259	4.25715	0.0	0.0	0.0	0.0	0.0		16.77982	0.0	0.0	0.0	0.0		NNLS	prevail_cu_cfrna_141
0.0	0.0	0.0	0.0	0.0	0.0	0.0	0.0			0.0		5.03472	0.0		0.0	0.0	0.0		0.0	0.0		0.0	7.21407		0.0		0.0	0.0	0.0		0.0	0.5098	2.57318	0.0	18.69968			0.0	0.0		0.0	0.0	0.0	0.53471	0.0		0.0		0.0	0.0			0.0	0.0	0.0		0.0	0.0	0.0	0.0	0.0	0.0	0.15594	0.0	0.0		0.0	0.0	0.0	0.0	0.0	0.0		0.0			0.0	0.0	0.0	0.0	0.0		19.33285	0.0	0.0		0.0	8.54591	6.86222	0.0	2.01198	7.53295	0.0	2.4287	0.0	0.0	0.0		18.56329	0.0	0.0	0.0	0.0		NNLS	prevail_cu_cfrna_126
0.0	0.0	0.0	0.0	0.0	0.0	0.0	0.0			0.0		1.52194	0.0		0.0	0.0	0.0		0.0	0.0		0.0	7.616		0.0		0.0	0.0	0.0		0.0	0.82127	6.71147	0.0	9.87799			0.0	0.0		0.0	0.0	0.0	0.0	0.0		0.0		0.0	0.0			0.0	0.0	0.0		0.0	0.0	0.0	0.0	0.0	0.0	4.36222	0.0	0.0		0.0	0.0	0.0	0.0	0.0	0.0		0.0			0.0	0.0	0.0	0.0	0.0		22.62478	0.0	0.0		0.0	12.18641	4.61444	0.0	5.26403	4.71894	0.0	0.0	0.0	0.0	0.0		19.68052	0.0	0.0	0.0	0.0		NNLS	prevail_cu_cfrna_114
0.0	0.0	0.0	0.0	0.0	0.0	4.68901	0.0			0.0		9.9751	0.0		0.0	0.0	0.0		0.0	0.0		0.0	12.46092		0.0		0.0	0.0	0.0		0.0	1.74835	2.93797	0.0	9.45501			0.0	0.0		0.0	0.0	0.0	0.0	0.0		0.0		0.0	0.0			0.0	0.0	0.0		0.0	0.0	0.0	0.0	0.0	0.0	0.0	0.0	0.0		0.0	0.54378	0.0	0.0	2.24871	0.0		0.0			0.0	0.0	0.0	0.0	0.0		9.84847	0.0	0.0		0.0	1.84214	9.15688	0.0	0.0	13.00956	0.0	11.95442	0.0	0.0	0.0		10.1297	0.0	0.0	0.0	0.0		NNLS	prevail_cu_cfrna_24
0.0	0.0	0.0	0.0	0.0	0.0	0.0	0.0			0.0		7.0885	0.0		0.0	0.0	0.0		0.0	0.0		0.0	6.75797		0.0		0.0	0.0	0.0		0.0	2.83999	0.0	0.0	17.92926			0.0	0.0		0.0	0.0	0.0	3.23952	0.0		0.0		0.0	0.0			0.0	0.0	0.0		0.0	0.0	0.0	0.0	0.0	0.0	0.0	0.0	0.09983		0.0	0.0	0.0	0.0	0.0	0.0		0.0			0.0	0.0	0.0	0.0	0.0		14.94233	0.0	0.0		0.0	6.5033	8.50216	0.0	1.89476	9.82403	0.0	2.31502	0.0	0.0	0.0		18.06335	0.0	0.0	0.0	0.0		NNLS	prevail_cu_cfrna_130
0.0	0.0	0.0	0.0	0.0	0.0	7.0248	0.0			0.0		8.48807	0.0		0.0	0.0	0.0		0.0	0.0		0.0	20.77009		0.0		0.0	0.0	0.0		0.0	3.64377	6.40417	0.0	6.80259			0.0	0.0		0.0	0.0	0.0	0.0	0.0		0.0		0.0	0.0			0.0	0.0	0.0		0.0	0.0	0.0	0.0	0.0	0.0	2.33462	0.0	0.0		0.0	0.52294	0.0	0.0	3.52174	0.0		0.0			0.0	0.0	0.0	0.0	0.0		1.23167	0.0	0.0		0.0	0.0	7.04691	0.0	0.0	12.97441	0.0	8.49417	0.0	0.0	0.0		10.74005	0.0	0.0	0.0	0.0		NNLS	prevail_cu_cfrna_296
0.0	0.0	0.0	0.0	0.0	0.0	0.0	0.0			0.0		0.78315	0.0		0.0	0.0	0.0		0.0	0.0		0.0	5.23564		0.0		0.0	0.0	0.0		0.0	0.0	0.0	0.0	26.70306			0.0	0.0		0.0	0.0	0.0	0.0	0.0		0.0		0.0	0.0			0.0	0.0	0.0		0.0	0.0	0.0	0.0	0.0	0.0	1.51876	0.0	0.0		0.0	0.0	0.0	0.0	0.0	0.0		0.0			0.0	0.0	0.0	0.0	0.0		22.81735	0.0	0.0		0.0	13.47991	2.99887	0.0	5.68454	1.90653	0.0	0.0	0.0	0.0	0.0		16.74819	0.0	2.12401	0.0	0.0		NNLS	prevail_cu_cfrna_138
0.0	0.0	0.0	0.0	0.0	0.0	7.67795	0.0			0.0		17.0708	0.0		0.0	0.0	0.0		0.0	0.0		0.0	14.6707		0.0		0.0	0.0	0.0		0.0	3.96969	5.92966	0.0	5.3816			0.0	0.0		0.0	7.14291	0.0	0.0	0.0		0.0		0.0	0.0			0.0	0.0	0.0		0.0	0.0	0.0	0.0	0.0	0.0	0.0	0.0	0.0		0.0	0.17124	0.0	0.0	2.71639	0.0		0.0			0.0	0.0	0.0	0.0	0.0		0.07032	0.0	0.0		0.0	0.0	5.8948	0.0	0.0	11.90874	0.0	7.54899	0.0	0.0	0.0		9.8462	0.0	0.0	0.0	0.0		NNLS	prevail_cu_cfrna_299
0.0	0.0	0.0	0.0	0.0	0.0	0.0	0.0			0.0		7.43284	0.0		0.0	0.0	0.0		0.0	0.0		0.0	5.51694		0.0		0.0	0.0	0.0		0.0	1.88502	0.148	0.0	12.23711			0.0	0.0		0.0	5.28699	0.0	1.47119	0.0		0.0		0.0	0.0			0.0	0.0	0.0		0.0	0.0	0.0	0.0	0.0	0.0	0.0	0.0	0.02699		0.0	0.0	0.0	0.0	0.0	0.0		0.0			0.0	0.0	0.0	0.0	0.0		17.09398	0.0	0.0		0.0	8.29502	7.73985	0.0	2.61899	9.29407	0.0	1.88733	0.0	0.0	0.0		19.06568	0.0	0.0	0.0	0.0		NNLS	prevail_cu_cfrna_132
0.0	0.0	0.0	0.0	0.0	0.0	0.0	0.0			0.0		13.03599	0.0		0.0	0.0	0.0		0.0	0.0		0.0	0.61812		0.0		0.0	0.10724	0.0		0.0	2.42683	2.42046	0.0	16.69229			0.0	0.0		0.0	10.92529	0.0	0.5498	0.0		0.0		0.0	0.0			0.0	0.0	0.0		0.0	0.0	0.0	0.0	0.0	0.0	0.0	0.0	0.02074		0.0	0.0	0.0	0.0	0.0	0.0		0.0			0.0	0.0	0.0	0.0	0.0		14.22414	0.0	0.0		0.0	9.96631	4.54133	0.0	3.86288	5.70451	0.0	0.78046	0.0	0.0	0.0		14.12361	0.0	0.0	0.0	0.0		NNLS	prevail_cu_cfrna_139
0.0	0.0	0.0	0.0	0.0	0.0	0.0	0.0			0.0		0.0	0.0		0.0	0.0	0.0		0.0	0.0		0.0	11.26567		0.0		0.0	0.0	0.0		0.0	1.32283	3.12971	0.0	10.53408			0.0	0.0		0.0	0.0	0.0	1.41214	0.0		0.0		0.0	0.0			0.0	0.0	0.0		0.0	0.0	0.0	0.0	0.0	0.0	4.21916	0.0	0.15134		0.0	0.0	0.0	0.0	0.0	0.0		0.0			0.0	0.0	0.0	0.0	0.0		21.28273	0.0	0.0		0.0	10.56353	7.52114	0.0	0.0	7.44781	0.0	0.9558	0.0	0.0	0.0		20.19407	0.0	0.0	0.0	0.0		NNLS	prevail_cu_cfrna_128
0.0	0.0	0.0	0.0	0.0	0.0	0.0	0.0			0.0		0.0	0.0		0.0	0.0	0.0		0.0	0.0		0.0	10.64649		0.0		0.0	0.0	0.0		0.0	2.1409	8.97029	0.0	20.96164			0.0	0.0		0.0	0.0	0.0	0.58796	0.0		0.0		0.0	0.0			0.0	0.0	0.0		0.0	0.0	0.0	0.0	0.0	0.0	5.42971	0.0	0.0		0.0	0.0	0.0	2.10377	1.18711	0.0		0.0			0.0	0.0	0.0	0.0	0.0		13.19595	0.0	0.0		0.0	3.6986	5.81047	0.0	0.0	7.77956	0.0	2.66961	0.0	0.0	0.0		14.81796	0.0	0.0	0.0	0.0		NNLS	prevail_cu_cfrna_121
0.0	0.0	0.0	0.0	0.0	0.0	2.47603	0.0			0.0		4.04799	0.0		0.0	0.0	0.0		0.0	0.0		0.0	13.361		0.0		0.0	0.0	0.0		0.0	2.60395	3.58231	0.0	8.42974			0.0	0.0		0.0	0.0	0.0	0.0	0.0		0.0		0.0	0.0			0.0	0.0	0.0		0.0	0.0	0.0	0.0	0.0	0.0	3.91273	0.0	0.0		0.0	0.79862	0.0	0.0	3.20705	0.0		0.0			0.0	0.0	0.0	0.0	0.0		8.53292	0.0	0.0		0.0	0.0	9.83937	0.0	0.0	13.92174	0.0	11.92404	0.0	0.0	0.0		13.3625	0.0	0.0	0.0	0.0		NNLS	prevail_cu_cfrna_42
0.0	0.0	0.0	0.0	0.0	0.0	0.0	0.0			0.0		0.0	0.0		0.0	0.0	0.0		0.0	0.0		0.0	7.50965		0.0		0.0	0.0	0.0		0.0	0.15024	0.0	0.0	13.62912			0.0	0.0		0.0	0.0	0.0	0.0	0.0		0.0		0.0	0.0			0.0	0.0	0.0		0.0	0.0	0.0	0.0	0.0	0.0	4.60519	0.0	0.07131		0.0	0.0	0.0	0.0	0.0	0.0		0.0			0.0	0.0	0.0	0.0	0.0		25.85167	0.0	0.0		0.0	13.20142	4.08548	0.0	5.7851	2.63859	0.0	0.0	0.0	0.0	0.0		21.77176	0.0	0.70046	0.0	0.0		NNLS	prevail_cu_cfrna_147
0.0	0.0	0.0	0.0	0.0	0.0	0.0	0.0			0.0		10.06033	0.0		0.0	0.0	0.0		0.0	0.0		0.0	4.86517		0.0		0.0	0.0	0.0		0.0	2.96286	0.0	0.0	16.52482			0.0	0.0		0.0	2.10754	0.0	4.39161	0.0		0.0		0.0	0.0			0.0	0.0	0.0		0.0	0.0	0.0	0.0	0.0	0.0	0.0	0.0	0.0242		0.0	0.48044	0.0	0.0	0.0	0.0		0.0			0.0	0.0	0.0	0.0	0.0		13.70721	0.0	0.0		0.0	6.64218	7.8388	0.0	4.4183	8.9768	0.0	0.72285	0.0	0.0	0.0		16.27689	0.0	0.0	0.0	0.0		NNLS	prevail_cu_cfrna_140
0.0	0.0	0.0	0.0	0.0	0.0	0.0	0.0			0.0		5.68662	0.0		0.0	0.0	0.0		0.0	0.0		0.0	7.68893		0.0		0.0	0.0	0.0		0.0	1.77532	0.0	0.0	15.78743			0.0	0.0		0.0	3.15528	0.0	1.13433	0.0		0.0		0.0	0.0			0.0	0.0	0.0		0.0	0.0	0.0	0.0	0.0	0.0	0.0	0.0	0.0		0.0	0.27316	0.0	0.0	0.0	0.0		0.0			0.0	0.0	0.0	0.0	0.0		14.51535	0.0	0.0		0.0	4.53203	9.64677	0.0	0.0	11.86636	0.0	5.45987	0.0	0.0	0.0		18.47856	0.0	0.0	0.0	0.0		NNLS	prevail_cu_cfrna_135
0.0	0.0	0.0	0.0	0.0	0.0	0.0	0.0			0.0		4.53891	0.0		0.0	0.0	0.0		0.0	0.0		0.0	11.72728		0.0		0.0	0.0	0.0		0.0	2.03907	3.47523	0.0	13.03695			0.0	0.0		0.0	0.0	0.0	0.0	0.0		0.0		0.0	0.0			0.0	0.0	0.0		0.0	0.0	0.0	0.0	0.0	0.0	1.14456	0.0	0.0		0.0	0.07624	0.0	0.0	1.58252	0.0		0.0			0.0	0.0	0.0	0.0	0.0		14.22139	0.0	0.0		0.0	4.39703	8.90972	0.0	0.0	11.34296	0.0	7.81523	0.0	0.0	0.0		15.69291	0.0	0.0	0.0	0.0		NNLS	prevail_cu_cfrna_286
0.0	0.0	0.0	0.0	0.0	0.0	0.0	0.0			0.0		1.17992	0.0		0.0	0.0	0.0		0.0	0.0		0.0	7.51519		0.0		0.0	0.0	0.0		0.0	0.03824	2.86422	0.0	17.18637			0.0	0.0		0.0	0.0	0.0	0.0	0.0		0.0		0.0	0.0			0.0	0.0	0.0		0.0	0.0	0.0	0.0	0.0	0.0	2.69169	0.0	0.0		0.0	0.0	0.0	0.0	0.0	0.0		0.0			0.0	0.0	0.0	0.0	0.0		23.50688	0.0	0.0		0.0	13.05668	4.77778	0.0	3.81432	4.3076	0.0	0.0	0.0	0.0	0.0		19.06109	0.0	0.0	0.0	0.0		NNLS	prevail_cu_cfrna_131
0.0	0.0	0.0	0.0	0.0	0.0	0.0	0.0			0.0		1.42594	0.0		0.0	0.0	0.0		0.0	0.0		0.0	9.46585		0.0		0.0	0.0	0.0		0.0	1.15734	0.85003	0.0	12.42183			0.0	0.0		0.0	0.0	0.0	0.71333	0.0		0.0		0.0	0.0			0.0	0.0	0.0		0.0	0.0	0.0	0.0	0.0	0.0	2.38879	0.0	0.02484		0.0	0.0	0.0	0.0	0.0	0.0		0.0			0.0	0.0	0.0	0.0	0.0		22.23008	0.0	0.0		0.0	11.05864	6.9058	0.0	3.19797	7.38143	0.0	0.0	0.0	0.0	0.0		20.77814	0.0	0.0	0.0	0.0		NNLS	prevail_cu_cfrna_142
0.0	0.0	0.0	0.0	0.0	0.0	0.0	0.0			0.0		2.14494	0.0		0.0	0.0	0.0		0.0	0.0		0.0	8.65654		0.0		0.0	0.0	0.0		0.0	1.62022	5.82581	0.0	12.89144			0.0	0.0		0.0	0.0	0.0	0.7231	0.0		0.0		0.0	0.0			0.0	0.0	0.0		0.0	0.0	0.0	0.0	0.0	0.0	2.89686	0.0	0.0688		0.0	0.0	0.0	0.86592	0.0	0.0		0.0			0.0	0.0	0.0	0.0	0.0		19.34151	0.0	0.0		0.0	9.43313	5.54939	0.0	4.64059	6.38179	0.0	0.0	0.0	0.0	0.0		18.95996	0.0	0.0	0.0	0.0		NNLS	prevail_cu_cfrna_118
0.0	0.0	0.0	0.0	0.0	0.0	0.0	0.0			0.0		0.0	0.0		0.0	0.0	0.0		0.0	0.0		0.0	10.06581		0.0		0.0	0.0	0.0		0.0	0.0	5.16219	0.0	15.20039			0.0	0.0		0.0	0.0	0.0	0.58408	0.0		0.0		0.0	0.0			0.0	0.0	0.0		0.0	0.0	0.0	0.0	0.0	0.0	2.975	0.0	0.0		0.0	0.0	0.0	0.0	0.0	0.0		0.0			0.0	0.0	0.0	0.0	0.0		26.19671	0.0	0.0		0.0	14.19163	5.05144	0.0	0.0	4.15854	0.0	0.0	0.0	0.0	0.0		16.4142	0.0	0.0	0.0	0.0		NNLS	prevail_cu_cfrna_109
0.0	0.0	0.0	0.0	0.0	0.0	0.0	0.0			0.0		0.0	0.0		0.0	0.0	0.0		0.0	0.0		0.0	12.39417		0.0		0.0	0.0	0.0		0.0	5.18309	10.38886	0.0	8.0491			0.0	0.0		0.0	0.0	0.0	0.54127	0.0		0.0		0.0	0.0			0.0	0.0	0.0		0.0	0.0	0.0	0.0	0.0	0.0	7.18344	0.0	0.25823		0.0	2.7057	0.0	0.0	5.72454	0.0		0.0			0.0	0.0	0.0	0.0	0.0		10.73863	0.0	0.0		0.0	0.68937	6.79129	0.0	0.0	10.16925	0.0	8.15264	0.0	0.0	0.0		11.03042	0.0	0.0	0.0	0.0		NNLS	prevail_cu_cfrna_110
0.0	0.0	0.0	0.0	0.0	0.0	0.0	0.0			0.0		0.0	0.0		0.0	0.0	0.0		0.0	0.0		0.0	12.08541		0.0		0.0	0.0	0.0		0.0	0.5102	1.84435	0.0	17.25778			0.0	0.0		0.0	0.0	0.0	0.06125	0.0		0.0		0.0	0.0			0.0	0.0	0.0		0.0	0.0	0.0	0.0	0.0	0.0	3.57473	0.0	0.0		0.0	0.0	0.0	0.0	0.0	0.0		0.0			0.0	0.0	0.0	0.0	0.0		23.5167	0.0	0.0		0.0	13.03532	4.5594	0.0	0.74332	4.1309	0.0	0.0	0.0	0.0	0.0		18.68064	0.0	0.0	0.0	0.0		NNLS	prevail_cu_cfrna_112
0.0	0.0	0.0	0.0	0.0	0.0	0.0	0.0			0.0		0.0	0.0		0.0	0.0	0.0		0.0	0.0		0.0	9.97677		0.0		0.0	0.0	0.0		0.0	0.88497	4.42253	0.0	22.76814			0.0	0.0		0.0	0.0	0.0	1.18503	0.0		0.0		0.0	0.0			0.0	0.0	0.0		0.0	0.0	0.0	0.0	0.0	0.0	4.2647	0.0	0.0		0.0	0.0	0.0	0.0	0.0	0.0		0.0			0.0	0.0	0.0	0.0	0.0		17.14609	0.0	0.0		0.0	7.74733	6.34378	0.0	0.0	7.30022	0.0	1.92337	0.0	0.0	0.0		16.03707	0.0	0.0	0.0	0.0		NNLS	prevail_cu_cfrna_166
0.0	0.0	0.0	0.0	0.0	0.0	0.0	0.0			0.0		0.77928	0.0		0.0	0.0	0.0		0.0	0.0		0.0	10.40931		0.0		0.0	0.0	0.0		0.0	1.78745	5.92142	0.0	16.89362			0.0	0.0		0.0	0.0	0.0	1.21895	0.0		0.0		0.0	0.0			0.0	0.0	0.0		0.0	0.0	0.0	0.0	0.0	0.0	3.8361	0.0	0.06024		0.0	0.0	0.0	0.99787	0.32891	0.0		0.0			0.0	0.0	0.0	0.0	0.0		15.7226	0.0	0.0		0.0	6.18298	6.74333	0.0	0.9934	8.65681	0.0	2.32207	0.0	0.0	0.0		17.14566	0.0	0.0	0.0	0.0		NNLS	prevail_cu_cfrna_159
0.0	0.0	0.0	0.0	0.0	0.0	0.0	0.0			0.0		0.0	0.0		0.0	0.0	0.0		0.0	0.0		0.0	10.74924		0.0		0.0	0.0	0.0		0.0	1.57486	5.95639	0.0	10.59071			0.0	0.0		0.0	0.0	0.0	1.48745	0.0		0.0		0.0	0.0			0.0	0.0	0.0		0.0	0.0	0.0	0.0	0.0	0.0	4.17205	0.0	0.0		0.0	0.0	0.0	0.98809	0.0	0.0		0.0			0.0	0.0	0.0	0.0	0.0		21.49173	0.0	0.0		0.0	10.82439	6.39189	0.0	0.0	6.76916	0.0	0.61322	0.0	0.0	0.0		18.39083	0.0	0.0	0.0	0.0		NNLS	prevail_cu_cfrna_167
0.0	0.0	0.0	0.0	0.0	0.0	0.0	0.0			0.0		6.67767	0.0		0.0	0.0	0.0		0.0	0.0		0.0	5.43917		0.0		0.0	0.0	0.0		0.0	1.69304	0.0	0.0	11.86705			0.0	0.0		0.0	0.0	0.0	0.46328	0.0		0.0		0.0	0.0			0.0	0.0	0.0		0.0	0.0	0.0	0.0	0.0	0.0	0.0	0.0	0.0		0.0	0.0	0.0	0.0	0.0	0.0		0.0			0.0	0.0	0.0	0.0	0.0		22.29419	0.0	0.0		0.0	11.23011	6.10946	0.0	7.65974	6.75792	0.0	0.0	0.0	0.0	0.0		19.14598	0.0	0.66239	0.0	0.0		NNLS	prevail_cu_cfrna_150
0.0	0.0	0.0	0.0	0.0	0.0	0.0	0.0			0.0		0.0	0.0		0.0	0.0	0.0		0.0	0.0		0.0	7.73611		0.0		0.0	0.0	0.0		0.0	0.0	0.0	0.0	18.06996			0.0	0.0		0.0	0.0	0.0	0.0	0.0		0.0		0.0	0.0			0.0	0.0	0.0		0.0	0.0	0.0	0.0	0.0	0.0	3.90532	0.0	0.02052		0.0	0.0	0.0	0.0	0.0	0.0		0.0			0.0	0.0	0.0	0.0	0.0		25.93188	0.0	0.0		0.0	13.32615	3.82992	0.0	4.75712	2.05856	0.0	0.0	0.0	0.0	0.0		20.36445	0.0	0.0	0.0	0.0		NNLS	prevail_cu_cfrna_169
0.0	0.0	0.0	0.0	0.0	0.0	0.0	0.0			0.0		0.0	0.0		0.0	0.0	0.0		0.0	0.0		0.0	8.06311		0.0		0.0	0.0	0.0		0.0	0.0	0.0	0.0	15.59463			0.0	0.0		0.0	0.0	0.0	0.0	0.0		0.0		0.0	0.0			0.0	0.0	0.0		0.0	0.0	0.0	0.0	0.0	0.0	0.16645	0.0	0.0012		0.0	0.0	0.0	0.0	0.0	0.0		0.0			0.0	0.0	0.0	0.0	0.0		25.9201	0.0	0.0		0.0	13.98551	5.69023	0.0	3.95953	4.77309	0.0	0.0	0.0	0.0	0.0		21.84614	0.0	0.0	0.0	0.0		NNLS	prevail_cu_cfrna_162
0.0	0.0	0.0	0.0	0.0	0.0	0.0	0.0			0.0		0.0	0.0		0.0	0.0	0.0		0.0	0.0		0.0	7.12106		0.0		0.0	0.0	0.0		0.0	0.0	0.0	0.0	10.68662			0.0	0.0		0.0	0.0	0.0	0.0	0.0		0.0		0.0	0.0			0.0	0.0	0.0		0.0	0.0	0.0	0.0	0.0	0.0	0.70655	0.0	0.03942		0.0	0.0	0.0	0.0	0.0	0.0		0.0			0.0	0.0	0.0	0.0	0.0		27.28269	0.0	0.0		0.0	14.17094	4.77158	0.0	6.29047	3.7205	0.0	0.0	0.0	0.0	0.0		25.21018	0.0	0.0	0.0	0.0		NNLS	prevail_cu_cfrna_151
0.0	0.0	0.0	0.0	0.0	0.0	0.0	0.0			0.0		0.93685	0.0		0.0	0.0	0.0		0.0	0.0		0.0	13.95971		0.0		0.0	0.0	0.0		0.0	2.50709	1.27116	0.0	9.62406			0.0	0.0		0.0	0.0	0.0	0.0	0.0		0.0		0.0	0.0			0.0	0.0	0.0		0.0	0.0	0.0	0.0	0.0	0.0	2.45905	0.0	0.2136		0.0	0.056	0.0	0.0	0.99295	0.0		0.0			0.0	0.0	0.0	0.0	0.0		14.78168	0.0	0.0		0.0	4.68929	9.49232	0.0	0.0	11.31195	0.0	7.26461	0.0	0.0	0.0		20.43969	0.0	0.0	0.0	0.0		NNLS	prevail_cu_cfrna_170
0.0	0.0	0.0	0.0	0.0	0.0	0.0	0.0			0.0		7.58076	0.0		0.0	0.0	0.0		0.0	0.0		0.0	4.10193		0.0		0.0	0.0	0.0		0.0	1.03198	0.87511	0.0	18.94554			0.0	0.0		0.0	1.54906	0.0	1.06021	0.0		0.0		0.0	0.0			0.0	0.0	0.0		0.0	0.0	0.0	0.0	0.0	0.0	0.0	0.0	0.11156		0.0	0.0	0.0	0.0	0.0	0.0		0.0			0.0	0.0	0.0	0.0	0.0		18.83505	0.0	0.0		0.0	9.63585	5.78816	0.0	5.28929	6.21995	0.0	0.13537	0.0	0.0	0.0		18.84018	0.0	0.0	0.0	0.0		NNLS	prevail_cu_cfrna_148
0.0	0.0	0.0	0.0	0.0	0.0	0.0	0.0			0.0		0.0	0.0		0.0	0.0	0.0		0.0	0.0		0.0	8.9462		0.0		0.0	0.0	0.0		0.0	1.20526	2.25456	0.0	15.64277			0.0	0.0		0.0	0.0	0.0	0.8694	0.0		0.0		0.0	0.0			0.0	0.0	0.0		0.0	0.0	0.0	0.0	0.0	0.0	2.92791	0.0	0.17642		0.0	0.0	0.0	0.0	0.0	0.0		0.0			0.0	0.0	0.0	0.0	0.0		19.65222	0.0	0.0		0.0	8.78306	6.46994	0.0	4.88873	6.80434	0.0	0.0	0.0	0.0	0.0		21.3792	0.0	0.0	0.0	0.0		NNLS	prevail_cu_cfrna_149
0.0	0.0	0.0	0.0	0.0	0.0	0.0	0.0			0.0		6.92518	0.0		0.0	0.0	0.0		0.0	0.0		0.0	5.26958		0.0		0.0	0.0	0.0		0.0	1.85235	3.63665	0.0	12.90733			0.0	0.0		0.0	1.1408	0.0	0.46561	0.0		0.0		0.0	0.0			0.0	0.0	0.0		0.0	0.0	0.0	0.0	0.0	0.0	1.71572	0.0	0.14373		0.0	0.0	0.0	0.0	0.0	0.0		0.0			0.0	0.0	0.0	0.0	0.0		18.10905	0.0	0.0		0.0	8.87167	5.63845	0.0	7.064	7.12244	0.0	0.0	0.0	0.0	0.0		19.13745	0.0	0.0	0.0	0.0		NNLS	prevail_cu_cfrna_164
0.0	0.0	0.0	0.0	0.0	0.0	0.0	0.0			0.0		4.34467	0.0		0.0	0.0	0.0		0.0	0.0		0.0	7.37188		0.0		0.0	0.0	0.0		0.0	1.06174	0.0	0.0	15.12842			0.0	0.0		0.0	0.0	0.0	1.86685	0.0		0.0		0.0	0.0			0.0	0.0	0.0		0.0	0.0	0.0	0.0	0.0	0.0	0.0	0.0	0.0		0.0	0.0	0.0	0.0	0.0	0.0		0.0			0.0	0.0	0.0	0.0	0.0		22.36574	0.0	0.0		0.0	11.29247	6.78009	0.0	3.96768	6.70661	0.0	0.0	0.0	0.0	0.0		19.11385	0.0	0.0	0.0	0.0		NNLS	prevail_cu_cfrna_165
0.0	0.0	0.0	0.0	0.0	0.0	1.33204	0.0			0.0		15.84812	0.0		0.0	0.0	0.0		0.0	0.0		0.0	1.47828		0.0		0.43537	0.0	0.0		0.0	2.17608	6.36383	0.0	40.95907			0.0	0.0		0.0	3.36099	0.0	0.0	0.0		0.0		0.0	0.0			0.0	0.0	0.0		0.0	0.0	0.0	0.0	0.0	0.0	0.0	0.0	0.0		0.0	0.0	0.0	0.48291	0.06919	0.0		0.0			0.0	0.0	0.0	0.0	0.0		4.75113	0.0	0.0		0.0	3.32784	1.80292	0.0	0.41705	6.20325	0.0	0.38503	0.0	0.0	0.0		10.6069	0.0	0.0	0.0	0.0		NNLS	prevail_cu_cfrna_171
0.0	0.0	0.0	0.0	0.0	0.0	0.0	0.0			0.0		0.0	0.0		0.0	0.0	0.0		0.0	0.0		0.0	13.32444		0.0		0.0	0.0	0.0		0.0	1.90832	5.31867	0.0	9.60851			0.0	0.0		0.0	0.0	0.0	0.61852	0.0		0.0		0.0	0.0			0.0	0.0	0.0		0.0	0.0	0.0	0.0	0.0	0.0	4.92639	0.0	0.05859		0.0	0.0	0.0	0.12056	1.55968	0.0		0.0			0.0	0.0	0.0	0.0	0.0		15.35486	0.0	0.0		0.0	4.64557	8.39108	0.0	0.0	10.47269	0.0	5.14725	0.0	0.0	0.0		18.54487	0.0	0.0	0.0	0.0		NNLS	prevail_cu_cfrna_152
0.0	0.0	0.0	0.0	0.0	0.0	3.2127	0.0			0.0		11.81945	0.0		0.0	0.0	0.0		0.0	0.0		0.0	16.7953		0.0		0.0	0.0	0.0		0.0	3.20565	0.0	0.0	11.29296			0.0	0.0		0.0	2.45299	0.0	0.22902	0.0		0.0		0.0	0.0			0.0	0.0	0.0		0.0	0.0	0.0	0.0	0.0	0.0	0.0	0.0	0.0		0.0	0.49641	0.0	0.0	0.0	0.0		0.0			0.0	0.0	0.0	0.0	0.0		9.81813	0.0	0.0		0.0	7.7168	7.30932	0.0	0.0	8.05697	0.0	6.32054	0.0	0.0	0.0		11.27375	0.0	0.0	0.0	0.0		NNLS	prevail_cu_cfrna_174
0.0	0.85883	0.0	0.0	1.34101	0.0	0.0	0.0			0.0		0.0	0.0		0.0	0.0	0.0		0.0	0.0		0.0	3.20025		5.0022		0.0	0.0	0.0		0.0	4.82891	0.0	0.0	25.08733			10.45083	0.0		0.3124	6.73205	0.0	0.0	0.0		0.0		0.0	0.0			0.0	0.0	0.0		0.0	0.0	0.0	0.0	0.0	0.0	0.0	0.0	0.0		0.0	0.0	0.0	0.0	3.02185	0.0		0.0			0.0	0.0	0.0	0.0	0.0		3.83619	0.0	2.31306		0.0	0.06127	3.7048	0.0	11.11081	9.95485	2.08942	0.0	0.0	0.0	0.0		0.0	0.0	0.0	5.5279	0.56604		NNLS	prevail_cu_cfrna_181
0.0	0.0	0.0	0.0	0.0	0.0	2.81245	0.0			0.0		10.65351	0.0		0.0	0.0	0.0		0.0	0.0		0.0	4.0375		0.0		0.46447	0.0	0.03334		0.0	3.30553	7.60813	0.0	38.35018			0.0	0.0		0.0	4.12809	0.0	0.0	0.0		0.0		0.0	0.0			0.0	0.0	0.0		0.0	0.0	0.0	0.0	0.0	0.0	2.51616	0.0	0.0		0.0	0.0	0.0	0.0	1.09088	0.0		0.0			0.0	0.0	0.0	0.0	0.0		1.83356	0.0	0.0		0.0	2.54136	2.96145	0.0	0.0	6.56978	0.0	4.08156	0.0	0.0	0.0		7.01204	0.0	0.0	0.0	0.0		NNLS	prevail_cu_cfrna_183
0.0	0.0	0.0	0.0	0.0	0.0	0.0	0.0			0.0		0.0	0.0		0.0	0.0	0.0		0.0	0.0		0.0	15.07857		0.0		0.0	0.0	0.0		0.0	2.01318	6.05122	0.0	10.30783			0.0	0.0		0.0	0.0	0.0	0.81643	0.0		0.0		0.0	0.0			0.0	0.0	0.0		0.0	0.0	0.0	0.0	0.0	0.0	5.81511	0.0	0.0		0.0	0.0	0.0	0.0	1.88628	0.0		0.0			0.0	0.0	0.0	0.0	0.0		15.27786	0.0	0.0		0.0	6.02886	7.4604	0.0	0.0	8.68117	0.0	6.64425	0.0	0.0	0.0		13.93883	0.0	0.0	0.0	0.0		NNLS	prevail_cu_cfrna_175
0.0	0.0	0.0	0.0	0.0	0.0	0.0	0.0			0.0		7.31755	0.0		0.0	0.0	0.0		0.0	0.0		0.0	13.60554		0.0		0.0	0.0	0.0		0.0	2.28288	0.12475	0.0	12.50123			0.0	0.0		0.0	0.0	0.0	0.35633	0.0		0.0		0.0	0.0			0.0	0.0	0.0		0.0	0.0	0.0	0.0	0.0	0.0	0.0	0.0	0.02061		0.0	0.94463	0.0	0.0	0.0	0.0		0.0			0.0	0.0	0.0	0.0	0.0		14.82987	0.0	0.0		0.0	6.43677	8.80541	0.0	0.0	9.87508	0.0	7.38322	0.0	0.0	0.0		15.51612	0.0	0.0	0.0	0.0		NNLS	prevail_cu_cfrna_177
0.0	0.0	0.0	0.0	0.0	0.0	8.17748	0.0			0.0		9.39695	0.0		0.0	0.0	0.0		0.0	0.0		0.0	9.88938		0.0		0.0	0.0	0.0		0.0	3.19808	0.0	0.0	10.50248			0.0	0.0		0.0	0.0	0.0	0.51346	0.0		0.0		0.0	0.0			0.0	0.0	0.0		0.0	0.0	0.0	0.0	0.0	0.0	0.0	0.0	0.0		0.0	3.52865	0.0	0.0	3.22291	0.0		0.0			0.0	0.0	0.0	0.0	0.0		1.78201	0.0	0.0		0.0	0.0	10.91214	0.0	0.0	13.92914	0.0	11.39439	0.0	0.0	0.0		13.55293	0.0	0.0	0.0	0.0		NNLS	prevail_cu_cfrna_179
0.0	0.0	0.0	0.0	0.0	0.0	0.0	0.0			0.0		0.0	0.0		0.0	0.0	0.0		0.0	0.0		0.0	12.55837		0.0		0.0	0.0	0.0		0.0	3.77637	4.46818	0.0	10.8402			0.0	0.0		0.0	0.0	0.0	0.0	0.0		0.0		0.0	0.0			0.0	0.0	0.0		0.0	0.0	0.0	0.0	0.0	0.0	4.50945	0.0	0.14851		0.0	0.0	0.0	1.67168	1.64904	0.0		0.0			0.0	0.0	0.0	0.0	0.0		12.95819	0.0	0.0		0.0	4.17986	7.83554	0.0	2.73864	10.46188	0.0	3.61512	0.0	0.0	0.0		18.58897	0.0	0.0	0.0	0.0		NNLS	prevail_cu_cfrna_182
0.0	0.0	0.0	0.0	0.0	0.0	3.75514	0.0			0.0		10.56386	0.0		0.0	0.0	0.0		0.0	0.0		0.0	13.50181		0.0		0.0	0.0	0.0		0.0	2.92908	2.02036	0.0	21.15441			0.0	0.0		0.0	4.67074	0.0	0.0	0.0		0.0		0.0	0.0			0.0	0.0	0.0		0.0	0.0	0.0	0.0	0.0	0.0	0.0	0.0	0.00046		0.0	0.0	0.0	0.0	0.0	0.0		0.0			0.0	0.0	0.0	0.0	0.0		8.28557	0.0	0.0		0.0	4.93834	5.87743	0.0	0.0	7.2882	0.0	6.18792	0.0	0.0	0.0		8.82667	0.0	0.0	0.0	0.0		NNLS	prevail_cu_cfrna_185
0.0	0.0	0.0	0.0	0.0	0.0	0.0	0.0			0.0		2.03944	0.0		0.0	0.0	0.0		0.0	0.0		0.0	6.65816		0.0		0.0	0.0	0.0		0.0	0.55858	0.0	0.0	13.51591			0.0	0.0		0.0	0.0	0.0	0.0	0.0		0.0		0.0	0.0			0.0	0.0	0.0		0.0	0.0	0.0	0.0	0.0	0.0	0.29732	0.0	0.12889		0.0	0.0	0.0	0.0	0.0	0.0		0.0			0.0	0.0	0.0	0.0	0.0		20.14235	0.0	0.0		0.0	9.75506	4.88173	0.0	7.12539	5.77573	0.0	0.0	0.0	0.0	0.0		22.51198	0.0	6.60946	0.0	0.0		NNLS	prevail_cu_cfrna_228
0.0	0.0	0.0	0.0	0.0	0.0	0.0	0.0			0.0		5.18734	0.0		0.0	0.0	0.0		0.0	0.0		0.0	8.12494		0.0		0.0	0.0	0.0		0.0	1.93387	4.71317	0.0	15.21357			0.0	0.0		0.0	0.1525	0.0	0.12177	0.0		0.0		0.0	0.0			0.0	0.0	0.0		0.0	0.0	0.0	0.0	0.0	0.0	1.24093	0.0	0.13909		0.0	0.0	0.0	0.14963	0.16613	0.0		0.0			0.0	0.0	0.0	0.0	0.0		15.53968	0.0	0.0		0.0	5.5669	7.44649	0.0	2.57826	9.41479	0.0	4.56856	0.0	0.0	0.0		17.74238	0.0	0.0	0.0	0.0		NNLS	prevail_cu_cfrna_230
0.0	0.0	0.0	0.0	0.0	0.0	0.0	0.0			0.0		6.56373	0.0		0.0	0.0	0.0		0.0	0.0		0.0	15.28303		0.0		0.0	0.0	0.0		0.0	2.3825	3.37977	0.0	9.59209			0.0	0.0		0.0	0.0	0.0	0.0	0.0		0.0		0.0	0.0			0.0	0.0	0.0		0.0	0.0	0.0	0.0	0.0	0.0	1.05433	0.0	0.0		0.0	1.83359	0.0	0.0	4.99064	0.0		0.0			0.0	0.0	0.0	0.0	0.0		8.28821	0.0	0.0		0.0	0.0	10.07386	0.0	0.0	13.29076	0.0	12.22251	0.0	0.0	0.0		11.04498	0.0	0.0	0.0	0.0		NNLS	prevail_cu_cfrna_191
0.0	0.0	0.0	0.0	0.0	0.0	0.0	0.0			0.0		7.30317	0.0		0.0	0.0	0.0		0.0	0.0		0.0	10.94171		0.0		0.0	0.0	0.0		0.0	2.33951	0.0	0.0	8.71737			0.0	0.0		0.0	0.0	0.0	1.01022	0.0		0.0		0.0	0.0			0.0	0.0	0.0		0.0	0.0	0.0	0.0	0.0	0.0	0.0	0.0	0.0		0.0	1.84988	0.0	0.0	1.08399	0.0		0.0			0.0	0.0	0.0	0.0	0.0		13.86575	0.0	0.0		0.0	4.99771	10.19888	0.0	0.0	12.82774	0.0	6.40652	0.0	0.0	0.0		18.45755	0.0	0.0	0.0	0.0		NNLS	prevail_cu_cfrna_192
0.0	0.0	0.0	0.0	0.0	0.0	0.0	0.0			0.0		3.54608	0.0		0.0	0.0	0.0		0.0	0.0		0.0	14.73129		0.0		0.0	0.0	0.0		0.0	2.08352	3.20581	0.0	12.88186			0.0	0.0		0.0	0.0	0.0	0.0	0.0		0.0		0.0	0.0			0.0	0.0	0.0		0.0	0.0	0.0	0.0	0.0	0.0	2.73996	0.0	0.0		0.0	0.0	0.0	0.0	0.87333	0.0		0.0			0.0	0.0	0.0	0.0	0.0		13.2154	0.0	0.0		0.0	4.74077	8.03149	0.0	1.01564	10.49889	0.0	5.18189	0.0	0.0	0.0		17.25407	0.0	0.0	0.0	0.0		NNLS	prevail_cu_cfrna_193
0.0	0.0	0.0	0.0	0.0	0.0	0.0	0.0			0.0		0.0	0.0		0.0	0.0	0.0		0.0	0.0		0.0	19.65243		0.0		0.0	0.0	0.0		0.0	2.82073	8.12565	0.0	7.12658			0.0	0.0		0.0	0.0	0.0	0.0	0.0		0.0		0.0	0.0			0.0	0.0	0.0		0.0	0.0	0.0	0.0	0.0	0.0	5.42559	0.0	0.1878		0.0	0.0	0.0	2.80745	2.98108	0.0		0.0			0.0	0.0	0.0	0.0	0.0		8.59404	0.0	0.0		0.0	0.0	6.55652	0.0	2.3039	11.04238	0.0	1.92734	0.0	0.0	0.0		20.44851	0.0	0.0	0.0	0.0		NNLS	prevail_cu_cfrna_194
0.0	0.0	0.0	0.0	0.0	0.0	0.0	0.0			0.0		0.0	0.0		0.0	0.0	0.0		0.0	0.0		0.0	13.14572		0.0		0.0	0.0	0.0		0.0	3.41546	2.8187	0.0	9.13769			0.0	0.0		0.0	0.0	0.0	0.72024	0.0		0.0		0.0	0.0			0.0	0.0	0.0		0.0	0.0	0.0	0.0	0.0	0.0	10.44589	0.0	0.25004		0.0	1.81485	0.0	0.0	3.24362	0.0		0.0			0.0	0.0	0.0	0.0	0.0		9.38528	0.0	0.0		0.0	2.75021	8.02436	0.0	0.0	11.02558	0.0	5.42578	0.0	0.0	0.0		18.39659	0.0	0.0	0.0	0.0		NNLS	prevail_cu_cfrna_195
0.0	0.0	0.0	0.0	0.0	0.0	0.0	0.0			0.0		2.24051	0.0		0.0	0.0	0.0		0.0	0.0		0.0	15.96093		0.0		0.0	0.0	0.0		0.0	2.27557	5.2643	0.0	9.76645			0.0	0.0		0.0	0.0	0.0	0.0	0.0		0.0		0.0	0.0			0.0	0.0	0.0		0.0	0.0	0.0	0.0	0.0	0.0	2.75462	0.0	0.0		0.0	0.93655	0.0	0.0	4.48608	0.0		0.0			0.0	0.0	0.0	0.0	0.0		10.26596	0.0	0.0		0.0	0.16383	9.52046	0.0	0.0	12.3643	0.0	8.77879	0.0	0.0	0.0		15.22167	0.0	0.0	0.0	0.0		NNLS	prevail_cu_cfrna_196
0.0	0.0	0.0	0.0	0.0	0.0	12.18366	0.0			0.0		9.05563	0.0		0.0	0.0	0.0		0.0	0.0		0.0	20.65724		0.0		0.0	0.0	0.0		0.0	3.17734	0.0	0.0	15.63414			0.0	0.0		0.0	1.33361	0.0	0.0	0.0		0.0		0.0	0.0			0.0	0.0	0.0		0.0	0.0	0.0	0.0	0.0	0.0	0.0	0.0	0.0		0.0	0.55231	0.0	0.0	0.0	0.0		0.0			0.0	0.0	0.0	0.0	0.0		0.76307	0.0	0.0		0.0	2.45713	7.70005	0.0	0.0	9.4113	0.0	7.94245	0.0	0.0	0.0		9.13207	0.0	0.0	0.0	0.0		NNLS	prevail_cu_cfrna_197
0.0	0.0	0.0	0.0	0.0	0.0	2.36516	0.0			0.0		9.31938	0.0		0.0	0.0	0.0		0.0	0.0		0.0	13.71141		0.0		0.0	0.0	0.0		0.0	2.03638	0.0	0.0	12.33025			0.0	0.0		0.0	0.02428	0.0	0.0	0.0		0.0		0.0	0.0			0.0	0.0	0.0		0.0	0.0	0.0	0.0	0.0	0.0	0.0	0.0	0.0		0.0	0.0	0.0	0.0	0.0	0.0		0.0			0.0	0.0	0.0	0.0	0.0		13.30504	0.0	0.0		0.0	6.94434	8.32099	0.0	0.0	9.52965	0.0	6.87357	0.0	0.0	0.0		15.23954	0.0	0.0	0.0	0.0		NNLS	prevail_cu_cfrna_272
0.0	0.0	0.0	0.0	0.0	0.0	10.42405	0.0			0.0		15.8898	0.0		0.0	0.0	0.0		0.0	0.0		0.0	14.16267		0.0		4.22588	1.06871	1.3842		0.0	4.97611	2.16168	0.0	9.16103			0.0	0.0		0.0	12.69955	0.0	0.0	0.0		0.0		0.0	0.0			0.0	0.0	0.0		0.0	0.0	0.0	0.0	0.0	0.0	0.0	0.0	0.0		0.0	0.01973	0.0	0.0	0.0	0.0		0.0			0.0	0.0	1.22906	0.0	0.0		0.0	0.0	0.0		0.0	0.0	4.18201	0.0	0.0	8.90164	0.0	4.67599	0.0	0.0	0.0		4.83788	0.0	0.0	0.0	0.0		NNLS	prevail_cu_cfrna_278
0.0	0.0	0.0	0.0	0.0	0.0	0.0	0.0			0.0		7.49678	0.0		0.0	0.0	0.0		0.0	0.0		0.0	19.11001		0.0		0.0	0.0	0.0		0.0	3.53403	7.70591	0.0	8.41504			0.0	0.0		0.0	0.0	0.0	0.0	0.0		0.0		0.0	0.0			0.0	0.0	0.0		0.0	0.0	0.0	0.0	0.0	0.0	4.16911	0.0	0.06504		0.0	0.8034	0.0	1.05989	3.38659	0.0		0.0			0.0	0.0	0.0	0.0	0.0		7.26454	0.0	0.0		0.0	0.7152	6.32108	0.0	0.0	10.7706	0.0	6.99523	0.0	0.0	0.0		12.18755	0.0	0.0	0.0	0.0		NNLS	prevail_cu_cfrna_271
0.0	0.0	0.0	0.0	0.0	0.0	9.04015	0.0			0.0		14.58203	0.0		0.0	0.0	0.0		0.0	0.0		0.0	26.13754		0.0		0.0	0.0	0.60217		0.0	3.88224	0.95227	0.0	6.06959			0.0	0.0		0.0	8.25775	0.0	0.0	0.0		0.0		0.0	0.0			0.0	0.0	0.0		0.0	0.0	0.0	0.0	0.0	0.0	0.0	0.0	0.0		0.0	0.0	0.0	0.0	0.46637	0.0		0.0			0.0	0.0	0.0	0.0	0.0		0.0	0.0	0.0		0.0	0.0	5.1059	0.0	0.0	10.55659	0.0	7.01751	0.0	0.0	0.0		7.32989	0.0	0.0	0.0	0.0		NNLS	prevail_cu_cfrna_270
0.0	0.0	0.0	0.0	0.0	0.0	0.0	0.0			0.0		0.0	0.0		0.0	0.0	0.0		0.0	0.0		0.0	8.54134		0.0		0.0	0.0	0.0		0.0	1.67846	4.96799	0.0	22.65117			0.0	0.0		0.0	0.0	0.0	0.0	0.0		0.0		0.0	0.0			0.0	0.0	0.0		0.0	0.0	0.0	0.0	0.0	0.0	4.27287	0.0	0.05846		0.0	0.0	0.0	0.0	0.0	0.0		0.0			0.0	0.0	0.0	0.0	0.0		17.10005	0.0	0.0		0.0	7.33914	4.70923	0.0	6.20342	5.11182	0.0	0.0	0.0	0.0	0.0		17.36606	0.0	0.0	0.0	0.0		NNLS	prevail_cu_cfrna_234
0.0	0.0	0.0	0.0	0.0	0.0	7.57693	0.0			0.0		7.28334	0.0		0.0	0.0	0.0		0.0	0.0		0.0	16.87071		0.0		0.0	0.0	0.0		0.0	4.25081	0.0	0.0	22.60818			0.0	0.0		0.0	2.76768	0.0	0.0	0.0		0.0		0.0	0.0			0.0	0.0	0.0		0.0	0.0	0.0	0.0	0.0	0.0	0.0	0.0	0.0		0.0	2.45688	0.0	0.0	1.20112	0.0		0.0			0.0	0.0	0.0	0.0	0.0		0.0	0.0	0.0		0.0	0.0	7.88331	0.0	0.0	10.9199	0.0	8.30494	0.0	0.0	0.0		7.8762	0.0	0.0	0.0	0.0		NNLS	prevail_cu_cfrna_235
0.0	0.0	0.0	0.0	0.0	0.0	5.08944	0.0			0.0		15.92317	0.0		0.0	0.0	0.0		0.0	0.0		0.0	27.87058		0.0		0.0	0.0	0.0		0.0	4.7781	2.05129	0.0	8.01032			0.0	0.0		0.0	1.20641	0.0	0.0	0.0		0.0		0.0	0.0			0.0	0.0	0.0		0.0	0.0	0.0	0.0	0.0	0.0	0.0	0.0	0.0		0.0	2.97464	0.0	0.0	2.27822	0.0		0.0			0.0	0.0	0.0	0.0	0.0		0.0	0.0	0.0		0.0	0.0	5.90907	0.0	0.0	8.96174	0.0	6.7827	0.0	0.0	0.0		8.16432	0.0	0.0	0.0	0.0		NNLS	prevail_cu_cfrna_269
0.0	0.0	0.0	0.0	0.0	0.0	9.19858	0.0			0.0		6.17606	0.0		0.0	0.0	0.0		0.0	0.0		0.0	12.97426		0.0		0.0	0.0	0.0		0.0	3.78128	0.0	0.0	9.65676			0.0	0.0		0.0	0.0	0.0	1.51112	0.0		0.0		0.0	0.0			0.0	0.0	0.0		0.0	0.0	0.0	0.0	0.0	0.0	0.0	0.0	0.0		0.0	5.48595	0.0	0.0	2.289	0.0		0.0			0.0	0.0	0.0	0.0	0.0		0.0	0.0	0.0		0.0	0.0	11.58329	0.0	0.0	15.04357	0.0	12.48864	0.0	0.0	0.0		9.81148	0.0	0.0	0.0	0.0		NNLS	prevail_cu_cfrna_236
0.0	0.0	0.0	0.29182	0.04741	0.0	0.0	0.0			0.84739	0.03737	11.29932	0.31328		0.00648	0.13291	0.0		0.00322	1.92356		0.0	0.0		0.76334	0.1887	2.85408	0.31722	0.03838		0.0	0.51631	0.94805	0.0	32.30985			0.57342	0.0			5.98886	0.0	0.0	0.0		1.04399		0.0	0.0			0.0		0.0		0.0	0.0	0.0	0.0		1.37644	2.66356	0.20037			0.01546	0.58969	0.41304	3.21622	0.1152	0.04115		0.0			0.0501	0.0	0.9486	0.0	0.0		1.10973	4.77334	0.0		0.0	0.58239	0.0	0.0	2.24221	1.1248	0.04244	0.09547	1.49186	0.0	0.0		3.00939	0.0	7.74946	6.11467	1.58942		nuSVR	prevail_cu_cfrna_121
0.0	0.0	0.0	0.48608	0.20136	0.13702	0.0	0.0			1.77015	0.08611	13.2957	0.25047		0.0	0.35642	0.0		0.06597	3.7017		0.0	0.0		0.56201	0.1826	5.35798	0.69061	0.11071		0.63729	0.70296	1.97161	0.0	13.84638			0.0	0.0			5.20632	0.0	0.0	0.0		1.27839		0.0	0.0			0.07174		0.36845		0.0	0.0	0.0	0.0		2.29047	2.58682	0.42448			0.1475	1.16551	0.68493	1.89287	0.19582	0.16131		0.0			0.0	0.0	1.35761	0.0	0.0		1.44144	14.12081	0.0		0.0	0.6604	0.0	0.0	0.18765	0.63724	0.0	0.0	1.12708	0.0	0.0		3.42866	0.0	7.90411	5.33176	2.91553		nuSVR	prevail_cu_cfrna_125
0.0	0.0	0.71218	0.4092	0.09316	0.01579	1.03821	2.2206			1.22456	0.08043	11.99892	0.70347		0.45189	0.30081	0.0		0.26257	3.25163		0.0	0.59119		0.45961	0.19212	5.63523	0.19452	0.11025		0.0	0.68737	1.1444	0.0	11.71394			0.0	0.0			4.34267	0.08562	0.0	0.0		2.40928		0.0	0.0			0.0		0.0		0.0	0.0	0.0	0.0		2.10059	3.97341	0.0			0.09496	1.99594	1.56092	2.8579	0.17619	0.21029		1.89062			0.0	0.0	1.50865	0.0	0.0		1.20859	8.05369	0.0		0.0	1.35755	0.0	0.0	1.15292	0.63783	0.0	0.80616	3.1955	0.0	0.0		4.30829	0.0	5.97803	3.85703	2.74532		nuSVR	prevail_cu_cfrna_128
0.0	0.0	0.0	0.39264	0.31664	0.0	0.76066	1.04377			1.61975	0.07896	9.99896	0.84763		0.0	0.24938	0.0		0.28023	3.32386		0.0	0.03005		0.15617	0.14554	5.42091	0.75992	0.09008		0.3571	0.66273	2.67104	0.04449	14.84607			0.26166	0.0			4.74645	0.0	0.0	0.0		1.02488		0.01609	0.03249			0.0		0.0		0.0	0.0	0.0	0.0		2.4561	1.86714	0.85236			0.19279	1.3563	0.0	3.46392	0.16979	0.21324		0.0			0.0	0.0	1.16704	0.0	0.61466		1.04364	12.22845	0.0		0.0	0.83978	0.0	0.0	1.28044	0.84207	0.0	0.0	2.01893	0.0	0.0		2.14311	0.0	8.42041	6.34558	2.30609		nuSVR	prevail_cu_cfrna_129
0.0	0.0	0.0	0.37344	0.0	0.0	1.80429	1.03548			1.09269	0.04853	11.73638	0.0		0.06879	0.16514	0.0		0.1605	3.35593		0.0	0.0		0.2395	0.0185	3.71347	0.0	0.05036		0.10323	0.61891	0.87228	0.0	22.60533			0.56007	0.0			5.05531	0.0	0.0	0.0		0.4255		0.10794	0.0			0.0		0.0		0.0	0.0	0.0	0.0		2.11012	0.33297	0.19198			0.06345	0.20826	0.0	4.05869	0.10244	0.03977		0.0			0.0	0.0	0.66257	0.47215	0.46938		0.58736	6.35896	0.0		0.0	0.74568	0.0	0.0	1.63872	0.98555	0.0	0.76198	1.96825	0.0	0.0		3.80622	0.0	9.12833	9.85189	1.24369		nuSVR	prevail_cu_cfrna_148
0.0	0.0	0.02582	0.21448	0.73758	0.0	0.0	0.0			0.35929	0.0	13.04559	0.36527		0.0	0.69224	0.0		0.34467	3.76794		0.0	17.03588		0.61599	0.02113	2.95981	0.02245	0.0		0.0	1.67831	0.30985	0.0	0.0			0.57578	0.0			9.10454	0.00107	0.0	0.0		0.63481		0.0	0.0			0.17561		0.00544		0.0	0.0	0.0	0.0		1.91191	0.0	0.09502			0.32719	0.57275	0.0	2.48675	0.27844	0.60551		0.0			0.0	0.0	0.23414	9.62833	0.24225		1.49516	0.0	0.0		0.0	0.53911	0.0	0.0	2.68475	1.40088	0.40604	0.0	1.11058	0.54652	0.0		4.17332	0.0	10.06561	7.85012	0.65206		nuSVR	prevail_cu_cfrna_199
0.0	0.0	0.0	0.74948	0.0	0.0	1.25928	0.0			0.4731	0.02836	20.56543	0.0		0.22958	0.0	0.0		0.23434	2.85106		0.0	6.58604		0.0	0.0	3.10017	0.0	0.0		0.0	0.81056	1.682	0.0	8.16647			0.26612	0.0			7.52052	0.0	0.0	0.0		1.08955		0.05963	0.42404			0.13184		0.14516		0.0	0.0	0.0	0.0		1.81928	0.80736	0.1503			0.05786	0.63756	0.21812	0.63718	0.05012	0.0		0.12435			0.0	0.0592	1.08372	6.72308	0.0		0.98851	4.35865	0.0		0.0	0.99938	0.0	0.0	1.31988	0.51979	0.44292	0.0	1.62226	0.0	0.0		2.97971	0.0	9.18273	8.28264	0.56264		nuSVR	prevail_cu_cfrna_108
0.0	0.0	0.0	0.28625	0.0	0.0	1.48075	3.32778			0.80314	0.06766	10.62333	0.40303		0.0	0.14135	0.0		0.38447	3.00021		0.0	0.0		0.0	0.0	4.21346	0.39031	0.07709		0.07792	0.65047	2.68115	0.0	26.87318			0.0	0.0			3.09574	0.0	0.0	0.0		0.77291		0.14326	0.0			0.34822		0.15177		0.0	0.0	0.0	0.0		2.05681	1.3951	0.73461			0.10904	0.94555	0.75975	2.40812	0.15616	0.11205		0.0			0.0	0.0	0.79452	0.0	0.0		0.81782	7.51615	0.0		0.0	0.46413	0.0	0.0	0.79063	0.54113	0.0	0.0	0.97498	0.0	0.0		3.28293	0.0	8.5236	5.743	1.88047		nuSVR	prevail_cu_cfrna_109
0.0	0.0	0.47201	0.38133	0.0	0.52869	2.53222	0.0			0.56612	0.07426	10.46249	1.16647		0.0	0.44727	0.0		0.18152	2.0985		0.07875	0.52589		1.11351	0.21199	6.78792	0.62536	0.08854		0.0	0.67636	2.57649	0.0	0.83186			0.0	0.0			6.25892	0.07838	0.0	0.0		3.77252		0.0	0.15804			0.0		0.74829		0.0	0.0	0.0	0.0		1.47276	5.18573	0.0			0.05419	2.27397	1.16055	1.32153	0.22465	0.18084		1.34932			0.0	0.0	2.3173	0.0	0.0		4.35998	8.18271	0.0		0.0	0.40425	0.0	0.0	0.0	0.84391	0.02193	0.0	2.57521	0.0	0.0		3.56105	0.0	8.30872	11.18661	1.57108		nuSVR	prevail_cu_cfrna_110
0.0	0.0	0.0	0.36726	0.0	0.24853	0.0	0.0			0.34437	0.0	13.5494	0.0		0.0	0.42574	0.0		0.32033	1.79632		0.0	4.14592		0.95129	0.04982	3.79529	0.04896	0.12647		0.0	0.66666	0.87251	0.0	27.63835			0.14494	0.0			5.84859	0.0	0.0	0.0		1.49087		0.09948	0.72078			0.0		1.2745		0.0	0.0	0.0	0.0		1.35583	1.75198	0.0			0.0	0.35891	0.54158	1.57316	0.19474	0.00258		3.01333			0.0	0.0	0.89714	0.0	0.0		1.61016	4.9586	0.0		0.0	0.80119	0.0	0.0	0.0	0.0989	0.1219	0.2259	1.70165	0.07064	0.0		4.4483	0.0	6.50336	3.61553	1.22821		nuSVR	prevail_cu_cfrna_112
0.0	0.0	0.0	0.35678	0.30903	0.0	0.0	0.0			2.51614	0.08284	12.5403	0.94117		0.0	0.26677	0.0		0.44861	2.97391		0.12115	0.0		0.0	0.12431	5.31743	0.59265	0.08066		0.28654	0.82804	1.40435	0.0	9.35481			0.0	0.0			6.89364	0.11906	0.0	0.0		1.42896		0.18795	0.0			0.0		0.05704		0.0	0.0	0.0	0.0		2.41361	1.46322	0.0			0.06986	1.28624	0.77076	3.65541	0.20833	0.24604		0.0			0.08415	0.0	1.60938	0.0	0.21586		0.91348	11.18059	0.0		0.0	0.65327	0.0	0.0	1.8916	0.61722	0.24777	0.20128	2.2362	0.0	0.0		2.50299	0.0	9.69516	8.50119	2.10422		nuSVR	prevail_cu_cfrna_114
0.0	0.0	0.0	0.60474	0.0	0.0	2.12756	0.0			1.53589	0.07268	13.52855	0.12898		0.0	0.21115	0.0		0.34819	3.54534		0.0	0.0		0.0	0.19477	5.46423	0.6008	0.0766		0.0	1.08364	2.34278	0.0	13.0925			0.0	0.0			5.53432	0.0	0.0	0.0		1.02483		0.00605	0.0			0.82711		0.20655		0.0	0.0	0.0	0.0		2.34113	0.0	0.22258			0.16897	1.46369	0.85284	3.88837	0.2442	0.28942		0.0			0.0	0.0	0.85142	0.0	0.43176		0.92972	7.28952	0.0		0.0	0.55145	0.0	0.0	0.0	1.06122	0.0	0.18309	2.61665	0.0	0.0		2.07508	0.0	11.75979	8.17251	2.04932		nuSVR	prevail_cu_cfrna_118
0.0	0.0	0.04192	0.23336	0.34246	0.0	0.65323	0.0			0.88746	0.04001	9.35329	0.47582		0.28977	0.09017	0.0		0.10553	1.5535		0.0	0.0		0.93008	0.39259	3.20963	0.13106	0.04045		0.5738	0.60076	0.74196	0.0	26.58696			0.29391	0.0			5.62247	0.0	0.0	0.0		1.09053		0.0	0.0			0.0		0.0		0.0	0.0	0.0	0.0		1.03499	1.21891	0.65204			0.02171	0.68989	0.47974	3.57445	0.22001	0.05611		0.0			0.0	0.0	0.85456	0.0	0.0		1.00535	8.20115	0.0		0.0	0.93313	0.0	0.0	2.62416	1.10107	0.0	0.28817	1.53855	0.0	0.0		2.68455	0.0	9.97857	7.24032	1.32187		nuSVR	prevail_cu_cfrna_119
0.0	0.0	0.0	0.31018	0.43846	0.0	0.0	4.034			1.40768	0.06077	13.05548	0.16947		0.0	0.23036	0.0		0.30951	3.29573		0.00086	0.0		0.24791	0.16795	5.37308	0.48267	0.06674		0.38837	0.75547	1.41323	0.0	16.12237			0.0	0.0			3.44967	0.06422	0.0	0.0		0.87925		0.0	0.0			1.26517		0.0		0.0	0.0	0.0	0.0		2.0615	2.27188	0.39906			0.12985	1.0538	0.7717	2.19503	0.16624	0.10677		0.0			0.0	0.0	0.9372	0.0	0.0		1.13169	8.40543	0.0		0.0	0.51451	0.09812	0.0	1.51072	0.60053	0.0	1.05204	1.68053	0.0	0.0		3.18398	0.0	6.59685	8.81986	2.32411		nuSVR	prevail_cu_cfrna_120
0.0	0.0	0.0	0.34388	0.0	0.51397	2.58382	3.80729			0.50351	0.06964	11.08916	1.05082		0.0	0.19935	0.0		0.04636	2.842		0.0	0.0		0.78952	0.10578	3.87115	0.51738	0.06773		0.33752	0.64245	1.6713	0.0	13.80076			0.0	0.0			5.77863	0.07304	0.0	0.0		0.84257		0.16703	0.0			0.46951		0.0		0.0	0.0	0.0	0.0		1.41027	1.66491	0.0			0.07504	0.87097	0.95696	1.80227	0.16435	0.12597		0.0			0.0	0.0	0.8601	0.0	0.0		1.20765	9.12442	0.0		0.0	0.62638	0.0269	0.0	2.01141	1.0442	0.50602	1.08572	1.65831	0.0	0.0		2.60193	0.0	11.15383	6.59615	2.24206		nuSVR	prevail_cu_cfrna_124
0.0	0.0	0.0	0.15919	0.2118	0.0	0.0	0.0			0.65998	0.03749	12.96223	0.16808		0.34875	0.34094	0.0		0.11851	1.83498		0.0	0.0		0.4621	0.07065	2.33349	0.0	0.03882		0.29306	0.57676	1.22895	0.0	32.39036			0.24897	0.0			5.13776	0.0	0.0	0.0		0.94655		0.01381	0.0			0.0		0.0		0.0	0.0	0.0	0.0		1.53069	0.93349	0.2511			0.01572	0.51705	0.22347	2.72704	0.0	0.01327		0.0			0.051	0.0	0.69941	0.0	0.03384		0.95725	8.31533	0.0		0.0	0.83069	0.0	0.0	3.18583	0.66712	0.05198	0.22194	0.65488	0.0	0.0		3.29037	0.0	7.14811	5.8976	1.19959		nuSVR	prevail_cu_cfrna_126
0.0	0.0	0.10345	0.14036	0.0	0.55446	0.0	0.40617			0.92025	0.0409	12.84058	0.76872		0.0	0.32643	0.0		0.15475	1.52287		0.0	0.0		0.97964	0.5506	3.03586	0.36712	0.04783		0.20076	0.68423	0.93291	0.0	35.01702			0.23762	0.0			4.21574	0.04195	0.0	0.0		1.25156		0.0	0.0			0.0		0.0		0.0	0.0	0.0	0.0		1.95197	5.9344	0.03703			0.00957	0.92915	0.56064	1.77455	0.17391	0.0502		0.62634			0.063	0.0	1.48368	0.0	0.0		1.27404	6.15593	0.0		0.0	0.3523	0.0	0.0	1.57079	0.48186	0.0	0.06237	1.3876	0.0	0.0		3.44572	0.0	3.09982	1.51945	1.71391		nuSVR	prevail_cu_cfrna_127
0.0	0.0	0.0	0.32973	0.0	0.0	0.0	0.0			0.72926	0.05052	15.16153	0.77902		0.63419	1.20233	0.0		0.09019	2.06165		0.0	6.45675		0.98803	0.65499	5.2325	0.80752	0.0		0.0	1.37608	1.02231	0.00431	8.56893			0.0	0.0			5.60695	0.0	0.0	0.0		2.24782		0.0	0.0			0.86155		0.0		0.0	0.0	0.0	0.0		2.41502	2.61269	1.1286			0.1877	2.19811	0.54659	3.91785	0.08578	0.03524		0.0			0.0	0.0	0.66397	0.0	0.0		0.90271	8.46442	0.0		0.0	1.51305	0.0	0.0	2.03651	0.40828	0.42433	0.0	2.00271	0.0	0.0		3.59096	0.0	5.49828	4.95853	1.5425		nuSVR	prevail_cu_cfrna_12
0.0	0.0	0.34491	0.3715	0.4152	0.0	1.20981	3.91391			0.74007	0.05177	12.79538	0.8936		0.0	0.42351	0.0		0.32738	2.07025		0.0	0.0		0.65707	0.11081	4.45956	0.36438	0.06106		0.24672	0.57448	1.10559	0.0	24.40765			0.0	0.0			3.65872	0.0	0.0	0.0		1.55549		0.0	0.0			0.0		0.0		0.0	0.0	0.0	0.0		1.54848	1.69629	0.0			0.06109	0.96737	0.71533	1.63673	0.18973	0.09712		0.0			0.0	0.0	0.80632	0.0	0.0		1.14761	6.4346	0.0		0.0	0.52794	0.0	0.0	2.0384	0.83136	0.0	0.86661	2.28024	0.0	0.0		2.85353	0.0	8.05033	4.50384	1.98827		nuSVR	prevail_cu_cfrna_130
0.0	0.0	0.0	0.38989	0.13665	0.0	0.28633	0.0			0.97715	0.07856	10.50589	0.25153		0.03519	0.23749	0.0		0.00486	4.86808		0.0	0.0		0.0	0.07789	4.78071	0.2676	0.08359		0.36196	0.70547	1.71077	0.0	24.97901			0.0	0.09397			3.7874	0.0	0.0	0.0		0.35304		0.11082	0.09649			1.6856		0.06187		0.0	0.0	0.0	0.0		2.61574	1.36512	0.0			0.1184	0.55414	0.78578	2.05205	0.17167	0.13329		0.0			0.0	0.0	0.84483	0.0	0.26147		1.22259	6.65409	0.0		0.0	0.72541	0.0	0.0	0.67079	0.77382	0.0	0.60383	1.56496	0.0	0.0		3.62133	0.0	10.72248	5.42569	2.18469		nuSVR	prevail_cu_cfrna_131
0.0	0.0	0.03514	0.19218	0.39669	0.0	1.49028	3.5511			1.70453	0.07098	11.25411	0.42542		0.0	0.20969	0.0		0.28199	3.31839		0.18395	0.0		0.35187	0.0	5.33957	0.26095	0.08267		0.07655	0.7145	2.4942	0.0	11.43396			0.0	0.36908			5.28854	0.0	0.0	0.0		0.62488		0.14724	0.0			0.59343		0.44341		0.0	0.0	0.0	0.0		2.16218	0.48191	0.39428			0.11695	1.04779	0.75639	2.99173	0.21342	0.17586		0.0			0.0	0.0	0.89007	0.0	0.0125		0.97015	7.48117	0.0		0.0	1.34231	0.0	0.0	1.73312	0.7639	0.0	0.0	1.67104	0.0	0.0		2.39166	0.0	10.72437	10.42698	1.91693		nuSVR	prevail_cu_cfrna_132
0.0	0.0	0.0	0.41801	0.15315	0.0	1.69375	1.44636			0.97229	0.06437	10.37574	0.64038		0.0	0.29842	0.0		0.34475	2.68679		0.0	0.0		0.0	0.12197	4.77106	0.5892	0.0708		0.0	0.84765	1.44567	0.00684	22.36136			0.0	0.0			4.03031	0.0	0.0	0.0		0.99237		0.0	0.0			0.0		0.37351		0.0	0.0	0.0	0.0		1.90051	1.15329	0.65353			0.13342	0.84175	0.81056	2.96234	0.2081	0.12444		0.46974			0.0	0.0	0.90341	0.0	0.0		1.37683	8.23714	0.0		0.0	0.94782	0.0	0.0	1.23467	0.76647	0.0	0.44023	2.42088	0.0	0.0		2.65954	0.0	8.20354	6.79267	2.05438		nuSVR	prevail_cu_cfrna_135
0.0	0.0	0.0	0.14816	0.48447	0.0	0.0	0.10446			0.12531	0.0	18.00825	0.71317		0.01911	0.19896	0.0		0.0	0.3711		0.0	2.358		0.76822	0.00949	1.02996	0.03026	0.0		0.0	0.41338	0.21249	0.0	9.92856			0.20353	0.0			14.37094	0.0	0.0	0.0		0.09832		0.00888	1.0059			0.0		0.0		0.0	0.0	0.0	0.0		0.70983	0.0	0.37292			0.0	0.01161	0.00068	1.27293	0.69844	0.0		0.0			0.02626	0.0	0.01723	1.72358	0.0		2.23473	2.34651	0.0		0.0	0.10636	0.0	0.0	4.72866	1.97915	0.06607	0.47807	0.88183	0.0	0.0		2.18959	0.0	17.48428	11.65951	0.40086		nuSVR	prevail_cu_cfrna_136
0.0	0.0	0.0	0.20823	0.0	0.07326	0.0	0.0			1.37705	0.06485	12.54249	0.54592		0.0	0.33701	0.0		0.20339	3.16843		0.03658	0.0		0.25766	0.14747	4.52255	0.52689	0.06887		0.0	0.58171	2.41696	0.0	29.32438			0.59535	0.0			3.69341	0.0	0.0	0.0		0.84222		0.0	0.0			0.0		0.16363		0.0	0.0	0.0	0.0		2.09496	1.60448	0.0			0.17426	0.8623	0.83205	1.05993	0.1512	0.14474		0.0			0.0	0.0	1.08222	0.01723	0.0		1.07467	6.42458	0.0		0.0	0.72691	0.04462	0.0	0.23583	0.55919	0.0	0.0	2.46422	0.0	0.0		2.07737	0.0	9.89801	4.91115	1.86176		nuSVR	prevail_cu_cfrna_137
0.0	0.0	0.0	0.24053	0.0	0.0	0.0	0.65485			0.62393	0.01935	12.20263	0.0		0.0459	0.27424	0.0		0.15104	2.24115		0.0	0.78553		0.61594	0.06228	1.68684	0.0	0.02009		0.0	0.45074	0.97524	0.0	36.93579			0.2264	0.0			4.65963	0.0	0.0	0.0		0.39542		0.0	0.0			0.0		0.02573		0.0	0.0	0.31964	0.0		1.72414	0.28194	0.0			0.23218	0.23012	0.0997	1.34105	0.0	0.0		0.0			0.0	0.0	0.44538	0.4172	0.0		1.75569	4.78782	0.0		0.0	0.24912	0.0	0.0	3.88171	0.81144	0.03609	0.0	1.17131	0.0	0.0		3.29481	0.0	9.66086	5.2364	0.73017		nuSVR	prevail_cu_cfrna_138
0.0	0.0	0.0	0.41795	0.0	0.0	0.79238	0.0			1.74602	0.0473	16.32531	0.0		0.00142	0.41437	0.0		0.0	3.5367		0.0	0.0		0.36923	0.0	4.24798	0.0	0.04748		0.20136	0.56581	1.68761	0.0	14.13666			0.61019	0.0			4.80344	0.0	0.0	0.0		0.0		0.0	0.0			0.0		0.0		0.0	0.0	0.00086	0.0		2.27606	0.0	0.0			0.03755	0.02592	0.0	1.63437	0.15121	0.03667		0.0			0.04708	0.0	0.58105	1.10469	0.4202		0.89306	4.62364	0.0		0.0	0.75402	0.0	0.0	3.0015	1.1632	0.12879	1.49255	1.76078	0.0	0.0		3.53895	0.0	12.93373	12.30036	1.14253		nuSVR	prevail_cu_cfrna_139
0.0	0.0	0.0	0.11092	0.0	0.0	0.99953	0.0			0.93949	0.02584	21.10977	0.5726		0.20793	0.40054	0.0		0.0	1.70031		0.0	0.0		1.12641	0.04886	2.32396	0.07475	0.02307		0.0	0.5499	0.56888	0.0	14.74951			0.45002	0.0			9.87642	0.0	0.0	0.0		0.61902		0.00318	0.17536			0.0		0.0		0.0	0.0	0.0	0.0		1.11773	0.0	0.0			0.0063	0.21396	0.2752	1.94751	0.93134	0.0		0.0			0.04064	0.0	0.29113	0.0	0.0		0.72042	3.91251	0.0		0.0	0.39116	0.0	0.0	1.73067	1.10605	0.22027	0.96921	1.49146	0.0	0.0		3.04451	0.0	14.35134	9.45971	1.12265		nuSVR	prevail_cu_cfrna_140
0.0	0.0	0.0	0.33238	0.77396	0.0	0.0	0.0			1.21022	0.04892	12.1455	0.45226		0.0	0.16173	0.0		0.23783	3.38068		0.0	0.0		0.17468	0.0	2.89179	0.07659	0.04853		0.20328	0.69557	1.42632	0.0	22.56793			0.50134	0.0			4.30568	0.0	0.0	0.0		0.56118		0.1107	0.0			0.0		0.0		0.0	0.0	0.12833	0.0		2.48486	1.12411	0.0			0.03182	0.44318	0.33583	2.86301	0.11317	0.05289		0.0			0.05376	0.0	1.02595	0.16821	0.0		0.86467	10.24402	0.0		0.0	0.64591	0.0	0.0	2.89368	0.77383	0.15476	0.61476	1.72881	0.0	0.0		3.04923	0.0	10.30347	6.02447	1.5702		nuSVR	prevail_cu_cfrna_141
0.0	0.0	0.0	0.64478	0.1542	0.0	0.03074	4.16107			1.42879	0.06535	13.43854	0.41479		0.0	0.37552	0.0		0.38136	2.93094		0.0	0.0		0.46087	0.13367	5.25185	0.46543	0.06645		0.42152	0.55293	1.56466	0.0	16.05997			0.0	0.0			4.62386	0.0	0.0	0.0		1.05118		0.0	0.0			0.0		0.0		0.0	0.0	0.0	0.0		1.76356	1.94909	0.1232			0.06481	0.91403	0.87685	2.63762	0.13429	0.15479		0.0			0.0	0.0	1.09486	0.0	0.0		1.35488	7.44644	0.0		0.0	0.89723	0.0	0.0	0.22831	0.85364	0.02249	0.8038	2.36216	0.0	0.0		3.40085	0.0	9.51127	6.31513	2.41222		nuSVR	prevail_cu_cfrna_142
0.0	0.0	0.0	0.44588	1.0462	0.0	0.60407	0.1111			1.00605	0.0735	12.57504	0.15826		0.0	0.24276	0.0		0.40304	2.84636		0.0	0.0		0.18133	0.11985	4.38374	0.50509	0.08362		0.0	0.97081	2.31532	0.0	21.67813			0.12089	0.0			3.74909	0.0	0.0	0.0		1.03557		0.17183	0.0			0.0		0.47115		0.0	0.0	0.0	0.0		2.07085	0.88695	0.0			0.13008	1.00567	0.94898	2.67869	0.2292	0.17966		0.45521			0.0	0.0	1.30587	0.0	0.0		1.34163	8.06452	0.0		0.0	0.68581	0.0	0.0	0.32154	0.76199	0.0	0.0	2.62432	0.0	0.0		2.24415	0.0	8.89757	7.98589	1.88269		nuSVR	prevail_cu_cfrna_146
0.0	0.0	0.0	0.2907	0.02051	0.0	1.068	1.23469			1.86728	0.07999	10.37206	0.42913		0.0	0.36747	0.0		0.30658	4.59248		0.0	0.0		0.0	0.22165	4.86678	0.58504	0.09177		0.41566	0.49354	2.02	0.0	17.6301			0.0	0.0			3.72533	0.0	0.0	0.0		1.16186		0.0	0.0			0.0		0.0		0.0	0.0	0.0	0.0		2.68534	2.8688	0.0			0.22722	0.80746	0.8554	2.90287	0.18108	0.16253		0.0			0.0	0.0	1.12249	0.0	0.0		0.91041	9.4447	0.0		0.0	0.97182	0.0	0.0	0.71311	0.85818	0.0	0.76407	1.49029	0.0	0.0		2.51326	0.0	10.86726	5.47425	2.33886		nuSVR	prevail_cu_cfrna_147
0.0	0.0	0.0	0.35564	0.19858	0.0	0.42125	0.10345			0.73875	0.03443	12.33029	0.0		0.0	0.2954	0.0		0.0	1.43551		0.0	0.0		0.63169	0.0752	2.34031	0.20261	0.06053		0.04918	0.541	1.05715	0.0	24.16145			0.68206	0.0			9.14651	0.0	0.0	0.0		0.58274		0.0	0.0			0.0		0.0		0.0	0.0	0.0	0.0		1.95348	0.75069	0.0			0.03533	0.53365	0.27091	2.68754	0.12774	0.02091		0.0			0.02848	0.0	0.65839	0.0	0.0		0.9752	8.74472	0.0		0.0	0.7266	0.0	0.0	1.44834	1.00486	0.06404	0.0	1.0356	0.0	0.0		3.189	0.0	9.9389	9.14187	1.22002		nuSVR	prevail_cu_cfrna_149
0.0	0.0	0.0	0.30012	0.8608	0.0	2.83075	0.0			0.20622	0.0	22.95712	0.95772		0.00408	0.36249	0.0		0.0	1.59287		0.0	0.0		0.93066	0.10027	1.61665	0.01517	0.01483		0.0	0.58896	0.83088	0.0	8.6253			0.30875	0.0			12.2656	0.0	0.0	0.0		0.29927		0.0	0.0			0.0		0.0		0.0	0.0	0.0	0.0		1.54529	0.0	0.0			0.0	0.0	0.0	1.07139	0.65794	0.0		0.0			0.05064	0.0	0.0	0.0	0.31353		0.86876	3.36361	0.0		0.0	0.30037	0.0	0.0	3.71749	1.26741	0.1685	0.69127	0.73912	0.0	0.0		2.15341	0.0	18.53785	7.90834	0.97654		nuSVR	prevail_cu_cfrna_150
0.0	0.0	0.0	0.44031	0.30736	0.0	0.0	1.16253			0.89068	0.07421	14.80235	0.79687		0.0	0.25155	0.0		0.1244	2.68652		0.0	0.0		0.38206	0.16747	4.39827	0.57681	0.09067		0.24045	0.80774	2.48433	0.01603	11.98747			0.37447	0.0			4.46527	0.08495	0.0	0.0		1.07479		0.0	0.0			0.71212		0.0		0.0	0.0	0.0	0.0		2.35622	2.71357	0.67804			0.11047	1.37127	0.96238	3.81745	0.04987	0.14612		0.0			0.0	0.0	1.26101	0.0	0.0		1.58108	11.42753	0.0		0.0	0.9239	0.18664	0.0	1.53379	0.75523	0.0	0.12107	1.95032	0.0	0.0		3.1515	0.0	6.7191	6.36313	2.42063		nuSVR	prevail_cu_cfrna_151
0.0	0.0	0.63359	0.33873	0.08408	0.0	0.2058	0.44322			0.11994	0.08179	15.26174	0.96591		0.0	0.29278	0.0		0.42286	2.37555		0.0	1.68979		0.76715	0.03952	5.477	0.57899	0.09817		0.18168	1.09098	1.92288	0.02604	12.3064			0.0	0.0			6.26542	0.10633	0.0	0.0		2.47248		0.0904	0.30224			0.0		0.62293		0.0	0.0	0.0	0.0		1.84011	3.10143	0.0			0.10791	1.6859	0.94305	2.06182	0.18498	0.2275		1.61871			0.0	0.0	1.49916	0.0	0.0		1.48367	8.04625	0.0		0.0	1.02297	0.0	0.0	1.91621	0.38604	0.0	1.84627	1.93048	0.07763	0.0		4.14533	0.0	4.6533	3.80441	2.15249		nuSVR	prevail_cu_cfrna_152
0.0	0.0	0.41203	0.39343	0.45502	0.0	1.70554	2.21318			1.24193	0.05696	13.56091	0.58765		0.0	0.2315	0.0		0.22246	2.74322		0.0	0.0		0.81374	0.11184	4.60025	0.4004	0.0785		0.35971	0.63529	2.23364	0.0	25.70089			0.0	0.0			3.48488	0.0	0.0	0.0		0.69553		0.0	0.0			0.0		0.0		0.0	0.0	0.0	0.0		1.87159	1.46144	0.10663			0.07048	0.78817	0.71543	1.64061	0.16671	0.08534		0.0			0.0	0.0	0.72254	0.0	0.0		0.86548	7.57616	0.0		0.0	0.38931	0.27493	0.0	1.41327	0.75443	0.0	0.28181	1.36082	0.0	0.0		2.81378	0.0	6.70758	5.40565	1.58934		nuSVR	prevail_cu_cfrna_159
0.0	0.0	0.0	0.18008	0.33261	0.0	1.27901	2.04875			1.45414	0.05888	9.84182	0.96187		0.0	0.30054	0.0		0.2078	3.75246		0.0	0.0		0.0	0.21219	4.13162	0.4977	0.12956		0.00555	0.66015	1.86913	0.0	26.48557			0.0	0.53957			4.69392	0.0	0.0	0.0		0.46054		0.0	0.01046			0.51968		0.0		0.0	0.0	0.0	0.0		2.11911	1.08024	0.14338			0.14926	0.98639	0.81314	2.10067	0.28059	0.09448		0.0			0.0	0.0	0.2995	0.0	0.0		0.36918	9.81858	0.0		0.0	0.59811	0.21322	0.0	0.46781	0.82411	0.174	0.11327	2.08884	0.0	0.0		2.65812	0.0	6.923	5.3025	1.74893		nuSVR	prevail_cu_cfrna_162
0.0	0.0	0.0	0.44144	0.62781	0.0	2.34416	0.5439			0.94376	0.04058	16.33241	0.0		0.29864	0.27328	0.0		0.05711	2.24509		0.0	0.0		0.20309	0.0	2.52226	0.0	0.04052		0.0	0.57975	1.12553	0.0	11.85754			0.0	0.0			6.54588	0.0	0.0	0.0		0.0		0.09112	0.0			0.0		0.0		0.0	0.0	0.0	0.0		2.2137	0.52819	0.0			0.00587	0.07537	0.27026	2.81954	0.07286	0.02791		0.0			0.06749	0.0	0.9373	0.28577	0.0		1.61648	5.7346	0.0		0.0	1.27426	0.0	0.0	3.10888	1.85802	0.06694	0.93843	1.96179	0.0	0.0		3.11296	0.0	13.90141	10.66	1.3481		nuSVR	prevail_cu_cfrna_164
0.0	0.0	0.03685	0.11268	0.40819	0.0	0.0	0.0			0.30884	0.0	22.10573	0.56857		0.05216	0.19879	0.0		0.0	1.41971		0.0	2.91013		1.14402	0.00949	0.39508	0.06056	0.0		0.0	0.83079	0.08392	0.0	15.68984			0.26371	0.0			12.42228	0.0	0.0	0.0		0.28286		0.01622	0.0			0.0		0.0		0.0	0.0	0.0	0.0		1.3499	0.0	0.39121			0.0	0.1237	0.04666	0.60467	0.50543	0.0		0.0			0.0	0.0	0.06851	0.00288	0.0		2.04034	5.6036	0.0		0.0	0.15545	0.0	0.0	3.58038	1.47927	0.12658	0.57632	0.47802	0.0	0.0		2.36112	0.0	12.49348	7.95711	0.73497		nuSVR	prevail_cu_cfrna_165
0.0	0.0	0.0	0.0407	0.15005	0.0	0.0	0.0			0.60952	0.02638	12.69914	0.27426		0.0	0.17119	0.0		0.08348	1.15581		0.0	0.0		0.53708	0.05368	1.42898	0.13963	0.02822		0.10781	0.37942	1.06499	0.0	42.22003			0.35093	0.0			4.30436	0.0	0.0	0.0		0.58824		0.0	0.0			0.0		0.0		0.0	0.0	0.0	0.0		1.53476	1.52795	0.5718			0.13518	0.66322	0.21814	2.22373	0.0	0.0		0.0			0.0	0.0	0.5894	0.0	0.0		1.60446	6.28544	0.0		0.0	0.71295	0.0	0.0	2.73851	0.89005	0.04308	0.0	1.00647	0.0	0.0		2.92721	0.0	5.29178	3.43576	1.1862		nuSVR	prevail_cu_cfrna_166
0.0	0.0	0.0	0.51193	0.4844	0.0	0.0	2.51686			1.28878	0.07292	14.09361	0.48165		0.0	0.23426	0.0		0.36082	2.78524		0.0	0.0		0.85187	0.35527	4.99583	0.59873	0.08804		0.39564	0.69323	2.03565	0.03334	11.92559			0.0	0.0			4.41023	0.0	0.0	0.0		1.26202		0.0	0.0			0.0		0.0		0.0	0.0	0.0	0.0		1.71188	2.46372	0.18189			0.10192	1.16369	0.90632	2.59084	0.20895	0.16614		0.0			0.0	0.0	0.8038	0.0	0.0		1.40674	10.29034	0.0		0.0	0.84042	0.0	0.0	1.17295	0.70366	0.0	1.52808	2.15755	0.0	0.0		3.11761	0.0	7.7602	7.73525	2.51212		nuSVR	prevail_cu_cfrna_167
0.0	0.0	0.0	0.25406	0.0	0.01846	0.0	1.04023			1.41808	0.06483	11.37169	0.97807		0.0	0.40365	0.0		0.09623	3.16267		0.0	0.0		0.10094	0.11203	4.35454	0.2437	0.07103		0.54113	0.52344	2.09344	0.0	28.07065			0.0	0.0			2.75329	0.0	0.0	0.0		0.48987		0.09199	0.0			0.0		0.0		0.0	0.0	0.0	0.0		2.02515	1.997	0.0			0.10766	1.11799	0.1683	2.12938	0.15194	0.12552		0.0			0.0	0.0	1.16302	0.0	0.49914		1.02989	8.52273	0.0		0.0	0.61888	0.0	0.0	1.04347	0.40586	0.0	0.0	0.86764	0.0	0.0		2.27926	0.0	9.16739	5.75439	2.57132		nuSVR	prevail_cu_cfrna_169
0.0	0.0	0.25576	0.29295	0.0	0.24223	0.3096	0.26275			1.60707	0.05143	18.32505	1.39589		0.0	0.45151	0.0		0.04635	2.80381		0.0	3.18059		1.3151	0.17326	3.20528	0.40929	0.05257		0.29126	1.07711	0.87492	0.0	10.72565			0.03855	0.0			8.31529	0.0	0.0	0.0		2.28699		0.13838	0.2508			0.0		0.0		0.0	0.0	0.0	0.0		2.34283	1.7204	0.0			0.0	0.98394	0.24171	3.77387	0.67482	0.07581		0.0			0.10058	0.0	1.01787	0.0	0.17422		0.87105	10.56423	0.0		0.0	0.59477	0.0	0.0	0.0	1.04315	0.0	0.73202	1.44455	0.01847	0.0		3.63735	0.0	8.27177	1.44869	1.88846		nuSVR	prevail_cu_cfrna_170
0.0	0.0	0.0	0.01133	0.06907	0.0	1.51641	0.0			0.01611	0.00157	20.56543	0.0206		0.02294	0.41104	0.0		0.0	0.18161		0.0	1.29259		0.01456	0.0	2.43608	0.0	0.00136		0.0	0.11607	0.24571	0.0	39.30798			0.0	0.00336			2.96092	0.00016	0.0	0.0		0.0193		0.0	0.20412			1.00123		0.15975		0.0	0.0	0.0	0.0		0.47887	0.0	0.00697			0.0	0.1054	0.00837	0.0306	0.0	0.0		0.0			0.00486	0.09727	0.13016	4.14047	0.02238		0.25618	0.0	0.0		0.0	0.02541	0.0	0.0	1.75639	1.51443	0.03231	0.11605	0.0	0.0	0.0		5.29487	0.10546	10.76602	4.40506	0.12316		nuSVR	prevail_cu_cfrna_171
0.0	0.0	0.0	0.20997	0.0	0.0	1.72137	0.0			1.71083	0.03943	20.57458	0.03926		0.07203	0.33442	0.0		0.12865	1.83582		0.0	18.86268		0.0	0.08589	4.84195	0.28711	0.03989		0.0	0.59924	1.24155	0.0	4.52256			0.88125	0.0			5.84144	0.0	0.0	0.0		0.0		0.0	0.0			0.0		0.3169		0.0	0.0	0.71493	0.0		2.70266	0.0	0.0			0.0514	0.38094	0.0	2.10539	0.0	0.04625		0.0			0.02712	0.0	0.83998	5.49034	0.36474		0.28235	2.95463	0.0		0.0	0.53266	0.22755	0.0	0.47657	1.39264	0.0	1.24259	1.57987	0.0	0.0		2.53984	0.0	6.61563	4.86034	0.38477		nuSVR	prevail_cu_cfrna_174
0.0	0.0	0.0	0.36406	0.3127	0.48232	0.0	1.03695			1.19908	0.05604	17.09204	1.22475		0.26686	0.31417	0.0		0.0	1.68566		0.0	4.67731		0.93111	0.47294	2.82811	0.25333	0.05327		0.0	1.19347	0.24591	0.01338	9.78916			0.0	0.0			6.52979	0.0	0.0	0.0		1.08978		0.0	0.24737			0.0		0.0		0.0	0.0	0.0	0.0		2.48778	6.5694	0.58886			0.15929	1.62867	0.62737	2.68	0.25786	0.04025		2.4448			0.0	0.0	1.22185	0.0	0.0		1.24806	8.07245	0.0		0.0	1.3812	0.0	0.0	0.81372	1.37742	0.0	0.89578	0.70191	0.0	0.0		5.58894	0.0	4.55473	2.81029	1.4898		nuSVR	prevail_cu_cfrna_175
0.0	0.0	0.0	0.20213	0.0	0.2623	0.31945	0.0			1.36615	0.04218	20.314	0.49973		0.0	0.54836	0.0		0.19632	1.95346		0.0	8.06316		0.47954	0.43738	4.63016	0.63422	0.0589		0.0	0.72811	1.51405	0.0	12.90602			0.13069	0.0			6.16293	0.0	0.0	0.0		1.38432		0.0	0.1868			0.0		0.22751		0.0	0.0	0.0	0.0		2.40515	0.0	0.38684			0.14704	1.40927	0.18656	3.51831	0.31456	0.07856		1.41057			0.0	0.0	1.15198	0.541	0.0		0.43031	7.60494	0.0		0.0	0.63604	0.10066	0.0	1.68189	1.50179	0.0	0.0	0.88723	0.0	0.0		4.07688	0.0	5.57743	2.07291	0.63221		nuSVR	prevail_cu_cfrna_177
0.0	0.0	0.0	0.59631	0.0	0.27356	0.19282	0.0			1.37889	0.07709	16.27757	0.0		0.08309	0.29626	0.0		0.23347	3.78285		0.0	3.9222		0.71559	0.17373	7.24836	0.74974	0.09912		0.0	1.15431	2.35588	0.0	3.08294			0.0	0.0			5.65398	0.08088	0.0	0.0		1.43341		0.0	0.74891			0.0		0.57559		0.0	0.0	0.0	0.0		1.73886	4.33688	0.0			0.08867	2.29779	1.37858	3.76074	0.21095	0.18194		2.41542			0.0	0.0	1.5087	1.39461	0.0		0.49352	5.45211	0.0		0.0	1.04932	0.0	0.0	1.53603	0.89897	0.0	0.93943	3.70553	0.0	0.0		4.11874	0.0	6.79439	3.84908	0.66316		nuSVR	prevail_cu_cfrna_179
0.0	0.0	0.0	0.23543	0.08164	1.24796	0.11963	0.0			0.0	0.0	3.1904	0.34843		0.20476	0.09367	0.25312		0.0	0.14527		0.0	1.0825		0.47578	0.04895	1.38509	0.0	0.0272		0.0	0.55388	1.11496	0.0	16.0655			1.3039	0.0			17.06676	0.0	0.0	0.0		0.0		0.07523	0.04619			0.0		0.44017		0.0	0.0	0.0	0.0		0.0	0.0	0.08749			0.0	0.0	0.0	0.42588	1.15279	0.0		0.0			0.32571	0.39419	0.0	1.91969	0.40212		0.76836	0.0	0.0		1.96118	0.0	0.07128	0.0	2.11464	0.59674	0.40076	0.0	1.85116	0.0	0.0		0.0	0.0	15.71459	25.14994	1.05707		nuSVR	prevail_cu_cfrna_181
0.0	0.0	0.30592	0.23732	0.0	0.10404	0.6162	0.7739			0.42246	0.07396	14.13273	0.96327		0.0	0.30893	0.0		0.40221	2.29381		0.0	0.89889		0.6001	0.12214	6.70344	0.70767	0.0891		0.42495	1.0552	1.64001	0.0	14.02138			0.03353	0.0			5.40437	0.0	0.0	0.0		2.08692		0.15805	0.08136			0.0		1.09947		0.0	0.0	0.0	0.0		1.79196	1.23452	0.0			0.14977	1.4341	0.88119	1.9941	0.18811	0.19102		1.93333			0.0	0.0	1.3828	0.0	0.0		1.26904	8.34427	0.0		0.0	0.98081	0.32648	0.0	2.00246	1.03233	0.0	0.5573	1.33253	0.0	0.0		3.35892	0.0	6.78094	4.67722	2.39543		nuSVR	prevail_cu_cfrna_182
0.0	0.0	0.0	0.43976	0.0	0.0	0.0	0.0			0.4812	0.01526	13.41481	0.0		0.0	0.11536	0.0		0.06918	2.39727		0.0	3.53868		0.00585	0.11651	2.74578	0.0	0.01259		0.0	0.72672	0.88327	0.0	32.33999			0.19368	0.0			5.03462	0.0	0.0	0.0		0.06913		0.0	0.07301			0.46799		0.44125		0.0	0.0	0.0	0.0		2.13642	0.40918	0.35012			0.01786	0.10201	0.1134	1.41697	0.08157	0.0		0.0			0.00998	0.0	0.71527	6.41208	0.0		0.67423	0.02007	0.0		0.0	0.85655	0.0	0.0	1.52449	1.31332	0.1427	0.0	1.44074	0.0	0.0		5.57027	0.0	5.5931	6.58166	0.9361		nuSVR	prevail_cu_cfrna_183
0.0	0.0	0.0	0.22617	0.0	0.0	0.82224	0.0			0.5704	0.01473	21.03121	0.02591		0.0	0.36987	0.0		0.0	1.41676		0.0	9.8858		0.23157	0.11162	2.33559	0.29849	0.00417		0.0	0.62288	0.63948	0.0	20.00205			0.29905	0.0			6.33458	0.0	0.0	0.0		0.29621		0.0	0.0			0.60123		0.25497		0.0	0.0	0.0	0.0		1.15842	0.0	0.0			0.03908	0.28408	0.0	0.9672	0.02511	0.10406		0.0			0.0	0.0	0.25495	7.24116	0.21348		0.0	2.31251	0.0		0.0	0.35307	0.0	0.21081	0.22012	1.28114	0.05965	0.14514	0.53925	0.0	0.02313		1.78825	0.0	10.00613	6.16836	0.20992		nuSVR	prevail_cu_cfrna_185
0.0	0.0	0.0	0.1971	0.0	0.15723	0.0	0.0			0.46537	0.03552	20.39179	0.01453		0.12287	0.20071	0.0		0.23799	0.27022		0.0	12.61528		1.20935	0.28549	2.88944	0.28563	0.04751		0.0	0.90151	0.44967	0.03728	6.22156			0.51794	0.0			7.44721	0.0	0.0	0.0		1.72062		0.0	0.29558			0.0		0.0		0.0	0.0	0.0	0.0		0.7704	6.36831	0.42744			0.10752	1.43378	0.34017	3.127	0.24297	0.0		0.0			0.0	0.0	0.8964	0.25396	0.0		3.11659	4.96875	0.0		0.0	0.9611	0.12286	0.0	1.41751	1.263	0.0	0.40266	2.52883	0.0	0.0		4.3677	0.0	7.15923	1.65356	1.05288		nuSVR	prevail_cu_cfrna_191
0.0	0.0	0.59936	0.35157	0.0	0.38414	0.0	0.0			0.0	0.07036	16.34381	1.64573		0.0	0.4434	0.0		0.0	3.09786		0.37052	3.67968		0.40852	0.12349	5.10447	0.90741	0.11172		0.88769	0.97104	1.99839	0.0	5.5965			0.0	0.0			5.03342	0.07269	0.0	0.0		1.78606		0.15083	0.21732			0.0		0.5132		0.0	0.0	0.0	0.0		2.10079	2.19198	0.0			0.08313	1.90015	1.01245	3.26658	0.16416	0.19124		4.17726			0.0	0.0	1.12666	0.0	0.74971		2.1695	9.86289	0.0		0.0	0.62242	0.0	0.0	1.10462	1.23559	0.0	0.19372	2.36289	0.0	0.0		3.46467	0.0	5.89553	3.26796	1.98695		nuSVR	prevail_cu_cfrna_192
0.0	0.0	0.0	0.48327	0.3933	0.0	0.0	0.0			0.52143	0.0423	13.0318	0.13528		0.19851	0.14991	0.0		0.1884	1.76913		0.0	11.73011		0.15774	0.06888	3.54952	0.27031	0.04376		0.0	0.85807	1.19024	0.0	14.12957			0.66096	0.0			6.85593	0.0	0.0	0.0		1.42691		0.10227	0.40288			0.0		0.04891		0.0	0.0	0.0	0.0		2.20182	1.37107	0.0			0.12317	0.87565	0.36606	1.09169	0.38395	0.0		0.0			1e-05	0.0	0.46699	0.0	0.12729		1.46422	4.76995	0.0		0.0	1.0767	0.0	0.0	3.01254	1.50163	0.1344	0.0	2.60974	0.0	0.0		4.26086	0.0	9.19634	4.73308	1.82345		nuSVR	prevail_cu_cfrna_193
0.0	0.0	0.0	0.46021	0.0	0.0	0.89565	0.0			0.86052	0.06053	18.57501	1.1695		0.0	0.36697	0.0		0.0	3.43587		0.0	9.7182		0.7653	0.17115	6.42066	0.5672	0.06896		0.0	0.77746	2.01286	0.0	6.14408			0.0	0.0			6.02025	0.0	0.0	0.0		1.40668		0.0	0.24906			0.0		0.37554		0.0	0.0	0.0	0.0		1.86683	0.0	0.0			0.12947	1.28126	0.96014	2.97216	0.34061	0.12277		1.14269			0.0	0.0	0.83835	0.0	0.0		0.85052	7.13208	0.0		0.0	0.44857	0.0	0.0	1.16212	1.44756	0.0	0.0	3.26478	0.0	0.0		2.96116	0.0	7.72696	3.70278	1.12755		nuSVR	prevail_cu_cfrna_194
0.0	0.0	0.06042	0.06105	0.0	0.47583	0.0	0.0			1.35448	0.06888	18.45879	0.41798		0.0	0.21426	0.0		0.5787	2.94269		0.03728	0.0		0.09827	0.16906	5.44601	0.69144	0.08853		0.9707	0.59611	1.21541	0.0	6.79273			0.0	0.0			4.63907	0.0	0.0	0.0		3.27381		0.12637	0.28286			0.0		1.00574		0.0	0.0	0.0	0.0		2.09241	6.58475	0.0			0.16803	1.6553	1.06241	2.35797	0.00845	0.1743		4.64455			0.0	0.0	2.03982	0.0	0.0		2.23409	8.81726	0.0		0.0	1.21903	0.0	0.0	1.97687	0.8304	0.0	0.59978	2.51106	0.0	0.0		5.53538	0.0	3.16377	0.2957	1.9622		nuSVR	prevail_cu_cfrna_195
0.0	0.0	0.0	0.15527	0.0	0.0	0.0	0.0			0.8321	0.04551	14.18932	0.56335		0.26667	0.06745	0.0		0.22508	1.53837		0.0	10.4138		2.15075	0.43901	3.35907	0.20522	0.08926		0.01813	0.95071	0.87138	0.0	9.3269			0.31554	0.0			8.54249	0.0	0.0	0.0		1.62811		0.0	0.18632			0.0		0.71297		0.0	0.0	0.0	0.0		1.57965	2.10363	0.0			0.10889	1.01038	0.64307	3.42749	0.24146	0.09393		0.0			0.02481	0.0	0.97097	0.0	0.09387		1.38064	9.09032	0.0		0.0	0.55273	0.0	0.0	2.62011	1.29084	0.1213	0.11838	2.42125	0.0	0.0		4.14577	0.0	6.35714	2.81706	1.69352		nuSVR	prevail_cu_cfrna_196
0.0	0.0	0.0	0.18501	0.0	0.0	1.38681	0.0			1.38214	0.02394	18.25634	0.29694		0.0	0.33084	0.0		0.06282	1.28121		0.0	20.49627		0.15343	0.0376	3.62408	0.32859	0.04483		0.0	0.57956	0.95294	0.0	9.38425			0.36939	0.0			6.77666	0.0	0.0	0.0		0.19505		0.0561	0.0			0.84508		0.0		0.0	0.0	0.0	0.0		1.80215	0.0	0.0			0.10016	0.78856	0.0	1.47628	0.08904	0.02254		0.0			0.0	0.0	0.48649	10.58282	0.21301		0.0	3.39399	0.0		0.0	0.4169	0.0	0.08494	0.11967	1.24844	0.0	0.13409	0.45137	0.0	0.0		1.98317	0.0	5.80826	3.3821	0.36613		nuSVR	prevail_cu_cfrna_197
0.0	0.0	0.0	0.24607	0.0	0.41955	4.55348	0.0			0.59418	0.05033	16.9788	0.90737		0.32321	0.41647	0.0		0.0	3.33378		0.0	12.527		0.13338	0.05146	4.43644	0.43861	0.04897		0.0	0.7877	0.95238	0.0	1.1602			0.6671	0.0			6.75508	0.0	0.0	0.0		1.52034		0.0	0.0			0.0		0.70793		0.0	0.0	0.0	0.0		1.72974	0.0	0.17889			0.03059	0.56446	0.0	2.77475	0.10762	0.07114		3.36721			0.05929	0.0	0.6635	0.91591	0.55373		0.72107	0.28719	0.0		0.0	0.90112	0.0	0.0	1.39112	1.33442	0.23232	0.0	3.11761	0.0	0.0		2.64235	0.0	10.07286	9.35729	0.91597		nuSVR	prevail_cu_cfrna_201
0.0	0.0	0.0	0.1238	0.5268	0.0	1.37351	0.0026			0.70064	0.03298	16.96928	0.0		0.25969	0.47978	0.0		0.12253	1.83268		0.0	22.04718		1.14725	0.10024	3.49399	0.2906	0.01159		0.0	0.85047	1.06909	0.0	2.27478			0.01763	0.0			5.9202	0.0	0.0	0.0		2.19577		0.04889	0.00781			0.27984		0.25255		0.0	0.0	0.0	0.0		1.5553	2.89204	0.0			0.18907	1.30213	0.33105	4.25379	0.06721	0.00405		0.04527			0.0	0.0	0.98927	1.75891	0.0		0.43794	2.02319	0.0		0.0	0.90651	0.0	0.0	1.49029	1.08683	0.19954	0.0	3.24768	0.0	0.0		3.0921	0.0	7.61702	3.04338	1.03528		nuSVR	prevail_cu_cfrna_202
0.0	0.0	0.0	0.08723	0.0	0.0	0.70306	0.37767			0.52949	0.02345	23.57064	0.04754		0.0	0.35215	0.0		0.0	2.60633		0.0	19.67991		0.28952	0.18237	2.74924	0.12949	0.01796		0.0	1.03626	0.64494	0.0	2.7152			0.56968	0.0			4.23697	0.0	0.0	0.0		0.94224		0.0	0.9027			0.0		0.17684		0.0	0.0	0.29368	0.0		0.98323	0.0	0.0			0.00729	1.51878	0.0	2.13335	0.22656	0.07778		0.0			0.0292	0.0	0.21159	4.19909	0.68843		2.14955	4.3155	0.0		0.0	0.65003	0.0	0.0	3.41654	1.92813	0.19193	0.0	2.01049	0.0	0.0		2.67654	0.0	7.07862	1.50152	1.14126		nuSVR	prevail_cu_cfrna_203
0.0	0.0	0.0	0.07937	0.2359	0.11462	0.0	0.0			0.01543	0.0	19.74118	0.0		0.0143	0.1928	0.0		0.0	0.78621		0.0	45.69807		0.31273	0.01314	2.59571	0.07071	0.0		0.0	0.53131	0.16731	0.0	0.0			0.16728	0.0			3.23108	0.0	0.0	0.0		0.66679		0.00643	1.42416			0.0		0.62125		0.0	0.0	0.0	0.0		0.45492	0.0	0.0			0.0	0.20816	0.0	0.99948	0.30562	0.00542		0.0			0.00997	0.0	0.35855	2.03137	0.1552		0.72363	0.0	0.0		0.0	0.17829	0.02714	0.0	3.25166	1.35128	0.10451	0.17059	0.48049	2.04237	0.0		2.09106	0.0	8.01042	0.22311	0.13096		nuSVR	prevail_cu_cfrna_204
0.0	0.0	0.0	0.57903	0.0	0.01719	3.39502	0.78439			0.6957	0.0	16.22128	0.0		0.0	0.42702	0.0		0.0	4.55954		0.0	15.02507		0.77566	0.0	5.92774	0.24121	0.01682		0.0	0.64787	1.19812	0.0	1.28361			0.40878	0.0			5.16962	0.0	0.0	0.0		1.25046		0.04093	0.0			0.00623		0.82326		0.0	0.0	0.28364	0.0		1.60665	0.0	0.0			0.0149	0.26627	0.0	2.32544	0.45028	0.01694		0.0			0.03635	0.0	0.57238	3.48905	0.58087		0.85585	0.77603	0.0		0.0	1.08404	0.0	0.0	1.73622	1.35968	0.06263	0.0	2.73538	0.0	0.0		3.14358	0.0	13.71105	4.68015	0.71809		nuSVR	prevail_cu_cfrna_205
0.0	0.0	0.0	0.34236	0.19327	0.0	0.92159	0.0			0.75187	0.04456	14.94038	0.07947		0.0	0.24387	0.0		0.05118	2.15438		0.0	21.14397		0.89068	0.06892	6.32022	0.36458	0.04118		0.0	0.94824	1.47506	0.0	0.0			0.0	0.0			6.5266	0.0	0.0	0.0		3.08152		0.10059	1.74078			0.2017		0.60339		0.0	0.0	0.58054	0.0		2.06736	0.96697	0.0			0.08031	1.47876	0.52389	3.98445	0.1156	0.17266		0.41375			0.0	0.0	1.02235	2.60933	0.20866		0.58766	1.74109	0.0		0.0	1.13688	0.0	0.0	2.35371	1.17464	0.0	0.0	2.57631	0.0	0.0		3.84161	0.0	4.97517	2.92425	1.23372		nuSVR	prevail_cu_cfrna_206
0.0	0.0	0.0	0.43924	0.0	0.0	0.0	0.0			0.50247	0.0	19.71835	0.0		0.05752	0.31149	0.0		0.16423	2.72815		0.0	25.16472		0.40284	0.06982	3.86174	0.22598	0.0		0.0	1.46461	0.0	0.0	0.0			0.17352	0.0			6.88717	0.0	0.0	0.0		0.63925		0.00242	0.58877			0.0		0.19875		0.0	0.0	0.0	0.0		0.70303	0.0	0.06275			0.0	0.33993	0.0	0.24267	0.32991	0.45801		0.0			0.03258	0.0	1.36778	10.77062	0.04133		0.0	2.07039	0.0		0.0	0.39943	0.03206	0.07276	2.52069	1.13239	0.06439	0.71874	0.60179	1.09052	0.0		3.7649	0.0	6.46486	2.90005	0.21737		nuSVR	prevail_cu_cfrna_209
0.0	0.0	0.0	0.09536	0.20905	0.82853	0.0	0.0			0.18789	0.0	20.45263	0.0		0.0	0.23109	0.0		0.06241	2.07763		0.0	41.21407		0.11302	0.01564	3.47757	0.04279	0.0		0.0	0.72388	0.50153	0.0	0.2605			0.20565	0.0			3.00409	0.0	0.0	0.0		0.64263		0.0	0.72597			0.0		0.31998		0.0	0.0	0.09142	0.0		0.47994	0.0	0.0			0.22465	0.17436	0.03948	1.25153	0.23151	0.02403		0.0			0.0	0.12965	0.3749	2.04587	0.20626		1.15079	0.0	0.0		0.0	0.51167	0.0	0.0	2.81085	1.68051	0.15928	0.45785	0.50847	0.44558	0.0		2.41738	0.0	7.3728	1.61958	0.19976		nuSVR	prevail_cu_cfrna_211
0.0	0.0	0.0	0.8153	0.49427	0.0	0.0	0.0			0.10152	0.04109	12.20265	0.0		0.16134	0.52151	0.0		0.32818	3.89361		0.0	32.4352		0.70906	0.24037	3.41902	0.33034	0.0		0.0	1.009	0.90249	0.0	3.09154			0.51437	0.0			4.4367	0.04616	0.0	0.0		1.42489		0.0	0.0			0.0		0.0		0.0	0.0	0.0	0.0		1.04459	1.51322	0.68062			0.41748	1.48148	0.40581	2.68042	0.0	0.08038		2.84042			0.0	0.0	0.68718	0.0	0.0		1.46942	1.84514	0.0		0.0	1.08592	0.0	0.0	2.20833	1.39944	1.38229	0.0	4.03897	0.0	0.0		1.33003	0.0	4.72274	0.0	1.56752		nuSVR	prevail_cu_cfrna_212
0.0	0.0	0.0	0.57727	0.0	0.56492	0.0	1.61592			1.39002	0.0802	15.11723	0.0		0.21408	0.43892	0.0		0.37967	6.83998		0.0	10.28281		0.0	0.247	6.73337	0.22775	0.08153		0.0	1.04136	2.11826	0.0	3.92537			1.15272	0.0			4.00135	0.0	0.0	0.0		1.96808		0.0	0.09269			0.0		0.61202		0.0	0.0	0.0	0.0		2.97369	0.0	0.62137			0.19347	1.13011	0.0	2.23044	0.18244	0.14311		0.0			0.0	0.0	0.82875	0.0	0.59454		4.19629	1.96937	0.0		0.0	0.94466	0.0	0.0	0.45463	1.30296	0.18348	0.0	4.02779	0.0	0.0		3.6414	0.0	8.1646	5.27037	1.24399		nuSVR	prevail_cu_cfrna_215
0.0	0.0	0.0	0.56313	0.0	0.0	0.0	0.0			0.32986	0.03045	16.89027	0.0		0.0	0.15169	0.0		0.10818	3.68305		0.0	35.51821		0.22544	0.07441	4.17364	0.20202	0.0		0.0	1.01007	0.99712	0.0	3.44226			0.42535	0.0			3.69354	0.0	0.0	0.0		0.70419		0.0	0.19271			0.0		0.24842		0.0	0.0	0.79825	0.0		1.3207	0.0	0.0			0.04059	0.31076	0.26623	1.81978	0.28904	0.02675		1.0289			0.01887	0.0	0.29371	1.26861	0.0		1.94145	0.0	0.0		0.0	0.83621	0.0	0.0	0.35407	1.12537	0.25938	0.24935	2.99808	0.0	0.0		2.02868	0.0	7.337	2.40829	0.3159		nuSVR	prevail_cu_cfrna_216
0.0	0.0	0.0	0.28763	0.0	0.1283	2.42746	0.0			0.70737	0.0	18.97	0.0		0.0	0.23876	0.0		0.0	1.91317		0.02155	25.59116		0.0	0.0	5.19052	0.11284	0.03857		0.0	0.72525	1.5328	0.0	0.0			0.41085	0.11623			5.66109	0.0	0.0	0.0		0.05987		0.04531	2.10891			0.39687		0.79168		0.0	0.0	0.0	0.0		1.3765	0.0	0.08068			0.03839	0.29701	0.0	0.74099	0.31288	0.09978		0.15921			0.0	0.0	0.83513	7.52584	0.48279		0.88925	0.0	0.0		0.0	0.80095	0.0	0.11135	0.82321	1.05872	0.08947	0.0	1.74997	0.0	0.0		2.29663	0.0	6.43267	6.32239	0.0		nuSVR	prevail_cu_cfrna_217
0.0	0.0	0.0	0.71411	0.0	0.0	3.10987	0.0			0.08171	0.06721	18.54436	0.0		0.0	0.37344	0.0		0.28233	3.41191		0.0	27.37849		0.01854	0.15202	5.49194	0.41793	0.09509		0.0	0.6088	2.22412	0.0	6.78511			0.0	0.0			2.95991	0.0	0.0	0.0		2.10675		0.15244	0.39902			0.55723		0.4272		0.0	0.0	0.0	0.0		2.13087	0.0	0.0			0.12725	0.95575	0.0	2.44069	0.14061	0.15551		0.04309			0.0	0.0	0.37646	0.0	1.60532		0.08254	0.0	0.0		0.0	1.1691	0.0	0.0	0.27459	1.07888	0.12847	0.0	6.75436	0.0	0.0		1.32988	0.0	3.98284	0.0	0.86427		nuSVR	prevail_cu_cfrna_219
0.0	0.0	0.0	0.88921	0.41747	0.58181	0.0	4.43692			0.49811	0.07503	13.79849	0.90414		0.0	0.99219	0.0		0.0	3.68223		0.0	7.85273		0.0	0.16743	3.63833	0.38547	0.07612		0.0	0.95909	0.49214	0.0	6.49469			0.34342	0.0			5.24601	0.07962	0.0	0.0		3.06797		0.15256	0.13212			0.51002		0.89095		0.0	0.0	0.0	0.0		1.65339	2.82007	0.26577			0.28086	1.89317	0.95655	2.99773	0.30508	0.14331		0.0			0.0	0.0	1.05372	0.0	0.0		1.93534	6.68476	0.0		0.0	0.63409	0.0	0.0	0.28676	0.2549	0.27232	0.21062	3.17393	0.0	0.0		2.31267	0.0	8.26208	4.98435	1.8543		nuSVR	prevail_cu_cfrna_220
0.0	0.0	0.0	0.76214	0.0	0.57903	0.0	0.0			1.35638	0.0734	15.16828	0.07773		0.0	0.64469	0.0		0.30799	4.98827		0.0	10.98061		0.0	0.26192	5.42726	0.96372	0.09051		0.05192	0.72267	2.73767	0.0	4.96654			0.0	0.0			3.75284	0.0	0.0	0.0		2.43982		0.0	0.20453			1.03372		0.75902		0.0	0.0	0.0	0.0		2.38751	2.64715	1.21089			0.06593	1.48878	0.06801	2.4901	0.16506	0.10188		1.44386			0.0	0.0	1.08136	0.0	0.56549		2.27151	6.01865	0.0		0.0	0.9843	0.0	0.9952	0.69972	0.83577	0.0	0.36253	2.63387	0.0	0.0		3.67695	0.0	5.86568	3.58909	0.0		nuSVR	prevail_cu_cfrna_221
0.0	0.0	0.0	0.59784	0.0	0.36654	0.0	0.0			0.1628	0.0	18.35035	0.0		0.09824	0.51105	0.0		0.0	6.0556		0.0	14.21348		0.48916	0.0	6.87264	0.0	0.01676		0.0	0.88332	0.79333	0.0	0.0			0.55385	0.0			5.39522	0.0	0.0	0.0		1.16609		0.03774	0.02938			0.62073		0.60932		0.0	0.0	0.36624	0.0		1.19628	0.0	0.0			0.0	0.41712	0.20167	0.50651	0.81724	0.01852		0.0			0.06373	0.0	0.91474	5.86639	0.0712		0.99706	0.70807	0.0		0.0	0.69834	0.0	0.0	3.60222	1.32866	0.0	0.39671	1.75958	0.48638	0.0		5.45454	0.0	10.74112	5.15118	0.41302		nuSVR	prevail_cu_cfrna_222
0.0	0.0	0.0	0.27773	0.28336	0.38526	0.0	0.0			0.85352	0.0386	12.92536	0.0		0.18802	0.09651	0.0		0.14301	3.15941		0.0	26.83619		0.03672	0.06945	4.87878	0.19411	0.04247		0.0	0.57398	1.58588	0.0	2.41089			0.61784	0.0			4.75686	0.0	0.0	0.0		1.61311		0.0	0.24271			0.0		0.27165		0.0	0.0	0.0	0.0		1.20489	0.0	0.0			0.2427	0.52054	0.40062	2.24093	0.35902	0.06452		0.0			0.0	0.0	0.7005	1.06151	0.59758		3.39443	0.12956	0.0		0.0	0.9152	0.0	0.0	1.97822	1.33011	0.0	0.0	3.7558	0.0	0.0		2.59642	0.0	11.5551	3.20408	1.26689		nuSVR	prevail_cu_cfrna_223
0.0	0.0	0.0	0.62463	0.43533	1.03959	0.0	0.0			0.85315	0.0	17.7058	0.0		0.07752	0.39328	0.0		0.07383	7.33389		0.0	8.94427		0.00929	0.13625	6.91858	0.0	0.06545		0.0	1.09973	1.10178	0.0	3.0961			0.71547	0.0			7.20577	0.0	0.0	0.0		1.12517		0.0	0.01508			0.0		0.75836		0.0	0.0	0.0	0.0		2.00072	0.0	0.0			0.09863	1.27614	0.0	0.9667	1.01463	0.06444		0.0			0.01486	0.0	1.10677	2.48958	0.68318		2.27457	0.0	0.0		0.0	0.96214	0.25573	0.0	3.00277	1.57457	0.0	0.23087	2.79758	0.0	0.0		5.87773	0.0	7.91411	4.3936	1.27236		nuSVR	prevail_cu_cfrna_224
0.0	0.0	0.0	0.59856	2.77527	2.95915	0.0	0.0			0.0	0.0	14.54686	0.0		0.0	0.24369	0.0		0.0	5.27921		0.0	20.16102		0.20543	0.094	4.57788	0.05125	0.02004		0.0	0.79401	0.0	0.0	6.87008			0.52789	0.0			3.94175	0.0	0.0	0.0		1.81061		0.0	0.05144			0.0		0.78095		0.0	0.0	0.35126	0.0		0.67988	0.04923	0.0			0.0059	0.5387	0.16719	1.50706	0.83153	0.0		0.0			0.01981	0.0	0.44041	1.95656	0.08934		4.69344	0.0	0.0		0.0	0.6287	0.16256	0.0	1.84524	2.10899	0.0	0.0	2.61299	0.0	0.0		5.55371	0.0	8.5128	0.49858	0.45701		nuSVR	prevail_cu_cfrna_225
0.0	0.0	0.0	0.03668	0.26773	0.28776	0.0	0.0			0.55848	0.0248	15.56218	0.0		0.0	0.24168	0.0		0.0	1.62753		0.0	52.57776		0.0	0.0	2.9369	0.21668	0.02331		0.0	0.36584	1.50308	0.0	0.75711			0.1834	0.0			0.39007	0.0	0.0	0.0		0.38573		0.05412	0.0			0.6974		0.45308		0.0	0.0	0.48945	0.0		1.24765	0.0	0.0			0.21443	0.25268	0.0	1.74101	0.22907	0.04848		0.0			0.0	0.0	0.0	0.0	0.62247		4.99578	0.0	0.0		0.33574	0.40945	0.0	0.0	0.2475	1.44065	0.06268	0.0	3.06017	0.0	0.0		0.81447	0.0	4.10642	0.0	0.53056		nuSVR	prevail_cu_cfrna_226
0.0	0.0	0.0	0.33631	0.09109	0.0	0.23349	0.0			1.27443	0.05472	11.94212	0.18023		0.0	0.5144	0.0		0.0	3.06728		0.0	0.19366		0.22245	0.04302	4.25678	0.14387	0.05835		0.06956	0.82698	1.54171	0.0	13.50724			0.64654	0.0			7.77464	0.0	0.0	0.0		0.44217		0.12283	0.0			0.0		0.0		0.0	0.0	0.0	0.0		2.31015	0.0	0.0			0.03959	0.22891	0.0	1.90222	0.0	0.08221		0.0			0.0	0.0	0.82163	1.41415	0.43115		1.03746	5.45849	0.0		0.0	0.81856	0.0	0.0	2.67886	1.04351	0.0	0.0	1.95796	0.0	0.0		2.74423	0.0	12.6895	15.46623	1.3313		nuSVR	prevail_cu_cfrna_228
0.0	0.0	0.30807	0.32557	0.0	0.0	1.36788	0.0			1.47356	0.06975	10.7681	0.26882		0.0	0.28645	0.0		0.42304	2.9276		0.0	0.0		0.0	0.12379	5.79485	0.20417	0.08098		0.33835	0.75622	1.2775	0.0	20.98284			0.0	0.0			3.89637	0.0	0.0	0.0		1.85677		0.06831	0.0			0.07697		0.14712		0.0	0.0	0.0	0.0		2.1858	1.50542	0.44744			0.13774	0.93203	0.89967	2.77755	0.15731	0.1115		0.0			0.0	0.0	0.90361	0.0	0.0		1.13188	9.64112	0.0		0.0	0.81725	0.0	0.0	1.61628	0.83884	0.0	0.90903	2.35298	0.0	0.0		3.04444	0.0	8.69737	5.29229	1.77735		nuSVR	prevail_cu_cfrna_230
0.0	0.0	0.0	0.38697	0.0	0.0	0.0	2.28813			1.47033	0.05499	8.79406	0.39897		0.0	0.20355	0.0		0.14796	3.48579		0.0	0.88907		0.0	0.19745	3.25929	0.54382	0.07591		0.12586	0.4428	2.33248	0.0	28.93973			0.49028	0.47794			3.70652	0.0	0.0	0.0		0.54588		0.0	0.0			0.0		0.13015		0.0	0.0	0.0	0.0		2.0143	1.43902	0.0			0.07726	0.71152	0.43805	0.73611	0.12716	0.10385		0.0			0.0	0.0	0.4736	1.9683	0.06347		1.68888	7.92005	0.0		0.0	0.44553	0.11826	0.0	0.2606	0.7384	0.04299	0.0	0.76987	0.0	0.0		2.41957	0.0	10.06937	6.61129	1.37463		nuSVR	prevail_cu_cfrna_234
0.0	0.0	0.0	0.21063	0.0	0.56615	0.58562	0.0			0.63219	0.01527	16.32448	0.04021		0.0	0.11395	0.0		0.11105	0.35229		0.0	13.301		0.6413	0.22264	2.70452	0.27136	0.01168		0.0	0.78532	0.5788	0.0	17.22615			0.40492	0.0			10.26868	0.0	0.0	0.0		0.28716		0.0	0.05041			0.34946		0.09631		0.0	0.0	0.0	0.0		1.10255	0.0	0.0			0.06342	0.77762	0.0	2.44222	0.17845	0.01036		0.0			0.0	0.0	0.87755	9.13209	0.19872		0.0	3.15648	0.0		0.0	0.46882	0.07769	0.0	1.3284	1.63792	0.07571	0.30242	0.93238	0.0	0.0		3.72915	0.0	4.15312	2.66788	0.53553		nuSVR	prevail_cu_cfrna_235
0.0	0.0	0.0	0.32975	0.0	0.0	2.43401	0.0			1.40689	0.04233	20.44438	0.52468		0.33049	0.43181	0.0		0.23152	2.64965		0.0	10.70147		0.44037	0.61338	4.61929	0.52487	0.0634		0.23736	1.08572	1.04965	0.0	3.00252			0.0	0.0			7.6866	0.0	0.0	0.0		1.22732		0.0	0.0			1.49211		0.31199		0.16154	0.0	0.0	0.0		2.16704	0.09577	0.0			0.14691	2.03967	0.0	4.85661	0.19304	0.13259		0.0			0.0	0.0	1.2022	1.09175	0.0		0.08586	7.24377	0.0		0.0	0.53887	0.0	0.0	0.35449	1.30979	0.0	0.33573	0.64716	0.07327	0.0		3.46406	0.0	6.65457	5.06708	0.2567		nuSVR	prevail_cu_cfrna_236
0.0	0.0	0.0	0.06499	0.0	0.1126	0.42689	0.0			0.67883	0.05884	17.55855	0.0		0.60824	0.46021	0.0		0.29198	4.50347		0.0	7.30996		0.86246	0.38721	2.52452	0.12153	0.0526		0.0	0.76035	2.34411	0.0	6.90129			0.19951	0.0			6.18407	0.0	0.0	0.0		0.70957		0.0	0.85335			0.0		0.0		0.0	0.0	0.0	0.0		2.29475	4.09558	0.39133			0.33475	1.52184	0.52982	0.27885	0.37219	0.05525		0.0			0.00245	0.0	0.89153	0.0	0.0		2.33857	4.37053	0.0		0.0	1.27975	0.0	0.0	1.33907	1.12572	0.5743	0.0	2.39966	0.13468	0.0		4.0939	0.0	9.69558	6.64281	1.26196		nuSVR	prevail_cu_cfrna_24
0.0	0.0	0.0	0.23367	0.0317	0.88652	0.0	0.0			0.0	0.0	12.08648	0.0		0.03225	0.35873	0.0		0.20994	0.67062		0.0	34.67468		0.0	0.0	2.11791	0.0	0.01842		0.0	0.3488	1.04996	0.0	19.81683			0.0	0.32586			1.8125	0.0	0.0	0.0		0.0		0.0	0.00852			0.0		0.08765		0.0	0.26452	0.0	0.0		1.63825	0.0	0.0			0.36537	0.0	0.0	0.34335	0.37471	0.0		0.0			0.0	0.73666	0.0	4.98806	0.54523		1.34198	0.0	0.10419		0.0	0.29822	0.0	0.0	0.93448	0.86501	0.42662	0.8673	3.53326	0.0	0.0		1.0797	0.0	5.12038	0.80241	0.59925		nuSVR	prevail_cu_cfrna_252
0.0	0.0	0.0	0.72912	2.69041	4.1962	0.0	0.59493			0.0	0.0	14.47624	0.0		0.01472	0.90878	0.0		0.0	5.68913		0.0	6.49827		1.27574	0.0	6.11547	0.00647	0.0		0.0	1.205	0.0	0.0	0.0			0.30117	0.0			10.16519	0.00421	0.0	0.0		0.37388		0.0	0.23115			0.0		0.21661		0.0	0.0	0.0	0.0		0.81195	0.0	1.10903			0.0	0.40508	0.01156	0.0	0.40484	0.0		0.0			0.06727	0.0	2.58417	9.85449	0.02058		0.0	0.0	0.0		0.0	0.6544	0.0	0.0	3.47749	1.65139	0.0997	0.0	0.55703	1.24012	0.00238		11.52325	0.0	6.53665	3.24807	0.04788		nuSVR	prevail_cu_cfrna_258
0.0	0.0	0.0	0.99615	0.77959	0.34787	0.0	0.0			0.67718	0.0	17.4107	0.0		0.0	1.17645	0.0		0.00127	6.30552		0.0	9.58913		0.41535	0.0	3.41752	0.0	0.0		0.0	1.03847	1.25052	0.0	5.09199			0.86669	0.0			6.39181	0.0	0.0	0.0		0.0		0.0	0.0			0.35424		0.43136		0.0	0.18519	0.0	0.0		1.52675	0.0	0.0			0.0	0.35652	0.0	1.20574	0.91428	0.0		0.0			0.0799	0.0	0.72057	11.89139	0.39242		0.05625	0.0	0.0		0.0	0.50779	0.32484	0.0	1.27687	1.42413	0.43094	0.0	1.1569	0.0	0.0		6.45027	0.0	6.7505	7.41671	0.39019		nuSVR	prevail_cu_cfrna_260
0.0	0.0	0.0	0.54372	0.0	0.29784	0.8571	0.0			0.0863	0.0	20.6952	0.0		0.09385	0.39477	0.0		0.0	0.43849		0.0	24.57533		0.30558	0.0	3.77871	0.05756	0.0		0.0	1.00711	0.16731	0.0	0.0			0.00539	0.0			6.31531	0.0	0.0	0.0		0.00703		0.0	0.63332			0.0		0.10485		0.02232	0.0	0.0	0.0		0.36969	0.0	0.08962			0.0	0.01237	0.0	0.00244	0.08366	0.56248		0.0			0.05289	0.0	0.60062	14.7112	0.06532		0.0	0.09311	0.0		0.0	0.4136	0.07549	0.07891	3.36382	1.46195	0.14066	0.44063	0.18752	0.0	0.0		4.81309	0.0	7.67024	4.32358	0.0		nuSVR	prevail_cu_cfrna_263
0.0	0.0	0.0	0.83124	0.0	0.8108	0.0	0.0			0.5122	0.02115	16.20651	0.0		0.13865	0.63492	0.0		0.2665	2.72602		0.0	25.28598		0.74629	0.22345	2.54572	0.24098	0.0		0.0	0.93379	1.82669	0.0	0.10898			0.8374	0.0			8.44112	0.09598	0.0	0.0		2.05545		0.0	0.8619			0.07772		0.32139		0.0	0.0	0.0	0.0		2.18668	0.0	0.09836			0.06742	1.24566	0.1801	1.42523	0.01829	0.0		1.0178			0.0	0.0	0.81445	5.59375	0.21973		0.68235	0.68556	0.0		0.0	1.29845	0.0	0.0	1.71281	0.91169	0.7906	0.0	1.07394	0.0	0.0		4.9719	0.0	3.90967	3.88876	0.45594		nuSVR	prevail_cu_cfrna_269
0.0	0.0	0.0	0.11271	0.0	0.62526	0.41947	0.0			0.05739	0.0	18.32766	0.0		0.0	0.44208	0.0		0.0	3.79767		0.02464	24.31204		0.86373	0.0	5.86268	0.0	0.0		0.0	0.79575	0.0	0.0	0.0			0.12895	0.0			8.49069	0.0431	0.0	0.0		0.44507		0.00413	0.61565			0.0		0.49507		0.0	0.0	0.0	0.0		0.28374	0.0	0.06919			0.0	0.03053	0.00716	0.00531	1.06363	0.01243		0.0			0.03107	0.17314	1.2815	7.13859	0.10008		0.0	0.13688	0.0		0.0	0.75849	0.09045	0.0	3.69126	1.54889	0.15114	1.20725	0.78428	1.76287	0.0		3.97542	0.0	8.28686	1.38791	0.15821		nuSVR	prevail_cu_cfrna_270
0.0	0.0	0.0	0.66717	0.0	0.0	0.0	0.14628			1.93845	0.08193	14.63267	0.2156		0.0	0.39406	0.0		0.46603	3.47695		0.0	14.83442		0.0	0.13236	7.8595	0.54818	0.09591		0.0	0.71436	1.78812	0.0	3.38884			0.0	0.0			5.61608	0.0	0.0	0.0		1.63286		0.19085	0.12797			0.0		0.16891		0.0	0.0	0.0	0.0		2.66243	2.87136	0.0			0.16614	1.58654	1.01134	2.46207	0.22446	0.18072		0.56947			0.0	0.0	1.36799	0.0	0.0		1.57585	3.98447	0.0		0.0	1.18318	0.0	0.0	0.70673	0.69578	0.0	0.65645	3.80684	0.0	0.0		3.35755	0.0	8.95451	1.90116	0.95748		nuSVR	prevail_cu_cfrna_271
0.0	0.0	0.0	0.40825	0.0	0.0	1.14781	0.0			1.55886	0.03168	21.87265	0.10211		0.0	0.16359	0.0		0.19972	1.95771		0.0	14.1318		0.48488	0.25626	3.46241	0.34496	0.02592		0.0	0.6414	1.17601	0.0	8.41682			0.22356	0.0			7.12597	0.0	0.0	0.0		0.0		0.0	0.0			0.21183		0.24349		0.0	0.0	0.48016	0.0		2.04236	0.0	0.0			0.01765	0.89063	0.0	2.83616	0.26216	0.13988		0.0			0.0	0.0	1.04432	5.31875	0.24625		0.0	5.63344	0.0		0.0	0.59644	0.0041	0.15381	1.41787	1.03914	0.11829	0.26883	0.4742	0.07076	0.0		3.12234	0.0	7.95725	1.45662	0.22089		nuSVR	prevail_cu_cfrna_272
0.0	0.0	0.0	0.38482	0.0	0.10165	0.06611	0.0			0.68845	0.0	15.85179	0.0		0.0	0.53341	0.0		0.0	2.57512		0.0	13.49334		0.47703	0.0	4.76667	0.09647	0.0		0.0	0.65669	1.02796	0.0	0.0			0.66442	0.0			7.63506	0.0	0.0	0.0		0.12322		0.04514	4.61484			0.0		0.33062		0.0	0.0	0.0	0.0		0.82867	0.0	0.16378			0.04982	0.0	0.15795	0.46063	0.03052	0.18991		0.0			0.0	0.0	0.95635	19.88252	0.0		0.02611	1.51701	0.0		0.0	0.68669	0.0	0.0	2.52572	1.57153	0.17996	0.0	1.24344	0.0	0.0		3.30251	0.0	8.4017	3.14893	0.54345		nuSVR	prevail_cu_cfrna_278
0.0	0.0	0.0	0.45962	0.22732	0.36589	0.62772	0.0			0.0	0.0	23.30724	0.0		0.04907	0.66762	0.0		0.0	3.47304		0.0	24.16277		0.67243	0.0	4.18186	0.0404	0.0		0.0	0.95881	0.0	0.0	0.0			0.28161	0.0			9.1269	0.0	0.0	0.0		0.0442		0.0	0.02605			0.15135		0.48744		0.0	0.0	0.0	0.0		0.69715	0.0	0.2928			0.0	0.0	0.0	0.00934	0.36018	0.15158		0.0			0.07895	0.0	1.48855	9.7692	0.1701		0.0	0.0	0.0		0.0	0.51342	0.0	0.0	1.75837	1.65564	0.10787	0.90864	0.75824	2.12831	0.0		5.21138	0.0	3.61886	0.9508	0.05929		nuSVR	prevail_cu_cfrna_280
0.0	0.0	0.0	0.70147	0.6262	1.74742	0.0	0.0			0.6067	0.03642	17.65149	0.0		0.32686	0.55655	0.0		0.0	4.72051		0.0	4.32937		0.91045	0.12859	6.31181	0.05303	0.04321		0.0	0.71437	0.61001	0.0	3.94541			0.55785	0.0			7.61507	0.0	0.0	0.0		1.19677		0.0	0.0			0.0		0.0		0.0	0.0	0.0	0.0		1.50824	3.8272	0.28962			0.0	1.24201	0.29108	0.78638	0.41987	0.0		0.0			0.08455	0.0	1.55153	6.14358	0.0		1.72329	2.89381	0.0		0.0	1.14618	0.0	0.0	2.56844	1.54186	0.0	0.0	2.92671	0.0	0.0		6.89839	0.0	6.07044	3.29038	1.40688		nuSVR	prevail_cu_cfrna_282
0.0	0.0	0.0	0.20264	0.0	0.0	0.0	0.0			0.6257	0.02796	22.67263	0.33633		0.0	0.40144	0.0		0.07903	1.54423		0.0	0.28579		0.59594	0.22495	1.3999	0.1555	0.01374		0.11637	0.50239	0.76606	0.0	25.55763			0.78037	0.0			6.0365	0.0	0.0	0.0		1.29437		0.0	1.20114			0.0		0.45898		0.0	0.0	0.0	0.0		1.11565	2.28519	0.41158			0.0	0.56934	0.18292	1.4981	0.0	0.0		0.01543			0.04831	0.0	0.28681	0.24245	0.0		0.86457	6.25251	0.0		0.0	0.37526	0.0	0.0	1.79744	0.73152	0.06897	0.05642	0.0	0.0	0.0		4.62852	0.0	7.7312	4.62321	0.93498		nuSVR	prevail_cu_cfrna_284
0.0	0.0	0.0	0.33879	0.0	0.02432	1.49508	0.0			0.84293	0.04371	16.29198	0.0		0.0	0.34287	0.64736		0.14649	1.88702		0.0	11.33125		0.31059	0.00855	4.64561	0.1678	0.0482		0.0	0.58457	1.44643	0.0	6.50352			0.44933	0.0			8.20225	0.0	0.0	0.0		1.4399		0.09511	0.0			0.0		0.30814		0.0	0.0	0.0	0.0		1.27833	0.07461	0.0			0.1085	0.86266	0.25039	0.83851	0.15642	0.07766		0.0			0.0	0.0	0.72077	8.28063	0.0		0.10553	2.73946	0.0		0.0	0.66023	0.0	0.0	0.7833	1.51543	0.0	0.3192	3.27319	0.0	0.0		1.56369	0.0	11.47606	7.07098	0.24266		nuSVR	prevail_cu_cfrna_285
0.0	0.0	0.0	0.20416	0.56829	0.0	0.0	1.30279			0.69669	0.03257	16.34004	0.62677		0.13903	0.41024	0.0		0.0923	0.43358		0.0	2.46757		0.83012	0.35532	2.66779	0.19923	0.03608		0.0	0.72341	0.91905	0.01978	18.6383			0.75312	0.0			8.64028	0.0	0.0	0.0		1.42525		0.0	0.36535			0.0		0.12502		0.0	0.0	0.0	0.0		1.91815	3.00965	0.36856			0.02839	0.9883	0.35985	3.61995	0.0732	0.0		0.0			0.03905	0.0	0.9364	0.0	0.0		2.00009	9.28118	0.0		0.0	0.493	0.0	0.0	1.90411	1.32894	0.0	0.0	1.13986	0.0	0.0		3.24622	0.0	6.23627	2.75124	1.2655		nuSVR	prevail_cu_cfrna_286
0.0	0.0	0.0	0.11776	0.0	0.29949	0.41446	0.0			0.75094	0.04986	17.06326	0.0		0.49234	0.26856	0.46902		0.18369	1.77173		0.0	10.30296		0.0	0.16256	5.59326	0.0	0.05379		0.0	0.86475	1.74515	0.0	3.79034			0.11291	0.0			6.43781	0.0	0.0	0.0		1.39637		0.11423	2.87578			0.08153		0.80954		0.0	0.0	0.0	0.0		1.75677	0.0	0.09445			0.17977	0.64447	0.4108	1.90693	0.11143	0.0402		0.0			0.0	0.0	1.24347	5.33617	0.1197		0.08624	0.15662	0.0		0.0	0.91323	0.0	0.0	1.55083	1.17945	0.0	0.0	2.45016	0.0	0.0		3.5147	0.0	10.54963	10.26439	1.26848		nuSVR	prevail_cu_cfrna_287
0.0	0.0	0.0	0.24268	0.0	0.0	2.3049	0.0			0.81797	0.0	13.00255	0.0		0.0	0.31327	0.0		0.0	0.82895		0.0	13.88117		0.07298	0.0	3.4808	0.00619	0.0		0.10747	0.46128	0.82426	0.0	13.98337			0.29846	0.0			6.49868	0.0	0.0	0.0		0.0		0.02736	0.72391			0.50265		0.31228		0.25181	0.1061	0.0	0.0		0.94533	0.0	0.15157			0.00068	0.0	0.0	0.2214	0.05048	0.08478		0.0			0.0	0.0	0.35193	14.65148	0.27675		0.0	3.58068	0.0		0.0	0.11525	0.03079	0.09302	1.00144	1.1094	0.10415	0.14656	0.1037	0.0	0.0		1.92154	0.0	10.94868	4.93127	0.13003		nuSVR	prevail_cu_cfrna_289
0.0	0.0	0.0	0.16717	0.0	1.33077	0.0	0.0			0.21717	0.01138	17.31507	0.0		0.0	0.08808	0.0		0.0	0.26486		0.0	24.3298		0.0	0.01761	2.66805	0.11554	0.01208		0.0	0.25136	0.33036	0.0	14.30145			0.26539	0.0			4.46093	0.0	0.0	0.0		0.0		0.02184	0.29751			0.0		0.09773		0.0	0.15895	0.07618	0.0		1.00954	0.0	0.0			0.0013	0.12118	0.0	0.10023	0.17832	0.0		0.0			0.0	0.0	0.43636	13.93615	0.19993		0.40693	0.0	0.24755		0.0	0.20392	0.03475	0.0	1.81772	1.49801	0.0	0.54586	1.48319	0.0	0.0		2.07764	0.0	6.42366	2.2407	0.23777		nuSVR	prevail_cu_cfrna_290
0.0	0.0	0.0	0.15726	0.06173	0.0	0.0	0.0			0.24392	0.0	15.66183	0.08063		0.01822	0.37847	0.0		0.0	1.38264		0.0	1.51885		0.65281	0.16382	2.11296	0.02676	0.00176		0.0	0.6593	0.31404	0.0	22.03463			0.17486	0.0			9.82899	0.0	0.0	0.0		0.26565		0.0	0.33996			0.00389		0.01418		0.0	0.0	0.0	0.0		0.82863	0.0	0.15328			0.0	0.23487	0.0	3.203	0.15965	0.0		0.0			0.04231	0.0	0.32291	3.92318	0.04652		0.62323	3.85942	0.0		0.0	0.41706	0.0	0.0	4.99955	1.59378	0.05328	0.15793	0.43186	0.0	0.0		4.38337	0.0	11.66956	6.34746	0.452		nuSVR	prevail_cu_cfrna_291
0.0	0.0	0.0	0.12623	0.10898	0.0	0.04422	0.0			0.11286	0.0	21.0384	0.0		0.05635	0.70221	0.0		0.00302	1.35353		0.0	21.7828		0.42016	0.05973	3.33366	0.04923	0.0		0.0	0.62222	0.0	0.0	0.0			0.07527	0.0			9.56458	0.0	0.0	0.0		0.3306		0.00146	0.06679			0.0		0.06743		0.0604	0.0	0.0	0.0		0.19364	0.0	0.16193			0.0	0.0	0.0	0.01418	0.28522	0.39343		0.0			0.03005	0.0	1.77428	15.48125	0.21391		0.0	0.79239	0.0		0.0	0.08404	0.01324	0.00484	2.72955	1.04307	0.04874	0.39988	0.37594	0.77871	0.0		3.00201	0.0	7.49782	4.69642	0.00534		nuSVR	prevail_cu_cfrna_292
0.0	0.0	0.0	0.48169	0.0	0.84406	0.0	0.0			0.87617	0.07553	12.07717	0.0		0.14847	0.36004	0.0		0.37109	4.33961		0.0	4.2583		0.04971	0.06558	5.85394	0.01013	0.08465		0.0	0.83536	1.39954	0.0	15.01967			1.07303	0.0			6.40878	0.05782	0.0	0.0		1.2865		0.0	0.40306			0.0		0.57124		0.0	0.0	0.0	0.0		2.3281	2.88322	0.55022			0.1166	0.91112	0.68229	0.83726	1.11058	0.1234		0.0			0.0	0.0	1.53044	2.10321	0.0		1.2097	1.53358	0.0		0.0	1.00285	0.0	0.0	1.90045	0.94324	0.0	0.0	3.31497	0.0	0.0		5.2538	0.0	7.96658	4.99002	1.75721		nuSVR	prevail_cu_cfrna_293
0.0	0.0	0.0	0.19937	0.0	1.17767	1.61126	0.0			0.58198	0.0	13.10053	0.0		0.0	0.49728	0.0		0.0	1.95556		0.0	24.71715		0.0	0.15737	3.21692	0.05642	0.0		0.0	0.98352	0.47172	0.0	7.22441			0.66859	0.0			4.99655	0.0	0.0	0.0		1.23689		0.0	0.09517			0.0		0.14504		0.0	0.0	0.0	0.0		1.96847	0.41217	0.0			0.19192	1.30614	0.25571	0.96018	0.04236	0.0		0.0			0.0	0.03896	0.0	1.57221	0.0		0.51185	2.44101	0.0		0.0	0.49543	0.01923	0.0	5.41917	1.06763	0.62169	0.0	3.07863	0.0	0.0		2.93957	0.0	9.59562	3.04726	0.92141		nuSVR	prevail_cu_cfrna_294
0.0	0.0	0.0	0.46745	0.0	1.13959	0.0	0.0			0.31595	0.0	19.9689	0.0		0.0	0.44824	0.0		0.0	5.51338		0.0	4.96785		0.44222	0.0	5.7688	0.0	0.01801		0.0	0.72949	0.7943	0.0	3.01755			0.8099	0.0			8.84656	0.0	0.0	0.0		0.56671		0.0	0.00297			0.0		0.52842		0.0	0.0	0.31979	0.0		0.72822	0.0	0.0			0.0	0.26557	0.15723	0.51523	0.53269	0.0005		0.0			0.21906	0.0	1.24133	1.30846	0.05374		0.33208	2.18706	0.0		0.0	0.63195	0.0	0.0	4.40105	1.43882	0.0	0.57444	1.8856	0.0	0.0		5.00179	0.0	9.8885	13.5699	0.40071		nuSVR	prevail_cu_cfrna_295
0.0	0.0	0.0	0.55953	0.0	1.52951	0.0	0.0			0.0	0.0	18.61367	0.0		0.0	0.78089	0.0		0.08504	3.80087		0.0	20.12191		0.9672	0.06082	4.66639	0.17146	0.0		0.0	1.22687	0.49726	0.0	0.0			0.64287	0.0			7.68575	0.0	0.0	0.0		0.94831		0.0	0.0			0.0		0.22521		0.0	0.0	0.0	0.0		0.58393	0.23957	0.26915			0.02017	0.5772	0.14882	0.81549	0.95434	0.0		0.0			0.00807	0.06602	0.72603	4.18329	0.09088		0.72259	0.26724	0.0		0.0	0.504	0.0	0.0	3.21475	1.44946	0.37582	1.65049	2.96357	0.0	0.0		6.48867	0.0	6.78718	3.36798	0.94175		nuSVR	prevail_cu_cfrna_296
0.0	0.0	0.0	0.23567	0.0	0.06618	1.49184	0.0			0.57188	0.0	16.73972	0.0		0.0	0.49434	0.0		0.0	1.89791		0.0	12.68493		0.18444	0.06003	2.89946	0.0	0.0		0.0	0.57144	0.87397	0.0	17.14689			0.35137	0.0			4.99354	0.0	0.0	0.0		0.0		0.02582	0.74664			0.2343		0.03992		0.0	0.0	0.0	0.0		1.57046	0.0	0.02786			0.01651	0.14551	0.0	0.31587	0.13444	0.0		0.0			0.0	0.0	0.17219	11.36553	0.21329		0.0	2.69748	0.0		0.0	0.36292	0.0	0.0	2.96487	1.24515	0.23439	0.00526	1.16295	0.0	0.0		2.69238	0.0	8.44437	3.49041	0.4279		nuSVR	prevail_cu_cfrna_298
0.0	0.0	0.0	0.14427	0.0	0.0	0.81825	0.0			0.0	0.0	19.33984	0.0		0.0	0.54411	0.32017		0.00279	1.60986		0.0	19.32839		0.56894	0.0	4.46548	0.06986	0.0		0.0	0.72905	0.0	0.0	0.0			0.08051	0.0			10.60218	0.0	0.0	0.0		1.10726		0.0	2.22314			0.0		0.22916		0.0	0.0	0.0	0.0		0.46686	0.0	0.06798			0.0	0.10898	0.03039	0.02556	0.47767	0.15334		0.0			0.04324	0.0	0.8318	5.6104	0.01594		0.27888	1.72749	0.0		0.0	0.37981	0.02212	0.0	3.4344	1.33174	0.14379	0.60831	0.65916	0.89307	0.0		3.56627	0.0	13.44493	3.30997	0.18466		nuSVR	prevail_cu_cfrna_299
0.0	0.0	0.0	0.51691	0.0	0.0	0.95141	0.0			0.95745	0.04485	22.34376	0.0		0.0	0.34638	0.05898		0.23036	2.88197		0.0	13.11629		0.72316	0.02214	4.96547	0.27383	0.0481		0.0	0.71741	1.49716	0.0	2.4017			0.58473	0.0			7.29212	0.0	0.0	0.0		0.80305		0.07765	0.01483			0.12665		0.0		0.0	0.0	0.0	0.0		1.90689	0.0	0.67999			0.04578	0.92224	0.3999	1.68	0.20687	0.06023		0.0			0.0	0.0	0.96605	4.82557	0.0		0.29683	3.95575	0.0		0.0	0.97912	0.0	0.0	1.82063	1.39446	0.0004	0.24914	2.83616	0.0	0.0		2.44647	0.0	8.26121	4.09585	0.97412		nuSVR	prevail_cu_cfrna_300
0.0	0.0	0.0	0.42952	0.0	0.20182	2.42041	0.0			1.4458	0.07624	15.11288	0.03192		0.14915	0.69011	0.0		0.0	3.76773		0.0	8.86619		0.0	0.10606	6.64228	0.35151	0.0636		0.0	0.67626	1.53463	0.0	6.94984			0.32234	0.0			4.90158	0.0	0.0	0.0		1.36844		0.15478	0.47751			0.32249		0.35707		0.0	0.0	0.0	0.0		2.0667	0.0	0.56027			0.15105	0.44742	0.0	2.17411	1.71014	0.15131		0.0			0.0	0.0	0.56901	1.64396	0.90299		1.36276	4.06111	0.0		0.0	0.44268	0.0	0.0	2.61989	0.73841	0.33562	1.35724	4.14103	0.0	0.0		1.27713	0.0	11.40862	3.28697	1.17145		nuSVR	prevail_cu_cfrna_301
0.0	0.0	0.0	0.50184	0.0	0.0	0.0	0.0			0.66094	0.0	23.83878	0.24783		0.08857	0.44768	0.0		0.24374	1.51005		0.0	17.55992		0.66288	0.08855	2.75362	0.28851	0.0		0.0	2.14903	0.68283	0.0	0.0			0.68035	0.0			12.70417	0.8428	0.0	0.0		0.0		0.0	0.39711			0.0		0.05496		0.0	0.02905	0.0	0.0		2.28571	0.0	0.22899			0.0525	0.45812	0.0	0.00138	0.13823	0.58205		0.0			0.0	0.0	0.93086	7.55979	0.09314		0.63302	0.78527	0.0		0.0	0.50099	0.19306	0.0	1.97394	1.45567	0.48851	0.0	0.89988	0.0	0.0		3.03867	0.0	5.26406	5.83262	0.17032		nuSVR	prevail_cu_cfrna_303
0.0	0.0	0.0	0.10273	0.0	0.0	0.07612	0.0			0.18671	0.0	9.4752	0.0		0.05535	0.14454	0.0		0.01997	0.39833		0.0	17.31589		0.12352	0.00402	1.2891	0.0	0.00025		0.0	0.48245	0.34862	0.0	34.37786			0.03888	0.0			3.74984	0.00936	0.0	0.0		0.0		0.00573	0.30981			0.35529		0.06743		0.0	0.10564	0.0	0.0		0.71856	0.0	0.11475			0.0	0.06594	0.0	0.05742	0.08752	0.0232		0.0			0.02414	0.0	0.19917	17.24374	0.0875		0.0	0.0	0.0		0.0	0.15414	0.01989	0.03546	1.29355	1.01532	0.02573	0.0	0.23596	0.0	0.0		1.95801	0.0	4.85897	2.67722	0.06118		nuSVR	prevail_cu_cfrna_304
0.0	0.0	0.0	0.3899	0.00016	0.0	0.0	0.36399			0.57442	0.00499	15.32959	0.0		0.0	0.40226	0.0		0.0885	3.67709		0.0	11.114		0.29333	0.0	3.28077	0.02532	0.0		0.0	1.27505	1.35412	0.0	2.76148			0.16508	0.0			7.98514	0.0	0.0	0.0		0.11524		0.0	0.27777			0.26563		0.0		0.0	0.0	0.0	0.0		1.75663	0.0	0.01433			0.10882	0.16561	0.02134	0.7058	0.55831	0.08576		0.0			0.0	0.0	0.56708	8.48782	0.09084		0.48967	3.34021	0.0		0.0	0.51912	0.0	0.00901	4.07221	1.32339	0.31971	0.0	0.80626	0.0	0.0		2.39123	0.0	12.5875	11.58157	0.25393		nuSVR	prevail_cu_cfrna_305
0.0	0.0	0.0	1.11822	1.23289	3.40413	0.0	0.0			0.0	0.0	19.63459	0.0		0.0	1.07135	0.0		0.03612	5.70733		0.0	9.62653		0.96757	0.06463	5.72042	0.0	0.0		0.0	1.02905	0.0	0.0	0.0			0.30475	0.0			10.27588	0.0	0.0	0.0		0.59963		0.0	0.0			0.0		0.54047		0.0	0.0	0.0	0.0		0.13932	0.0	0.85954			0.0	0.09272	0.03525	0.02414	0.1161	0.00464		0.0			0.1058	0.0	1.92928	2.42444	0.21395		0.01005	0.0	0.0		0.0	0.63119	0.00865	0.0	5.36693	1.69016	0.0	0.15758	1.06246	1.71137	0.0		10.07639	0.0	9.43306	2.16923	0.40421		nuSVR	prevail_cu_cfrna_307
0.0	0.0	0.0	0.68601	0.0	1.08793	0.47631	0.0			0.23541	0.0	12.56595	0.0		0.05369	0.29414	0.0		0.0	2.58704		0.0	21.85349		0.45444	0.0	4.1425	0.0	0.0		0.0	0.79127	0.67451	0.0	4.06608			0.76868	0.0			6.70006	0.0	0.0	0.0		0.49079		0.04076	0.85179			0.0		0.16461		0.0	0.0	0.0	0.0		1.25194	0.0	0.0			0.0	0.07284	0.23927	1.55471	0.75119	0.0		0.0			0.2454	0.0	0.23807	2.27359	0.0		0.17981	2.30654	0.0		0.0	0.27102	0.0	0.0	5.64315	1.70279	0.31615	0.73892	2.38068	0.0	0.0		4.33139	0.0	8.29981	7.72601	0.49125		nuSVR	prevail_cu_cfrna_308
0.0	0.0	0.0	0.45759	0.0	0.84024	0.0	0.0			1.05856	0.01918	15.83734	0.0		0.17798	0.71973	0.0		0.01476	4.47962		0.0	15.0944		0.30425	0.0	5.50956	0.02493	0.0		0.0	1.35424	1.03643	0.0	0.0			1.34808	0.0			8.1261	0.0	0.0	0.0		0.72637		0.0	0.58222			1.82514		0.27491		0.0	0.0	0.30319	0.0		0.82569	0.0	0.0			0.15485	0.19101	0.10786	0.48016	0.64524	0.30803		0.0			0.0	0.0	0.85012	5.02518	0.10956		0.9393	4.28601	0.0		0.0	0.99743	0.0	0.0	0.6693	1.43247	0.63308	1.51324	2.58025	0.0	0.0		3.69653	0.0	9.41932	4.26666	0.75387		nuSVR	prevail_cu_cfrna_309
0.0	0.0	0.0	0.73643	0.0	1.31008	1.90312	0.33164			0.0	0.0	12.84287	0.0		0.0	0.49781	0.0		0.04857	3.39302		0.0	7.60482		0.93487	0.0	3.30275	0.0	0.04031		0.0	0.79086	0.92811	0.0	16.00913			0.8614	0.0			7.01296	0.0	0.0	0.0		0.24507		0.05936	0.17439			0.0		0.0		0.0	0.0	0.0	0.0		1.28257	0.0	0.1001			0.0	0.24967	0.0	0.96667	1.14992	0.0		0.0			0.07194	0.13031	0.25572	3.61307	0.28621		0.8351	0.6273	0.0		0.0	0.76564	0.0	0.0	3.14	1.29434	0.20575	0.35642	3.50668	0.0	0.0		3.16569	0.0	10.09199	8.0059	0.87144		nuSVR	prevail_cu_cfrna_310
0.0	0.0	0.0	0.33867	0.25782	0.11365	0.0	0.0			0.78836	0.03237	17.58066	0.0		0.0	0.91647	0.0		0.0	4.55395		0.0	12.60749		0.14901	0.0	5.27228	0.0	0.0		0.0	0.75972	3.1504	0.0	3.01348			1.16187	0.0			5.91415	0.0	0.0	0.0		0.0		0.07166	1.1786			0.63735		0.20443		0.0	0.27381	0.0	0.0		1.45754	0.0	0.33245			0.12913	0.0	0.36958	0.72202	0.24604	0.06527		0.87633			0.0	0.0	0.28758	11.06669	0.35357		1.40723	0.0	0.0		0.0	1.10611	0.0	0.0	2.52724	1.74445	0.5164	0.0	3.5661	0.0	0.0		4.08436	0.0	1.43538	8.52077	0.20953		nuSVR	prevail_cu_cfrna_313
0.0	0.0	0.0	0.37713	0.0	0.0	0.0	0.0			0.4835	0.0	11.67899	0.0		0.0	0.46538	0.0		0.01781	2.30202		0.0	12.11306		0.4231	0.0	3.23015	0.0	0.0103		0.0	0.52447	0.99138	0.0	7.5517			0.69799	0.0			5.71247	0.0	0.0	0.0		0.37141		0.03332	2.35864			1.06774		0.0		0.0	0.0	0.27255	0.0		1.12176	0.0	0.0			0.0	0.27769	0.12649	0.06943	0.0	0.14476		0.0			0.0	0.0	0.74783	23.38048	0.04027		0.14663	0.0	0.0		0.0	0.4874	0.03265	0.0	2.54608	1.55396	0.03156	0.28766	1.81877	0.0	0.0		3.16744	0.0	8.60608	4.43106	0.29887		nuSVR	prevail_cu_cfrna_315
0.0	0.0	0.0	0.24796	0.0	0.0	0.0	0.0			0.97175	0.0	14.28065	0.0		0.0	0.31484	0.0		0.0	1.78143		0.0	10.04752		0.15514	0.0142	3.68635	0.16113	0.0		0.0	0.83991	0.92912	0.0	8.92026			0.29252	0.0			8.33723	0.0	0.0	0.0		0.0		0.03111	0.31411			0.0		0.34978		0.0	0.12334	0.0	0.0		0.78345	0.0	0.0			0.13084	0.09482	0.0	0.0611	0.0	0.01952		0.0			0.0	0.0	0.31292	14.02951	0.21326		0.00257	0.0	0.0		0.0	0.47121	0.0	0.17507	0.0	0.97751	0.35582	0.456	0.37025	0.0	0.0		3.28872	0.0	12.81386	13.50657	0.13866		nuSVR	prevail_cu_cfrna_317
0.0	0.0	0.0	0.34218	0.0	0.05727	1.34542	0.0			0.84283	0.0	15.4352	0.0		0.0	0.20466	0.0		0.08844	0.31962		0.01497	24.14983		0.12305	0.01199	2.50341	0.10943	0.0		0.02674	0.49887	0.17225	0.0	4.51491			0.32883	0.0			4.73703	0.0	0.0	0.0		0.0		0.01851	0.10508			0.0		0.31082		0.10866	0.15116	0.0	0.0		0.7324	0.0	0.25373			0.0	0.0	0.0	0.0	0.02499	0.03796		0.0			0.0	0.0	0.59242	26.99439	0.10244		0.0	0.0	0.25018		0.0	0.06847	0.08336	0.10501	1.75269	1.32659	0.24912	0.68221	0.19468	0.63519	0.0		2.3146	0.0	4.61171	2.34629	0.12042		nuSVR	prevail_cu_cfrna_318
0.0	0.0	0.0	0.41333	0.0	0.0	0.1015	0.4504			0.69245	0.0	18.27455	0.0		0.07031	0.4272	0.0		0.0	2.79291		0.0	12.02584		0.4258	0.0	3.76765	0.0	0.0		0.0	0.7083	0.26176	0.0	11.47079			0.38539	0.0			8.36328	0.0	0.0	0.0		0.37783		0.02851	0.23541			0.0		0.14028		0.0	0.0	0.0	0.0		0.74762	0.0	0.0			0.0	0.05625	0.0	0.09303	0.04297	0.0		0.0			0.05615	0.0	0.71308	8.42448	0.18491		0.0	0.0	0.0		0.0	0.41213	0.12287	0.0	3.45697	1.50924	0.19735	0.57633	1.31841	0.0	0.0		4.25934	0.0	11.52541	4.39889	0.49105		nuSVR	prevail_cu_cfrna_319
0.0	0.0	0.0	0.52405	0.0	0.0	0.0	0.0			0.20969	0.00578	21.66017	0.0		0.02782	0.46244	0.0		0.06634	2.22404		0.0	22.42813		0.3534	0.10273	3.67296	0.07036	0.0		0.0	0.71498	0.13101	0.0	0.0			0.06153	0.0			6.34645	0.0	0.0	0.0		0.52309		0.0	0.22246			1.14206		0.02917		0.0	0.0	0.0	0.0		1.1875	0.0	0.09303			0.0	0.3741	0.04157	0.01483	0.0	0.13858		0.0			0.0	0.0	1.87647	12.28598	0.07203		0.0	2.67513	0.0		0.0	0.56498	0.09275	0.03479	1.19764	1.59901	0.24619	0.30234	0.46169	1.24162	0.0		3.14642	0.0	8.14908	3.21117	0.01442		nuSVR	prevail_cu_cfrna_320
0.0	0.0	0.0	0.0	0.0	0.15792	0.0	0.0			1.62382	0.08647	13.85606	0.0		0.60918	0.29786	0.0		0.40254	4.88738		0.0	8.41289		0.0	0.0	5.88681	0.0	0.13423		0.0	0.83172	1.45251	0.0	2.89071			0.74662	0.3133			7.47672	0.0	0.0	0.0		1.44424		0.17167	0.49084			0.0		0.02285		0.0	0.0	0.0	0.0		1.65631	1.7523	0.52834			0.55463	0.95477	0.65863	1.42926	0.19421	0.29529		0.35113			0.0	0.0	1.36228	0.00454	0.0		0.89373	6.13738	0.0		0.0	1.32565	0.0	0.0	2.26787	0.87847	0.14091	0.0	3.56295	0.0	0.0		3.3443	0.0	9.23681	8.28092	1.993		nuSVR	prevail_cu_cfrna_321
0.0	0.0	0.0	0.28725	0.0	0.78939	0.0	0.63621			0.0	0.07102	15.75459	1.27234		0.0	0.24904	0.0		0.31661	2.02409		0.17302	1.04297		1.05106	0.17595	4.56598	0.80449	0.11462		0.0	0.97923	0.02128	0.0	7.92832			0.31036	0.0			3.76018	0.07287	0.0	0.0		4.07398		0.17999	0.20536			0.0		0.0		0.0	0.0	0.0	0.0		1.00514	9.47654	0.0			0.49204	2.83924	0.97953	1.23758	0.0	0.10266		1.0506			0.0	0.0	2.93127	0.0	0.0		1.86723	9.89452	0.0		0.0	0.68129	0.02489	0.0	1.94665	0.6447	0.0	1.48062	3.15593	0.0	0.0		5.20535	0.0	5.21793	0.83853	2.06755		nuSVR	prevail_cu_cfrna_42
0.0	0.0	0.06791	0.1726	0.09127	0.0	0.0	0.0			0.34442	0.00125	2.03617	0.33289		0.0	0.20571	0.0		0.07232	1.09173		0.0	1.06193		0.40658	0.06582	0.50872	0.1447	0.0		0.0	0.55308	0.53703	0.0	63.09291			0.22632	0.0			3.25412	0.0	0.0	0.0		0.10586		0.0	0.0			0.80726		0.0		0.0	0.0	0.0	0.0		0.81328	0.08129	0.23562			0.11803	0.47637	0.0	0.61539	0.13819	0.0		0.0			0.0	0.0	0.0	13.71464	0.01067		0.2054	0.0	0.0		0.0	0.33134	0.0	0.0	0.84768	0.3403	0.43101	0.0	0.0	0.0	0.01615		1.0029	0.00978	3.21165	1.85456	0.36514		nuSVR	prevail_cu_cfrna_76
0.0	0.0	0.04897	0.04264	0.0	0.70331	0.0	0.0			0.0	0.0	4.60503	0.3884		0.11106	0.16035	0.0		0.01501	0.38311		0.0	9.92192		0.17685	0.01296	0.39438	0.0	0.0		0.0	0.27868	0.44378	0.0	59.34117			0.33134	0.0			2.52992	0.0	0.0	0.0		0.31113		0.01926	0.71547			0.74839		0.07136		0.0	0.0	0.0	0.0		0.69058	0.0	0.035			0.0	0.39116	0.0988	0.09321	0.46095	0.0		0.0			0.02028	0.25904	0.0	3.77124	0.0		0.72593	0.0	0.0		0.0	0.03327	0.0	0.0	0.7071	0.18159	0.29726	0.0	1.5061	0.04051	0.0		0.01516	0.0	4.13527	4.41843	0.36466		nuSVR	prevail_cu_cfrna_81
0.0	0.0	0.0	0.0	0.03227	0.0	0.64126	0.0			0.3981	0.00465	16.81652	0.0		0.0	0.18569	0.0		0.03458	1.01123		0.0	20.79812		0.0	0.00234	2.25331	0.04567	0.0		0.0	0.44835	0.7213	0.0	25.89455			0.14788	0.0			2.3772	0.0	0.0	0.0		0.0		0.03554	0.30569			0.69804		0.0		0.0	0.03176	0.0	0.0		1.31697	0.0	0.15834			0.10691	0.21626	0.12135	0.1324	0.27425	0.0		0.0			0.0	0.03829	0.24981	12.78443	0.08027		0.0	0.0	0.0		0.0	0.17275	0.00249	0.41631	0.51512	0.62419	0.17312	0.0	0.21923	0.0	0.0		2.57173	0.0	4.27036	2.67138	0.0		nuSVR	prevail_cu_cfrna_82
0.0	0.0	0.0	0.18877	0.0	0.18703	1.7803	0.0			0.22564	0.0	17.48568	0.0		0.0	0.16287	0.0		0.0	0.978		0.0	18.16851		0.52615	0.0164	2.64956	0.0	0.0		0.0	0.43655	1.00757	0.0	11.25581			0.38959	0.00549			4.43681	0.0	0.0	0.0		0.0		0.02244	0.0			0.63668		0.18157		0.0	0.11229	0.0	0.0		1.32258	0.0	0.32932			0.04029	0.4378	0.0	0.05035	0.14047	0.0		0.36338			0.0	0.0	0.38134	23.48953	0.21866		0.0	0.0	0.07154		0.0	0.57566	0.07691	0.21826	1.12217	0.9269	0.1515	0.0	0.32195	0.0	0.0		3.68685	0.0	2.29345	2.8957	0.03165		nuSVR	prevail_cu_cfrna_83
0.0	0.0	0.0	0.18461	0.0	0.08949	1.43121	0.0			0.40512	0.00444	18.28199	0.0		0.04841	0.21959	0.0		0.04687	0.36296		0.0	35.06959		0.0	0.00768	2.57975	0.0	0.0		0.0	0.41711	0.18317	0.0	0.0			0.02519	0.0			4.43576	0.0	0.0	0.0		0.01276		0.00174	0.58216			0.0		0.05538		0.0	0.0	0.0	0.0		0.76529	0.0	0.04673			0.01767	0.19648	0.0	0.01083	0.14733	0.08524		0.0			0.0	0.0	0.40074	17.45862	0.1898		0.0	0.38993	0.0		0.0	0.32664	0.0	0.14463	1.93107	1.26798	0.04758	0.00866	0.84565	0.0	0.0		1.6664	0.0	7.14245	2.38966	0.07563		nuSVR	prevail_cu_cfrna_95
0.0	0.0	0.0	0.0	0.0	0.0	2.15901	0.0			0.0		1e-05	0.0		0.0	0.0	0.0		0.0	0.0		1.95457	17.59532		0.0		0.0	0.0	2.15532		0.0	4.75753	0.4043	1.14536	9.09936			0.0	0.0		0.0	0.73758	0.86895	1.87066	0.0		0.0		0.0	0.0			0.0	0.0	0.0		0.0	0.0	0.0	0.0	0.0	0.0	2.43463	1.61664	3.65181		0.0	2.73916	0.79573	0.0	4.16878	0.0		0.0			3.00576	0.0	0.0	0.0	1.80642		2.83586	0.0	0.0		0.0	0.0	7.22891	0.0	0.0	10.21816	0.0	6.45421	0.0	0.0	0.0		8.39364	1.9023	0.0	0.0	0.0		QP	prevail_cu_cfrna_206
0.0	0.0	0.0	0.0	0.0	0.0	5.19572	0.0			0.0		13.28907	0.0		0.0	0.0	0.0		0.0	0.0		0.0	41.39768		0.0		0.0	0.0	0.0		0.0	1.21614	5.84171	0.0	3.39823			0.0	0.0		0.0	0.0001	0.0	0.0	0.0		0.0		0.0	0.0			0.0	0.0	0.0		0.0	0.0	0.0	0.0	0.0	0.0	0.0	0.0	0.0		0.0	0.0	0.0	9e-05	1.29182	0.0		0.0			0.0	0.0	0.0	0.0	0.0		0.89294	0.0	0.0		0.0	0.0	3.43152	0.0	0.0	10.51743	0.0	5.46192	0.0	0.0	0.0		8.0656	0.0	0.0	0.0	0.0		QP	prevail_cu_cfrna_211
0.0	0.0	0.0	0.0	0.0	0.0	3.10344	0.0			0.0		9.29561	0.0		0.0	0.0	0.0		0.0	0.0		0.0	26.73998		0.0		0.0	0.0	0.0		0.0	2.37074	4.70513	0.0	6.61813			0.0	0.0		0.0	3e-05	0.0	0.0	0.0		0.0		0.0	0.0			0.0	0.0	0.0		0.0	0.0	0.0	0.0	0.0	0.0	1e-05	0.0	0.0		0.0	1e-05	0.0	1e-05	1.32732	0.0		0.0			0.0	0.0	0.0	0.0	0.0		7.7176	0.0	0.0		0.0	1.35685	6.20449	0.0	0.0	11.95524	0.0	6.40015	0.0	0.0	0.0		12.20524	0.0	0.0	0.0	0.0		QP	prevail_cu_cfrna_223
0.0	0.0	0.0	0.0	0.0	0.0	1.60582	0.0			0.0		14.6365	0.0		0.0	0.0	0.0		0.0	0.0		0.0	15.11519		0.0		0.0	0.0	0.0		0.0	3.51731	8.68663	0.0	6.54854			0.0	0.0		0.0	4.49558	0.0	0.0	0.0		0.0		0.0	0.0			0.0	0.0	0.0		0.0	0.0	0.0	0.0	0.0	0.0	0.0	0.0	0.0		0.0	0.67632	0.0	1.14204	1.78084	0.0		0.0			0.0	0.0	0.0	0.0	0.0		6.37184	0.0	0.0		0.0	2.30635	5.49404	0.0	0.0	10.77924	0.0	5.05257	0.0	0.0	0.0		11.79117	0.0	0.0	0.0	0.0		QP	prevail_cu_cfrna_215
0.0	0.0	0.0	0.0	0.0	0.0	1e-05	0.0			0.0		1e-05	0.0		0.0	0.0	0.0		0.0	0.0		1.14372	19.25807		0.0		0.0	0.0	1.12662		0.0	3.88936	4.51015	0.04043	9.47294			0.0	0.0		0.0	2e-05	6e-05	1.12717	0.0		0.0		0.0	0.0			0.0	0.0	0.0		0.0	0.0	0.0	0.0	0.0	0.0	4.80926	0.42738	2.65912		0.0	1.84461	0.00193	2e-05	3.60894	0.0		0.0			1.93344	0.0	0.0	0.0	1.2094		6.93155	0.0	0.0		0.0	0.93172	6.88926	0.0	0.0	10.25425	0.0	6.02197	0.0	0.0	0.0		11.05515	0.85345	0.0	0.0	0.0		QP	prevail_cu_cfrna_202
0.0	0.0	0.0	0.0	0.0	0.0	3.84026	0.0			0.0		11.34311	0.0		0.0	0.0	0.0		0.0	0.0		0.0	13.89625		0.0		0.0	0.0	1e-05		0.0	5.44262	7.50036	0.0	9.05143			0.0	0.0		0.0	0.05883	0.0	0.0	0.0		0.0		0.0	0.0			0.0	0.0	0.0		0.0	0.0	0.0	0.0	0.0	0.0	0.79943	0.0	0.29311		0.0	1.2017	0.0	1e-05	2.53702	0.0		0.0			0.0	0.0	0.0	0.0	0.0		4.85846	0.0	0.0		0.0	2.45706	7.08729	0.0	0.0	11.37921	0.0	6.57734	0.0	0.0	0.0		11.6765	0.0	0.0	0.0	0.0		QP	prevail_cu_cfrna_224
0.0	0.0	0.0	0.0	0.0	0.0	4.46571	0.0			0.0		11.72742	0.0		0.0	0.0	0.0		0.0	0.0		0.0	19.40766		0.0		0.0	0.0	0.0		0.0	3.00598	9.7545	0.0	8.95302			0.0	0.0		0.0	4.69334	0.0	0.0	0.0		0.0		0.0	0.0			0.0	0.0	0.0		0.0	0.0	0.0	0.0	0.0	0.0	0.0	0.0	0.0		0.0	0.0	0.0	2.12042	0.91266	0.0		0.0			0.0	0.0	0.0	0.0	0.0		6.24218	0.0	0.0		0.0	2.39381	3.71871	0.0	0.0	8.11474	0.0	4.66619	0.0	0.0	0.0		9.82365	0.0	0.0	0.0	0.0		QP	prevail_cu_cfrna_199
0.0	0.0	0.0	0.0	0.0	0.0	7.15609	0.0			0.0		6.76383	0.0		0.0	0.0	0.0		0.0	0.0		1e-05	41.5366		0.0		0.0	0.0	0.00056		0.0	2.80925	1e-05	0.0	5.7596			0.0	0.0		0.0	1e-05	0.0	0.0	0.0		0.0		0.0	0.0			0.0	0.0	0.0		0.0	0.0	0.0	0.0	0.0	0.0	0.0	0.0	0.45531		0.0	0.83363	0.0	0.0	2.49176	0.0		0.0			0.00027	0.0	0.0	0.0	1e-05		0.0	0.0	0.0		0.0	0.0	6.11994	0.0	0.0	11.72562	0.0	7.98593	0.0	0.0	0.0		6.36153	0.0	0.0	0.0	0.0		QP	prevail_cu_cfrna_204
0.0	0.0	0.0	0.0	0.0	0.0	19.47634	0.0			0.0		16.10828	0.0		0.0	0.0	0.0		0.0	0.0		0.0	28.57269		0.0		1.20118	0.46818	1e-05		0.0	4.47098	0.0	0.0	3.7769			0.0	0.0		0.0	7.5787	0.0	0.0	0.0		0.0		0.0	0.0			0.0	0.0	0.29644		0.0	0.0	0.0	0.0	0.0	0.0	0.0	0.0	0.0		0.0	0.0	0.0	0.0	0.0	0.0		0.0			0.0	0.0	0.0	0.0	4e-05		0.0	0.0	0.0		0.0	0.0	3.52286	0.0	0.0	7.67084	0.0	6.7104	0.0	0.0	0.0		0.14612	0.0	0.0	0.0	0.0		QP	prevail_cu_cfrna_217
0.0	0.0	0.0	0.0	0.0	0.0	4.48764	0.0			0.0		10.14781	0.0		0.0	0.0	0.0		0.0	0.0		8e-05	30.63267		0.0		0.0	0.0	0.12646		0.0	3.1673	0.40999	0.0	8.58192			0.0	0.0		0.0	1.92812	0.0	0.0	0.0		0.0		0.0	0.0			0.0	0.0	0.0		0.0	0.0	0.0	0.0	0.0	0.0	0.0	0.0	0.82233		0.0	1.10983	0.0	0.0	2.29383	0.0		0.0			0.152	0.0	0.0	0.0	0.0		1.50095	0.0	0.0		0.0	0.0	6.53392	0.0	0.0	11.3607	0.0	7.47867	0.0	0.0	0.0		9.26576	0.0	0.0	0.0	0.0		QP	prevail_cu_cfrna_216
0.0	0.0	0.0	0.0	0.0	0.0	0.18787	0.0			0.0		6.22841	0.0		0.0	0.0	0.0		0.0	0.0		0.0	27.32356		0.0		0.0	0.0	0.0		0.0	2.22008	5.64761	0.0	9.25186			0.0	0.0		0.0	0.0	0.0	0.0	0.0		0.0		0.0	0.0			0.0	0.0	0.0		0.0	0.0	0.0	0.0	0.0	0.0	1.02292	0.0	0.53264		0.0	0.19531	0.0	2.11561	3.44776	0.0		0.0			0.0	0.0	0.0	0.0	0.26625		7.06703	0.0	0.0		0.0	0.22808	6.12975	0.0	0.0	12.3192	0.0	6.6302	0.0	0.0	0.0		9.18583	0.0	0.0	0.0	0.0		QP	prevail_cu_cfrna_219
0.0	0.0	0.0	0.0	0.0	0.0	1.76138	0.0			0.0		0.0	0.0		0.0	0.0	0.0		0.0	0.0		1.1932	15.38354		0.0		0.0	0.0	0.98417		0.0	3.97361	3.93779	0.27674	9.95004			0.0	0.0		0.0	1.10198	0.0	0.48685	0.0		0.0		0.0	0.0			0.0	0.0	0.0		0.0	0.0	0.0	0.0	0.0	0.0	4.19942	0.46113	2.7915		0.0	2.00874	0.00463	0.0	4.31711	0.0		0.0			2.05474	0.0	0.0	0.0	1.24176		6.58383	0.0	0.0		0.0	0.03649	7.88577	0.0	0.0	11.30445	0.0	7.68189	0.0	0.0	0.0		9.45975	0.91945	0.0	0.0	0.0		QP	prevail_cu_cfrna_220
0.0	0.0	0.0	0.0	0.0	0.0	8.52717	0.0			0.0		12.00537	0.0		0.0	0.0	0.0		0.0	0.0		0.0	17.88901		0.0		0.0	0.0	0.0		0.0	3.87119	7.22086	0.0	7.42896			0.0	0.0		0.0	3.09473	0.0	0.0	0.0		0.0		0.0	0.0			0.0	0.0	0.0		0.0	0.0	0.0	0.0	0.0	0.0	0.0	0.0	2e-05		0.0	0.04509	0.0	0.0	2.26248	0.0		0.0			0.0	0.0	0.0	0.0	0.0		1.70177	0.0	0.0		0.0	0.10118	6.12472	0.0	0.0	11.38681	0.0	6.66353	0.0	0.0	0.0		11.6771	0.0	0.0	0.0	0.0		QP	prevail_cu_cfrna_205
0.0	0.0	0.0	0.0	0.0	0.0	0.0	0.0			0.0		10.99334	0.0		0.0	0.0	0.0		0.0	0.0		0.0	25.96335		0.0		0.0	0.0	0.0		0.0	2.95431	5.43457	0.0	7.14347			0.0	0.0		0.0	0.0	0.0	0.0	0.0		0.0		0.0	0.0			0.0	0.0	0.0		0.0	0.0	0.0	0.0	0.0	0.0	1.26257	0.0	0.0		0.0	0.64755	0.0	2.15731	3.65928	0.0		0.0			0.0	0.0	0.0	0.0	0.0		2.61487	0.0	0.0		0.0	0.42674	5.92028	0.0	0.15792	12.27709	0.0	3.33275	0.0	0.0	0.0		15.05461	0.0	0.0	0.0	0.0		QP	prevail_cu_cfrna_225
0.0	0.0	0.0	0.0	0.0	0.0	0.0	0.0			0.0		0.0	0.0		0.0	0.0	0.0		0.0	0.0		0.0	29.15564		0.0		0.0	0.0	0.0		0.0	1.88921	7.07869	0.0	6.32654			0.0	0.0		0.0	0.0	0.0	1e-05	0.0		0.0		0.0	0.0			0.0	0.0	0.0		0.0	0.0	0.0	0.0	0.0	0.0	6.50299	0.0	0.20089		0.0	0.0	0.0	1.45402	1.18646	0.0		0.0			0.0	0.0	0.0	0.0	0.0		13.02853	0.0	0.0		0.0	5.65609	4.51174	0.0	0.0	8.34092	0.0	1.30408	0.0	0.0	0.0		13.36419	0.0	0.0	0.0	0.0		QP	prevail_cu_cfrna_212
0.0	0.0	0.0	0.0	0.0	0.0	4.00012	0.0			0.0		1.80518	0.0		0.0	0.0	0.0		0.0	0.0		1.372	16.23699		0.0		0.0	0.0	1.08057		0.0	3.7178	2.11669	0.14977	10.09235			0.0	0.0		0.0	3e-05	0.00054	1.19543	0.0		0.0		0.0	0.0			0.0	0.0	0.0		0.0	0.0	0.0	0.0	0.0	0.0	2.07543	0.65898	2.89132		0.0	1.57618	8e-05	0.0	3.74833	0.0		0.0			2.29635	0.0	0.0	0.0	1.59043		5.27987	0.0	0.0		0.0	0.0	8.31216	0.0	0.0	11.84733	0.0	8.23632	0.0	0.0	0.0		8.75514	0.96459	0.0	0.0	0.0		QP	prevail_cu_cfrna_203
0.0	0.0	0.0	0.0	0.0	0.0	7.30997	0.0			0.0		3.84588	0.0		0.0	0.0	0.0		0.0	0.0		1.71917	15.09654		0.0		0.0	0.0	1.93768		0.0	4.39637	0.0	0.79334	10.23458			0.0	0.0		0.0	1.31891	0.65576	0.15315	0.0		0.0		0.0	0.0			0.0	0.0	0.0		0.0	0.0	0.0	0.0	0.0	0.0	0.50198	1.23171	3.18986		0.0	2.47744	0.7405	0.0	3.12403	0.0		0.0			2.66374	0.0	0.0	0.0	1.05762		3e-05	0.0	0.0		0.0	0.0	7.81854	0.0	0.0	12.00297	0.0	9.10548	0.0	0.0	0.0		7.15488	1.46989	0.0	0.0	0.0		QP	prevail_cu_cfrna_221
0.0	0.0	0.0	0.0	0.0	0.0	9.18227	0.0			0.0		15.13511	0.0		0.0	0.0	0.0		0.0	0.0		0.0	30.50324		0.0		0.0	0.0	0.77387		0.0	6.0525	0.0	0.0	5.0327			0.0	0.0		0.0	4.55142	0.0	0.0	0.0		0.0		0.0	0.0			0.0	0.0	1e-05		0.0	0.0	0.0	0.0	0.0	0.0	0.0	0.0	0.0		0.0	1.83448	0.0	0.0	0.0	0.0		0.0			0.0	0.0	0.0	0.0	0.0		0.0	0.0	0.0		0.0	0.0	5.47214	0.0	0.0	8.55143	0.0	7.50021	0.0	0.0	0.0		5.4106	0.0	0.0	0.0	0.0		QP	prevail_cu_cfrna_209
0.0	0.0	0.0	0.0	0.0	0.0	0.0	0.0			0.0		9.28291	0.0		0.0	0.0	0.0		0.0	0.0		0.0	34.43981		0.0		0.0	0.0	0.0		0.0	0.0	0.42853	0.0	20.73196			0.0	0.0		0.0	0.0	0.0	0.0	0.0		0.0		0.0	0.0			0.0	0.0	0.0		0.0	0.0	0.0	0.0	0.0	0.0	2.18155	0.0	0.0		0.0	0.0	0.0	4.5189	3.03641	0.0		0.0			0.0	0.0	0.0	0.0	0.0		3.85502	0.0	0.5966		0.0	1.59796	1.53039	0.0	2.91499	6.55356	0.0	0.0	0.00416	0.0	0.0		8.32725	0.0	0.0	0.0	0.0		QP	prevail_cu_cfrna_252
0.0	0.0	0.0	0.0	0.0	0.0	13.10636	0.0			0.0		19.94385	0.0		0.0	0.0	0.0		0.0	0.0		0.0	23.25221		0.0		0.0	0.23866	0.00203		0.0	4.0242	2e-05	0.0	6.56947			0.0	0.0		0.0	7.19607	0.0	0.0	0.0		0.0		0.0	0.0			0.0	0.0	1e-05		0.0	0.0	0.0	0.0	0.0	0.0	0.0	0.0	0.0		0.0	0.00067	0.0	0.0	0.0	0.0		0.0			0.0	0.0	0.0	0.0	0.0		0.0	0.0	0.0		0.0	0.0	4.91954	0.0	0.0	8.50549	0.0	8.44388	0.0	0.0	0.0		3.79754	0.0	0.0	0.0	0.0		QP	prevail_cu_cfrna_320
0.0	0.0	0.0	0.0	0.0	0.0	7.02778	0.0			0.0		10.07028	0.0		0.0	0.0	0.0		0.0	0.0		0.0	12.82012		0.0		3.17087	0.0	0.7495		0.0	3.72178	9.10375	0.0	24.07243			0.0	0.0		0.0	8.02202	0.0	0.0	0.0		0.0		0.0	0.0			0.0	0.0	0.0		0.0	0.0	0.0	0.0	0.0	0.0	0.0	0.0	0.0		0.0	0.26494	0.0	0.0	0.92591	0.0		0.0			0.0	0.0	1.12242	6e-05	0.0		0.0	0.0	0.0		0.0	0.0	3.12605	0.0	0.0	7.7553	0.0	4.63887	0.0	0.0	0.0		3.4079	0.0	0.0	0.0	0.0		QP	prevail_cu_cfrna_315
0.0	0.0	0.0	0.0	0.0	0.0	16.54868	0.0			0.0		14.28681	0.0		0.0	0.0	0.0		0.0	0.0		0.0	13.1096		0.0		1e-05	1.44191	0.0		0.0	2.39107	0.0	0.0	18.07442			0.0	0.0		0.0	10.61614	0.0	0.0	0.0		0.0		0.0	0.0			0.0	0.0	2e-05		0.0	0.0	0.0	0.0	0.0	0.0	0.0	0.0	0.0		0.0	0.0	0.0	0.0	0.0	0.0		0.0			0.0	0.0	0.0	12.69271	0.0		0.0	0.0	0.0		0.0	0.0	2.57097	0.0	0.0	4.28737	0.0	3.03586	0.0	0.0	0.0		0.94438	0.0	0.0	0.0	0.0		QP	prevail_cu_cfrna_289
0.0	0.0	0.0	0.0	0.0	0.0	0.61333	0.0			0.0		5.54392	0.0		0.0	0.0	0.0		0.0	0.0		1e-05	11.92904		0.0		1e-05	1e-05	1e-05		0.0	2.73431	11.48428	1e-05	16.96721			0.0	0.0		0.0	0.00036	0.0	1e-05	0.0		0.0		0.0	0.0			0.0	0.0	0.0		0.0	0.0	0.0	0.0	0.0	0.0	5.60509	0.0	2e-05		1e-05	4e-05	0.0	2.65234	3.59119	0.0		0.0			1e-05	0.0	0.0	0.0	0.0		6.03734	0.0	0.0		0.0	1.05759	4.70265	0.0	0.0	9.10353	0.0	4.80524	0.0	0.0	0.0		13.17235	1e-05	0.0	0.0	0.0		QP	prevail_cu_cfrna_293
0.0	0.0	0.0	0.0	0.0	0.0	15.5437	0.0			0.0		17.02819	0.0		0.0	0.0	0.0		0.0	0.0		0.0	14.99854		0.0		0.0	0.0	0.0		0.0	1.41854	0.0	0.0	27.0118			0.0	0.0		0.0	2.83575	0.0	0.0	0.0		0.0		0.0	0.0			0.0	0.0	0.0		0.0	0.0	0.0	0.0	0.0	0.0	0.0	0.0	0.0		0.0	0.0	0.0	0.0	0.0	0.0		0.0			0.0	0.0	0.0	0.0	0.0		0.0	0.0	0.0		0.0	0.0	4.07386	0.0	0.0	5.90103	0.0	5.78316	0.0	0.0	0.0		5.40543	0.0	0.0	0.0	0.0		QP	prevail_cu_cfrna_298
0.0	0.0	0.0	0.0	0.0	0.0	12.0377	0.0			0.0		16.14111	0.0		0.0	0.0	0.0		0.0	0.0		0.0	12.86732		0.0		0.0	0.0	0.0		0.0	3.29816	4.39721	0.0	18.31228			0.0	0.0		0.0	4.63654	0.0	0.0	0.0		0.0		0.0	0.0			0.0	0.0	0.0		0.0	0.0	0.0	0.0	0.0	0.0	0.0	0.0	0.0		0.0	0.0	0.0	0.0	0.00777	0.0		0.0			0.0	0.0	0.0	0.0	0.0		0.0	0.0	0.0		0.0	0.18806	5.67938	0.0	0.0	8.59569	0.0	7.47671	0.0	0.0	0.0		6.36208	0.0	0.0	0.0	0.0		QP	prevail_cu_cfrna_319
0.0	0.0	0.0	0.0	0.0	0.0	10.78229	0.0			0.0		6.24111	0.0		0.0	0.0	0.0		0.0	0.0		0.00062	14.5882		0.0		0.0	0.0	0.16903		0.0	3.38803	5.37051	0.0	11.09238			0.0	0.0		0.0	2.97193	0.0	1e-05	0.0		0.0		0.0	0.0			0.0	0.0	0.0		0.0	0.0	0.0	0.0	0.0	0.0	1e-05	0.0	0.90439		0.0	1.51315	0.0	0.0	2.88779	0.0		0.0			0.30583	0.0	0.0	0.0	2e-05		1.07559	0.0	0.0		0.0	0.0	8.13581	0.0	0.0	13.02541	0.0	8.48464	0.0	0.0	0.0		9.06324	0.0	0.0	0.0	0.0		QP	prevail_cu_cfrna_301
0.0	0.0	0.0	0.0	0.0	0.0	3.70204	0.0			0.0		12.33128	0.0		0.0	0.0	0.0		0.0	0.0		0.0	16.31342		0.0		0.0	0.0	0.0		0.0	2.1811	10.66072	0.0	7.54403			0.0	0.0		0.0	0.93671	0.0	0.0	0.0		0.0		0.0	0.0			0.0	0.0	0.0		0.0	0.0	0.0	0.0	0.0	0.0	0.0	0.0	0.0		0.0	0.0	0.0	1.29982	2.92451	0.0		0.0			0.0	0.0	0.0	0.0	0.0		7.52921	0.0	0.0		0.0	3.90377	5.15552	0.0	0.0	10.09795	0.0	5.36694	0.0	0.0	0.0		10.05298	0.0	0.0	0.0	0.0		QP	prevail_cu_cfrna_308
0.0	0.0	0.0	0.0	0.0	0.0	0.0	0.0			0.0		7.97161	0.0		0.0	0.0	0.0		0.0	0.0		0.0	18.81527		0.0		0.0	0.0	0.0		0.0	3.11296	7.19187	0.0	9.293			0.0	0.0		0.0	0.82986	0.0	0.0	0.0		0.0		0.0	0.0			0.0	0.0	0.0		0.0	0.0	0.0	0.0	0.0	0.0	2.85939	0.0	0.7836		0.0	1e-05	0.0	1.10051	1.8216	0.0		0.0			1e-05	0.0	0.0	0.0	0.0		7.99778	0.0	0.0		0.0	2.3756	5.74532	0.0	0.0	9.4021	0.0	5.77123	0.0	0.0	0.0		14.92826	0.0	0.0	0.0	0.0		QP	prevail_cu_cfrna_300
0.0	0.0	0.0	0.0	0.0	0.0	15.82948	0.0			0.0		12.67531	0.0		0.0	0.0	0.0		0.0	0.0		0.0	33.84766		0.0		0.0	0.85149	0.30762		0.0	4.49369	0.0	0.0	5.67981			0.0	0.0		0.0	9.87318	0.0	0.0	0.0		0.0		0.0	0.0			0.0	0.0	0.0		0.0	0.0	0.0	0.0	0.0	0.0	0.0	0.0	0.0		0.0	0.0	0.0	0.0	0.0	0.0		0.0			0.0	0.0	0.0	0.0	0.0		0.0	0.0	0.0		0.0	0.0	3.85465	0.0	0.0	5.05295	0.0	6.98798	0.0	0.0	0.0		0.54617	0.0	0.0	0.0	0.0		QP	prevail_cu_cfrna_263
0.0	0.0	0.0	0.0	0.0	0.0	0.0	0.0			0.0		0.0	0.0		0.0	0.0	0.0		0.0	0.0		1.19038	4.73751		0.0		0.15988	0.0	1.82454		0.0	2.49317	5.47277	0.71725	57.42025			0.0	0.0		0.0	2.44069	0.78657	0.45976	0.0		0.0		0.0	0.0			0.0	0.00405	0.0		0.0	0.0	0.0	0.0	0.37591	0.0	1.02029	0.7937	1.71692		0.0	0.0032	0.37242	0.74758	1.338	0.0		0.0			1.57569	0.0	0.00381	0.0053	0.9272		1.92572	0.0	0.0		0.0	0.03096	1.77215	0.0	0.0	4.34026	0.0	2.08571	0.0	0.0	0.0		1.87533	1.04163	0.0	0.0	0.34139		QP	prevail_cu_cfrna_76
1e-05	0.0	0.0	0.0	1e-05	0.0	9.8461	0.0			0.0		10.57212	0.0		0.0	1e-05	1e-05		0.0	1e-05		0.0	24.63492		0.0		1e-05	0.0	0.0		0.0	8e-05	1e-05	0.0	45.05912			0.0	0.0		1e-05	0.00096	0.0	1e-05	0.0		0.0		0.0	0.0			1e-05	0.0	1e-05		0.0	0.0	0.0	0.0	0.0	1e-05	0.0	0.0	0.0		1e-05	1e-05	0.0	1e-05	1e-05	0.0		0.0			0.0	0.0	0.0	4.11716	0.0		1e-05	0.0	0.0		0.0	1e-05	0.57669	1e-05	1e-05	1.75014	0.0	2.2351	1e-05	0.0	0.0		1.20728	0.0	1e-05	0.0	0.0		QP	prevail_cu_cfrna_304
0.0	0.0	0.0	0.0	0.0	0.0	13.98335	0.0			0.0		15.98863	0.0		0.0	0.0	0.0		0.0	0.0		0.0	12.51647		0.0		3e-05	0.0	0.0		0.0	3.53004	9.80482	0.0	10.16452			0.0	0.0		0.0	9.46548	0.0	0.0	0.0		0.0		0.0	0.0			0.0	0.0	0.0		0.0	0.0	0.0	0.0	0.0	0.0	0.0	0.0	0.0		0.0	0.0	0.0	0.0	0.0	0.0		0.0			0.0	0.0	0.0	0.0	0.0		0.0	0.0	0.0		0.0	1.55594	4.19229	0.0	0.0	7.50489	0.0	5.83212	0.0	0.0	0.0		5.46141	0.0	0.0	0.0	0.0		QP	prevail_cu_cfrna_305
0.0	0.0	0.0	0.0	0.0	0.0	9.2373	0.0			0.0		6.65837	0.0		0.0	0.0	0.0		0.0	0.0		0.0	5.98343		0.0		0.0	0.0	0.0		0.0	0.0	1e-05	0.0	66.87023			0.0	0.0		0.0	0.0	0.0	0.0	0.0		0.0		0.0	0.0			0.0	0.0	0.0		0.0	0.0	0.0	0.0	0.0	0.0	0.0	0.0	0.0		0.0	0.0	0.0	0.0	1.48451	0.0		0.0			0.0	0.0	0.0	0.0	0.0		3e-05	0.0	0.0		0.0	0.07201	2.87817	0.0	0.0	3.40368	0.0	3.41226	0.0	0.0	0.0		1e-05	0.0	0.0	0.0	0.0		QP	prevail_cu_cfrna_81
0.0	0.0	0.0	0.0	0.0	0.0	13.48192	0.0			0.0		9.77351	0.0		0.0	0.0	0.0		0.0	0.0		0.0	24.11084		0.0		0.0	8e-05	0.0		0.0	1.23503	0.00029	0.0	29.66034			0.0	0.0		0.0	2.82821	0.0	0.0	0.0		0.0		0.0	0.0			0.0	0.0	1e-05		0.0	0.0	0.0	0.0	0.0	0.0	0.0	0.0	0.0		0.0	8e-05	0.0	0.0	1e-05	0.0		0.0			0.0	0.0	0.0	0.0	0.0		0.0	0.0	0.0		0.0	0.81775	3.22462	0.0	0.0	4.22698	0.0	6.13928	0.0	0.0	0.0		4.50091	0.0	0.0	0.0	0.0		QP	prevail_cu_cfrna_82
0.0	0.0	0.0	0.0	0.0	0.0	9.20592	0.0			0.0		16.09872	0.0		0.0	0.0	0.0		0.0	0.0		0.0	27.51358		0.0		0.0	0.0	0.0		0.0	2.85197	0.0	0.0	20.18018			0.0	0.0		0.0	2.08053	0.0	0.0	0.0		0.0		0.0	0.0			0.0	0.0	0.0		0.0	0.0	0.0	0.0	0.0	0.0	0.0	0.0	0.0		0.0	0.0	0.0	0.0	0.0	0.0		0.0			0.0	0.0	0.0	7.22255	0.0		0.0	0.0	0.0		0.0	0.0	2.91473	0.0	0.0	4.49495	0.0	6.5383	0.0	0.0	0.0		0.89856	0.0	0.0	0.0	0.0		QP	prevail_cu_cfrna_83
0.0	0.0	0.0	0.0	0.0	0.0	10.05508	0.0			0.0		18.78062	0.0		0.0	0.0	0.0		0.0	0.0		0.0	12.62286		0.0		0.0	0.0	0.0		0.0	5.08434	7.52056	0.0	14.19726			0.0	0.0		0.0	1.92959	0.0	0.0	0.0		0.0		0.0	0.0			0.0	0.0	0.0		0.0	0.0	0.0	0.0	0.0	0.0	0.0	0.0	0.0		0.0	0.0	0.0	0.0	0.19171	0.0		0.0			0.0	0.0	0.0	0.0	0.0		0.0	0.0	0.0		0.0	4.84027	4.08018	0.0	0.0	7.17164	0.0	4.57623	0.0	0.0	0.0		8.94967	0.0	0.0	0.0	0.0		QP	prevail_cu_cfrna_260
0.0	0.0	0.0	0.0	0.0	0.0	0.0	0.0			0.0		1e-05	0.0		0.0	0.0	0.0		0.0	0.0		0.0	54.87159		0.0		0.0	0.0	0.0		0.0	0.0	4.56509	0.0	1.46005			0.0	0.0		0.0	0.0	0.0	0.0	0.0		0.0		0.0	0.0			0.0	0.0	0.0		0.0	0.0	0.0	0.0	0.0	0.0	3.1168	0.0	0.0		0.0	0.0	0.0	8.29514	0.94724	0.0		0.0			0.0	0.0	0.0	0.0	1e-05		7.00311	0.0	0.0		0.0	4e-05	1.57809	0.0	0.0	10.61427	0.0	0.61672	0.0	0.0	0.0		6.9318	0.0	0.0	0.0	0.0		QP	prevail_cu_cfrna_226
0.0	0.0	0.0	0.0	0.0	0.0	2.17287	0.0			0.0		15.2209	0.0		0.0	0.0	0.0		0.0	0.0		0.0	10.44133		0.0		0.0	0.0	0.0		0.0	2.53648	6.90453	0.0	7.24109			0.0	0.0		0.0	6.14687	0.0	0.0	0.0		0.0		0.0	0.0			0.0	0.0	0.0		0.0	0.0	0.0	0.0	0.0	0.0	0.0	0.0	0.0001		0.0	0.00015	0.0	0.0	0.13819	0.0		0.0			0.0	0.0	0.0	0.0	0.0		9.53627	0.0	0.0		0.0	4.29289	6.36032	0.0	0.0	10.33805	0.0	6.58844	0.0	0.0	0.0		12.08151	0.0	0.0	0.0	0.0		QP	prevail_cu_cfrna_321
0.0	0.0	0.0	0.0	0.0	0.0	3.22801	0.0			0.0		18.08611	0.0		0.0	0.0	0.0		0.0	0.0		0.0	11.43696		0.0		0.00023	0.0	0.0		0.0	5.91006	10.14884	0.0	3.65534			0.0	0.0		0.0	1.0409	0.0	0.0	0.0		0.0		0.0	0.0			0.0	0.0	0.0		0.0	0.0	0.0	0.0	0.0	0.0	1e-05	0.0	0.0		0.0	0.70172	0.0	0.0	3.36578	0.0		0.0			0.0	0.0	0.0	0.0	0.0		0.0	0.0	0.0		0.0	1.55841	6.72335	0.0	0.0	13.52507	0.0	5.82615	0.0	0.0	0.0		14.79305	0.0	0.0	0.0	0.0		QP	prevail_cu_cfrna_307
0.0	0.0	0.0	0.0	0.0	0.0	8.14797	0.0			0.0		20.4899	0.0		0.0	0.0	0.0		0.0	0.0		0.0	14.27774		0.0		1.88213	1e-05	0.0		0.0	3.38651	10.49223	0.0	11.09859			0.0	0.0		0.0	5.60998	0.0	0.0	0.0		0.0		0.0	0.0			0.0	0.0	2e-05		0.0	0.0	0.0	0.0	0.0	0.0	0.0	0.0	0.0		0.0	1e-05	0.0	0.0	1.25675	0.0		0.0			0.0	0.0	0.0	0.0	0.0		0.0	0.0	0.0		0.0	1.51385	2.89565	0.0	0.0	7.84482	0.0	4.97656	0.0	0.0	0.0		6.12722	0.0	0.0	0.0	0.0		QP	prevail_cu_cfrna_313
0.0	0.0	0.0	0.0	5.55653	0.0	0.0	0.0			0.0		13.16456	0.0		0.0	8e-05	0.0		0.0	2.0873		0.0	10.98045		0.16798		0.86353	0.0	0.1856		0.0	6.71416	1.18163	0.0	7.27034			0.0	0.0		0.0	10.25292	0.0	0.0	0.0		0.0		0.0	0.0			0.0	0.0	1.8471		0.0	0.0	0.0	0.0	0.0	0.0	0.0	0.0	0.0		0.0	1.95818	0.0	0.0	1.74662	0.0		0.0			0.0	0.0	1.33287	0.0	0.0		0.0	0.0	0.0		0.0	1.85811	6.85227	0.0	0.0	11.70455	0.0	3.276	0.0	0.0	0.0		10.99924	0.0	0.0	0.0	0.0		QP	prevail_cu_cfrna_258
0.0	0.0	0.0	0.0	0.0	0.0	16.04232	0.0			0.0		11.72582	0.0		0.0	0.0	0.0		0.0	0.0		0.0	31.35924		0.0		0.0	0.19014	1e-05		0.0	3.20049	0.0	0.0	21.89197			0.0	0.0		0.0	3.82608	0.0	0.0	0.0		0.0		0.0	0.0			0.0	0.0	0.0		0.0	0.0	0.0	0.0	0.0	0.0	0.0	0.0	0.0		0.0	1e-05	0.0	0.0	0.0	0.0		0.0			0.0	0.0	0.0	0.00106	3e-05		0.0	0.0	0.0		0.0	0.0	3.17993	3e-05	0.0	4.0125	0.0	4.56944	0.0	0.0	0.0		0.00082	0.0	0.0	0.0	0.0		QP	prevail_cu_cfrna_318
0.0	0.0	0.0	0.0	0.0	0.0	6.24468	0.0			0.0		14.86265	0.0		0.0	0.0	0.0		0.0	0.0		0.0	27.51697		0.0		0.0	1.1282	0.60015		0.0	6.62525	0.0	0.0	5.55078			0.0	0.0		0.0	11.52069	0.0	0.0	0.0		0.0		0.0	0.0			0.0	0.0	0.11359		0.0	0.0	0.0	0.0	0.0	0.0	0.0	0.0	0.0		0.0	1.62194	0.0	0.0	0.0	0.0		0.0			0.0	0.0	0.0	0.0	0.0		0.0	0.0	0.0		0.0	0.0	6.90872	0.0	0.0	8.98989	0.0	5.68668	0.0	0.0	0.0		2.6298	0.0	0.0	0.0	0.0		QP	prevail_cu_cfrna_303
0.0	0.0	0.0	0.0	0.0	0.0	13.38839	0.0			0.0		15.95907	0.0		0.0	0.0	0.0		0.0	0.0		0.0	40.11612		0.0		0.0	0.0	0.0		0.0	2.07447	0.0	0.0	6.33716			0.0	0.0		0.0	6.92778	0.0	0.0	0.0		0.0		0.0	0.0			0.0	0.0	0.0		0.0	0.0	0.0	0.0	0.0	0.0	0.0	0.0	0.0		0.0	0.0	0.0	0.0	0.0	0.0		0.0			0.0	0.0	0.0	0.0	0.0		0.0	0.0	0.0		0.0	0.0	2.61089	0.0	0.0	4.51344	0.0	5.30219	0.0	0.0	0.0		2.77049	0.0	0.0	0.0	0.0		QP	prevail_cu_cfrna_95
0.0	0.0	0.0	0.0	0.0	0.0	5.91462	0.0			0.0		20.1837	0.0		0.0	0.0	0.0		0.0	0.0		0.0	33.74597		0.0		0.0	0.16265	0.35083		0.0	6.0369	0.0	0.0	1.42606			0.0	0.0		0.0	7.1382	0.0	0.0	0.0		0.0		0.0	0.0			0.0	0.0	0.0		0.0	0.0	0.0	0.0	0.0	0.0	0.0	0.0	0.0		0.0	0.33654	0.0	0.0	0.0	0.0		0.0			0.0	0.0	0.0	0.0	0.0		0.0	0.0	0.0		0.0	0.0	4.38425	0.0	0.0	9.34308	0.0	6.85953	0.0	0.0	0.0		4.11767	0.0	0.0	0.0	0.0		QP	prevail_cu_cfrna_280
0.0	0.0	0.0	0.0	0.0	0.0	14.22201	0.0			0.0		17.60213	0.0		0.0	0.0	0.0		0.0	0.0		0.0	9.953		0.0		4.6557	0.99333	0.0		0.0	2.37627	0.45004	0.0	16.60038			0.0	0.0		0.0	17.32406	0.0	0.0	0.0		0.0		0.0	0.0			0.0	0.0	0.0		0.0	0.0	0.0	0.0	0.0	0.0	0.0	0.0	0.0		0.0	0.0	0.0	0.0	0.0	0.0		0.0			0.0	0.0	0.0	6.27187	0.0		0.0	0.0	0.0		0.0	0.41869	1.71109	0.0	0.0	2.54121	0.0	1.24113	0.0	0.0	0.0		3.63908	0.0	0.0	0.0	0.0		QP	prevail_cu_cfrna_317
0.0	0.0	0.0	0.0	0.0	0.0	6.52265	0.0			0.0		17.73622	0.0		0.0	0.0	0.0		0.0	0.0		0.0	5.99253		0.0		0.0	0.0	0.0		0.0	2.02641	5.87323	0.0	20.72115			0.0	0.0		0.0	4.60925	0.0	0.0	0.0		0.0		0.0	0.0			0.0	0.0	0.0		0.0	0.0	0.0	0.0	0.0	0.0	0.0	0.0	0.0		0.0	0.0	0.0	0.0	0.61298	0.0		0.0			0.0	0.0	0.0	0.0	0.0		4.66891	0.0	0.0		0.0	3.55785	4.18017	0.0	2.76291	7.72172	0.0	2.90465	0.0	0.0	0.0		10.10937	0.0	0.0	0.0	0.0		QP	prevail_cu_cfrna_310
0.0	0.0	0.0	0.0	0.0	0.0	9.3528	0.0			0.0		18.11883	0.0		0.0	0.0	0.0		0.0	0.0		0.0	17.936		0.0		8e-05	0.70717	2e-05		0.0	6.59857	3e-05	0.0	2.30346			0.0	0.0		0.0	12.747	0.0	0.0	0.0		0.0		0.0	0.0			0.0	0.0	0.56871		0.0	0.0	0.0	0.0	0.0	0.0	0.0	0.0	0.0		0.0	0.63307	0.0	0.0	0.48461	0.0		0.0			0.0	0.0	0.0	0.0	0.0		0.0	0.0	0.0		0.0	0.23564	6.39898	0.0	0.0	10.36557	0.0	7.30939	0.0	0.0	0.0		6.24007	0.0	0.0	0.0	0.0		QP	prevail_cu_cfrna_309
0.0	0.0	0.0	0.0	0.0	0.0	2.90788	0.0			0.0		4.61577	0.0		0.0	0.0	0.0		0.0	0.0		1.44745	15.32552		0.0		0.0	0.0	1.61513		0.0	6.0483	0.87231	0.88185	9.02219			0.0	0.0		0.0	2.66454	0.27442	1.35028	0.0		0.0		0.0	0.0			0.0	0.0	0.0		0.0	0.0	0.0	0.0	0.0	0.0	0.68535	0.85493	3.05306		0.0	1.74034	0.28566	0.0	3.25011	0.0		0.0			2.20831	0.0	0.0	0.0	1.65299		3.87754	0.0	0.0		0.0	0.40675	7.92688	0.0	0.0	11.34091	0.0	6.77999	0.0	0.0	0.0		7.582	1.32953	0.0	0.0	0.0		QP	prevail_cu_cfrna_201
0.0	0.0	0.0	0.0	0.0	0.0	10.81436	0.0			0.0		21.29359	0.0		0.0	0.0	0.0		0.0	0.0		0.0	26.73066		0.0		0.0	0.0	0.0		0.0	0.0	0.0	0.0	24.49086			0.0	0.0		0.0	2.97495	0.0	0.0	0.0		0.0		0.0	0.0			0.0	0.0	0.0		0.0	0.0	0.0	0.0	0.0	0.0	0.0	0.0	0.0		0.0	0.0	0.0	0.0	0.0	0.0		0.0			0.0	0.0	0.0	0.0	0.0		0.0	0.0	0.0		0.0	0.0	1.49453	0.0	0.00068	5.36452	0.0	2.37057	6e-05	0.0	0.0		4.46521	0.0	0.0	0.0	0.0		QP	prevail_cu_cfrna_290
0.0	0.0	0.0	0.0	0.0	0.0	11.77351	0.0			0.0		15.46659	0.0		0.0	0.0	0.0		0.0	0.0		0.0	17.37148		0.0		0.0	0.0	0.0		0.0	6.30752	4.79373	0.0	3.90297			0.0	0.0		0.0	4.75652	0.0	0.0	0.0		0.0		0.0	0.0			0.0	0.0	0.00136		0.0	0.0	0.0	0.0	0.0	0.0	0.0	0.0	0.0		0.0	0.40741	0.0	0.0	1.75204	0.0		0.0			0.0	0.0	0.0	0.0	0.0		0.0	0.0	0.0		0.0	1e-05	6.59972	0.0	0.0	11.12972	0.0	7.6785	0.0	0.0	0.0		8.05891	0.0	0.0	0.0	0.0		QP	prevail_cu_cfrna_222
0.0	0.0	0.0	0.0	0.0	0.0	10.94016	0.0			0.0		26.02658	0.0		0.0	0.0	0.0		0.0	0.0		0.0	7.13357		0.0		0.0	0.0	0.0		0.0	1.09871	9.14928	0.0	13.33419			0.0	0.0		0.0	6.61662	0.0	0.0	0.0		0.0		0.0	0.0			0.0	0.0	0.0		0.0	0.0	0.0	0.0	0.0	0.0	0.0	0.0	0.0		0.0	0.0	0.0	0.0	0.0	0.0		0.0			0.0	0.0	0.0	0.0	0.0		4.7048	0.0	0.0		0.0	4.67169	2.0927	0.0	0.0	4.43695	0.0	4.2108	0.0	0.0	0.0		5.58395	0.0	0.0	0.0	0.0		QP	prevail_cu_cfrna_108
0.0	0.0	0.0	0.0	0.0	0.0	7.04692	0.0			0.0		8.02574	0.0		0.0	0.0	0.0		0.0	0.0		0.0	21.32231		0.0		0.0	0.0	0.0		0.0	1.72502	3.45808	0.0	9.64626			0.0	0.0		0.0	0.5627	0.0	0.0	0.0		0.0		0.0	0.0			0.0	0.0	0.0		0.0	0.0	0.0	0.0	0.0	0.0	1e-05	0.0	0.0		0.0	0.07809	0.0	0.0	2.66306	0.0		0.0			0.0	0.0	0.0	0.0	0.0		4.84748	0.0	0.0		0.0	0.10356	7.77575	0.0	0.0	13.4479	0.0	7.75318	0.0	0.0	0.0		11.54394	0.0	0.0	0.0	0.0		QP	prevail_cu_cfrna_294
0.0	0.0	0.0	0.0	0.0	0.0	0.0	0.0			0.0		0.0	0.0		0.0	0.0	0.0		0.0	0.0		1.64326	10.66097		0.0		0.0	0.0	1.39558		0.0	3.82062	4.74321	0.00015	15.96862			0.0	0.0		0.0	0.0	0.0	4.09821	0.0		0.0		0.0	0.0			0.0	0.0	0.0		0.0	0.0	0.0	0.0	0.0	0.0	4.59642	0.67785	3.13256		0.0	0.0	0.03243	0.0	2.37837	0.0		0.0			2.288	0.0	0.0	0.0	1.4899		10.9015	0.0	0.0		0.0	3.39724	6.59754	0.0	0.0	8.1379	0.0	1.02769	0.0	0.0	0.0		12.02217	0.98981	0.0	0.0	0.0		QP	prevail_cu_cfrna_127
0.0	0.0	0.0	0.0	0.0	0.0	5.20221	0.0			0.0		16.92181	0.0		0.0	0.0	0.0		0.0	0.0		0.0	12.32684		0.0		0.0	0.0	0.0		0.0	2.53598	7.87666	0.0	9.13947			0.0	0.0		0.0	7.60979	0.0	0.0	0.0		0.0		0.0	0.0			0.0	0.0	0.0		0.0	0.0	0.0	0.0	0.0	0.0	0.0	0.0	0.0		0.0	0.0	0.0	2e-05	5e-05	0.0		0.0			0.0	0.0	0.0	0.0	0.0		4.25922	0.0	0.0		0.0	2.54319	4.73594	0.0	1e-05	9.5011	0.0	4.46515	0.0	0.0	0.0		12.88257	0.0	0.0	0.0	0.0		QP	prevail_cu_cfrna_287
0.0	0.0	0.0	0.0	0.0	0.0	0.0	0.0			0.0		6.8765	0.0		0.0	0.0	0.0		0.0	0.0		0.0018	6.50272		0.0		0.0	0.0	0.0		0.0	1.89577	0.0	0.0	20.73886			0.0	0.0		0.0	5.06335	0.0	1.5246	0.0		0.0		0.0	0.0			0.0	0.0	0.0		0.0	0.0	0.0	0.0	0.0	0.0	0.0	0.0	0.87836		0.0	1e-05	0.0	0.0	0.0	0.0		0.0			0.17705	0.0	0.0	0.0	0.0		14.99706	0.0	0.0		0.0	6.46279	7.39109	0.0	0.0005	8.94996	0.0	3.32003	0.0	0.0	0.0		15.21953	0.0	0.0	0.0	0.0		QP	prevail_cu_cfrna_137
0.0	0.0	0.0	0.0	0.0	0.0	0.0	0.0			0.0		0.0	0.0		0.0	0.0	0.0		0.0	0.0		0.83568	8.7258		0.0		0.0	0.0	0.46582		0.0	2.76868	0.0	0.0	17.19971			0.0	0.0		0.0	0.0	0.0	1.65913	0.0		0.0		0.0	0.0			0.0	0.0	0.0		0.0	0.0	0.0	0.0	0.0	0.0	1.83217	1e-05	2.29108		0.0	0.0	1e-05	0.0	0.0	0.0		0.0			1.28026	0.0	0.0	0.0	1.08493		15.65926	0.0	0.0		0.0	7.713	6.58446	0.0	5.51198	7.46572	0.0	0.0	0.0	0.0	0.0		18.50131	0.42097	0.0	0.0	0.0		QP	prevail_cu_cfrna_119
0.0	0.0	0.0	0.0	0.0	0.0	0.0	0.0			0.0		4.44781	0.0		0.0	0.0	0.0		0.0	0.0		0.0	11.52274		0.0		0.0	0.0	0.0		0.0	3.59587	8.59184	0.0	11.33158			0.0	0.0		0.0	0.30252	0.0	0.0	0.0		0.0		0.0	0.0			0.0	0.0	0.0		0.0	0.0	0.0	0.0	0.0	0.0	9.39562	0.0	0.1603		0.0	0.00104	0.0	2.18381	1.74279	0.0		0.0			0.0	0.0	0.0	0.0	0.0		6.21386	0.0	0.0		0.0	2.81546	5.04519	0.0	2.53982	8.73974	0.0	3.80054	0.0	0.0	0.0		17.56946	0.0	0.0	0.0	0.0		QP	prevail_cu_cfrna_282
0.0	0.0	0.0	0.0	0.0	0.0	0.0	0.0			0.0		7.32041	0.0		0.0	0.0	0.0		0.0	0.0		0.0	6.69379		0.0		0.0	0.0	0.0		0.0	2.03785	1.54568	0.0	21.68609			0.0	0.0		0.0	1.05558	0.0	1.0178	0.0		0.0		0.0	0.0			0.0	0.0	0.0		0.0	0.0	0.0	0.0	0.0	0.0	7e-05	0.0	0.21191		0.0	0.0	0.0	0.0	0.0	0.0		0.0			0.0	0.0	0.0	0.0	0.0		13.04671	0.0	0.0		0.0	6.48845	6.36053	0.0	6.21131	7.80105	0.0	1.28816	0.0	0.0	0.0		17.23458	0.0	0.0	0.0	0.0		QP	prevail_cu_cfrna_291
0.0	0.0	0.0	0.0	0.0	0.0	0.0	0.0			0.0		0.0	0.0		0.0	0.0	0.0		0.0	0.0		0.0	13.44809		0.0		0.0	0.0	0.0		0.0	1.20796	11.58697	0.0	16.25317			0.0	0.0		0.0	0.0	0.0	0.0	0.0		0.0		0.0	0.0			0.0	0.0	0.0		0.0	0.0	0.0	0.0	0.0	0.0	9.01131	0.0	0.0		0.0	0.0	0.0	1.93667	0.76358	0.0		0.0			0.0	0.0	0.0	0.0	0.0		14.03994	0.0	0.0		0.0	5.84521	3.47317	0.0	0.0	5.89185	0.0	1.01469	0.0	0.0	0.0		15.5274	0.0	0.0	0.0	0.0		QP	prevail_cu_cfrna_284
0.0	0.0	0.0	0.0	0.0	0.0	0.0	0.0			0.0		0.0	0.0		0.0	0.0	0.0		0.0	0.0		1.44564	8.25043		0.0		0.0	0.0	0.91191		0.0	2.76175	0.0	0.0	12.23223			0.0	0.0		0.0	0.0	0.0	1.44325	0.0		0.0		0.0	0.0			0.0	0.0	0.0		0.0	0.0	0.0	0.0	0.0	0.0	0.0	0.07517	3.08458		0.0	0.0	0.00261	0.0	0.0	0.0		0.0			2.12522	0.0	0.0	0.0	1.54639		19.82567	0.0	0.0		0.0	10.89908	6.53358	0.0	3.04088	7.04728	0.0	0.0	0.0	0.0	0.0		17.88043	0.89387	0.0	0.0	0.0		QP	prevail_cu_cfrna_124
0.0	0.0	0.0	0.0	0.0	0.0	0.0	0.0			0.0		0.61638	0.0		0.0	0.0	0.0		0.0	0.0		0.01135	8.96129		0.0		0.0	0.0	0.0		0.0	2.50972	2.65244	0.0	16.40657			0.0	0.0		0.0	0.44823	0.0	1.61038	0.0		0.0		0.0	0.0			0.0	0.0	0.0		0.0	0.0	0.0	0.0	0.0	0.0	3.09493	0.0	1.23932		0.0	0.0	0.0	1e-05	0.0	0.0		0.0			0.33193	0.0	0.0	0.0	0.27187		16.08296	0.0	0.0		0.0	7.4033	6.31526	0.0	5.27188	7.80746	0.0	0.36371	0.0	0.0	0.0		18.60099	1e-05	1e-05	0.0	0.0		QP	prevail_cu_cfrna_146
0.0	0.0	0.0	0.0	0.0	0.0	2e-05	0.0			0.0		0.07427	0.0		0.0	0.0	0.0		0.0	0.0		1.17487	14.20802		0.0		0.0	0.0	0.8701		0.0	3.76829	2.60663	5e-05	10.69009			0.0	0.0		0.0	1.26011	0.0	0.23601	0.0		0.0		0.0	0.0			0.0	0.0	0.0		0.0	0.0	0.0	0.0	0.0	0.0	3.27083	0.25907	2.76489		0.0	0.96337	1e-05	0.0	2.34425	0.0		0.0			1.91989	0.0	0.0	0.0	1.34384		10.21239	0.0	0.0		0.0	2.74229	7.94786	0.0	0.0	10.35247	0.0	7.8251	0.0	0.0	0.0		12.3667	0.7986	0.0	0.0	0.0		QP	prevail_cu_cfrna_12
0.0	0.0	0.0	0.0	0.0	0.0	0.0	0.0			0.0		0.0	0.0		0.0	0.0	0.0		0.0	0.0		1.40774	8.38482		0.0		0.0	0.0	1.14943		0.0	3.62671	0.0	0.09346	13.24304			0.0	0.0		0.0	0.0	0.0	2.09159	0.0		0.0		0.0	0.0			0.0	0.0	0.0		0.0	0.0	0.0	0.0	0.0	0.0	1.85032	0.34728	3.0978		0.0	0.0	0.10925	0.0	0.0	0.0		0.0			2.02522	0.0	0.0	0.0	1.61261		13.30869	0.0	0.0		0.0	6.38506	6.99029	0.0	6.67293	7.91293	0.0	0.0	0.0	0.0	0.0		18.7075	0.98335	0.0	0.0	0.0		QP	prevail_cu_cfrna_120
0.0	0.0	0.0	0.0	0.0	0.0	0.0	0.0			0.0		0.0	0.0		0.0	0.0	0.0		0.0	0.0		0.0	10.0566		0.0		0.0	0.0	0.0		0.0	1.8935	0.60123	0.0	13.701			0.0	0.0		0.0	0.0	0.0	1.2031	0.0		0.0		0.0	0.0			0.0	0.0	0.0		0.0	0.0	0.0	0.0	0.0	0.0	3.08986	0.0	0.80051		0.0	0.0	0.0	0.0	0.0	0.0		0.0			0.0	0.0	0.0	0.0	8e-05		19.41039	0.0	0.0		0.0	7.63527	6.30674	0.0	6.66082	7.31398	0.0	0.0	0.0	0.0	0.0		19.29404	0.0	2.03285	0.0	0.0		QP	prevail_cu_cfrna_136
0.0	0.0	0.0	0.0	0.0	0.0	5.31059	0.0			0.0		15.48325	0.0		0.0	0.0	0.0		0.0	0.0		0.0	13.52319		0.0		0.43142	0.0	0.19478		0.0	3.82018	12.2021	0.0	13.70294			0.0	0.0		0.0	6.93706	0.0	0.0	0.0		0.0		0.0	0.0			0.0	0.0	0.0		0.0	0.0	0.0	0.0	0.0	0.0	0.0	0.0	0.0		0.0	0.00023	0.0	0.962	1.9055	0.0		0.0			0.0	0.0	0.0	0.0	0.0		0.8186	0.0	0.0		0.0	0.15064	3.81537	0.0	0.0	8.56666	0.0	5.30909	0.0	0.0	0.0		6.86639	0.0	0.0	0.0	0.0		QP	prevail_cu_cfrna_285
0.0	0.0	0.0	0.0	0.0	0.0	0.0	0.0			0.0		0.0	0.0		0.0	0.0	0.0		0.0	0.0		0.65443	8.51263		0.0		0.0	0.0	0.05039		0.0	0.89858	0.0	0.0	10.96017			0.0	0.0		0.0	0.0	0.0	1e-05	0.0		0.0		0.0	0.0			0.0	0.0	0.0		0.0	0.0	0.0	0.0	0.0	0.0	2.65765	1e-05	2.40639		0.0	0.0	2e-05	0.0	0.0	0.0		0.0			1.2717	0.0	0.0	0.0	0.91714		21.86926	0.0	0.0		0.0	9.08257	5.66505	0.0	6.23792	5.1496	0.0	0.0	0.0	0.0	0.0		23.65704	0.00942	0.0	0.0	0.0		QP	prevail_cu_cfrna_125
0.0	0.0	0.0	0.0	0.0	0.0	0.0	0.0			0.0		0.0	0.0		0.0	0.0	0.0		0.0	0.0		0.7626	8.34288		0.0		0.0	0.0	0.43184		0.0	1.68802	0.0	0.0	12.59877			0.0	0.0		0.0	0.0	0.0	0.0001	0.0		0.0		0.0	0.0			0.0	0.0	0.0		0.0	0.0	0.0	0.0	0.0	0.0	0.74895	1e-05	2.28639		0.0	0.0	2e-05	0.0	0.0	0.0		0.0			1.31729	0.0	0.0	0.0	1.0303		21.81783	0.0	0.0		0.0	11.30664	5.93469	0.0	5.57071	5.89454	0.0	0.0	0.0	0.0	0.0		19.98121	0.28706	0.00013	0.0	0.0		QP	prevail_cu_cfrna_129
0.0	0.0	0.0	0.0	0.0	0.0	9.76448	0.0			0.0		23.102	0.0		0.0	0.0	0.0		0.0	0.0		0.0	1.03832		0.0		4.69395	0.0	0.0		0.0	3.30451	9.63301	0.0	5.55161			0.0	0.0		0.0	12.39567	0.0	0.0	0.0		0.0		0.0	0.0			0.0	0.0	0.0		0.0	0.0	0.0	0.0	0.0	0.0	0.0	0.0	0.0		0.0	0.0	0.0	0.0	0.38268	0.0		0.0			0.0	0.0	0.0	0.0	0.0		0.0	0.0	0.0		0.0	0.84653	4.77102	0.0	0.0	9.75234	0.0	3.1833	0.0	0.0	0.0		11.58059	0.0	0.0	0.0	0.0		QP	prevail_cu_cfrna_295
0.0	0.0	0.0	0.0	0.0	0.0	13.29282	0.0			0.0		14.40267	0.0		0.0	0.0	0.0		0.0	0.0		0.0	29.89985		0.0		0.0	1.20433	0.1291		0.0	4.68263	0.0	0.0	8.55662			0.0	0.0		0.0	9.69558	0.0	0.0	0.0		0.0		0.0	0.0			0.0	0.0	0.0		0.0	0.0	0.0	0.0	0.0	0.0	0.0	0.0	0.0		0.0	0.40027	0.0	0.0	0.0	0.0		0.0			0.0	0.0	0.0	0.0	3e-05		0.0	0.0	0.0		0.0	0.0	4.1654	1e-05	0.0	5.84567	0.0	6.47458	0.0	0.0	0.0		1.25039	0.0	0.0	0.0	0.0		QP	prevail_cu_cfrna_292
0.0	0.0	0.0	0.0	0.0	0.0	0.0	0.0			0.0		9.21443	0.0		0.0	0.0	0.0		0.0	0.0		0.0	2.41459		0.0		0.0	0.0	0.0		0.0	1.55052	1.99637	0.0	19.77289			0.0	0.0		0.0	1.21286	0.0	0.26657	0.0		0.0		0.0	0.0			0.0	0.0	0.0		0.0	0.0	0.0	0.0	0.0	0.0	0.0	0.0	1e-05		0.0	0.0	0.0	0.0	0.0	0.0		0.0			0.0	0.0	0.0	0.0	0.0		20.17884	0.0	0.0		0.0	11.82887	4.72528	0.0	5.68794	4.12462	0.0	2e-05	0.0	0.0	0.0		17.02601	0.0	0.00017	0.0	0.0		QP	prevail_cu_cfrna_141
0.0	0.0	0.0	0.0	0.0	0.0	0.0	0.0			0.0		1.19547	0.0		0.0	0.0	0.0		0.0	0.0		0.00013	8.96541		0.0		0.0	0.0	0.0		0.0	1.31299	2.50259	0.0	18.38377			0.0	0.0		0.0	1.268	0.0	1.68497	0.0		0.0		0.0	0.0			0.0	0.0	0.0		0.0	0.0	0.0	0.0	0.0	0.0	2.07234	0.0	1.11936		0.0	0.0	0.0	0.0	0.0	0.0		0.0			0.29868	0.0	0.0	0.0	0.04682		17.91098	0.0	0.0		0.0	8.28389	6.74221	0.0	1.75625	7.51271	0.0	1.48015	0.0	0.0	0.0		17.46328	0.0	0.0	0.0	0.0		QP	prevail_cu_cfrna_126
0.0	0.0	0.0	0.0	0.0	0.0	0.0	0.0			0.0		0.00288	0.0		0.0	0.0	0.0		0.0	0.0		0.0	8.40729		0.0		0.0	0.0	0.0		0.0	1.18828	6.5314	0.0	10.09487			0.0	0.0		0.0	0.56007	0.0	0.0	0.0		0.0		0.0	0.0			0.0	0.0	0.0		0.0	0.0	0.0	0.0	0.0	0.0	5.03201	0.0	0.54521		0.0	0.0	0.0	3e-05	0.0	0.0		0.0			0.0	0.0	0.0	0.0	0.0		21.93425	0.0	0.0		0.0	11.98221	4.70517	0.0	5.06084	4.82686	0.0	0.0	0.0	0.0	0.0		19.12862	0.0	0.0	0.0	0.0		QP	prevail_cu_cfrna_114
0.0	0.0	0.0	0.0	0.0	0.0	3.21673	0.0			0.0		3.47164	0.0		0.0	0.0	0.0		0.0	0.0		1.02738	13.93517		0.0		0.0	0.0	0.55923		0.0	3.24406	2.84097	0.0	10.26048			0.0	0.0		0.0	0.012	0.0	1e-05	0.0		0.0		0.0	0.0			0.0	0.0	0.0		0.0	0.0	0.0	0.0	0.0	0.0	1.9591	0.01719	2.50524		0.0	1.363	1e-05	0.0	2.58848	0.0		0.0			1.87717	0.0	0.0	0.0	0.69108		8.88277	0.0	0.0		0.0	2.09295	8.28469	0.0	0.0	11.83632	0.0	9.77158	0.0	0.0	0.0		8.93252	0.63021	0.0	0.0	0.0		QP	prevail_cu_cfrna_24
0.0	0.0	0.0	0.0	0.0	0.0	0.0	0.0			0.0		1e-05	0.0		0.0	0.0	0.0		0.0	0.0		1.32912	9.49805		0.0		0.0	0.0	0.79596		0.0	4.08424	0.0	0.32983	16.54046			0.0	0.0		0.0	0.42439	0.0	4.74321	0.0		0.0		0.0	0.0			0.0	0.0	0.0		0.0	0.0	0.0	0.0	0.0	0.0	2.5259	0.38038	2.7039		0.0	8e-05	5e-05	0.0	0.53047	0.0		0.0			1.83375	0.0	0.0	0.0	1.64563		12.09897	0.0	0.0		0.0	5.7804	7.41203	0.0	2.20885	8.94969	0.0	0.43645	0.0	0.0	0.0		14.82935	0.91885	0.0	0.0	0.0		QP	prevail_cu_cfrna_130
0.0	0.0	0.0	0.0	0.0	0.0	6.90695	0.0			0.0		6.30947	0.0		0.0	0.0	0.0		0.0	0.0		0.0	21.15096		0.0		0.0	0.0	3e-05		0.0	4.04177	6.28787	0.0	7.29187			0.0	0.0		0.0	1e-05	0.0	0.0	0.0		0.0		0.0	0.0			0.0	0.0	0.0		0.0	0.0	0.0	0.0	0.0	0.0	3.22546	0.0	0.46203		0.0	0.88907	0.0	0.0	3.59314	0.0		0.0			3e-05	0.0	0.0	0.0	0.0		1.33569	0.0	0.0		0.0	0.0	7.04796	0.0	0.0	12.75236	0.0	8.15902	0.0	0.0	0.0		10.54628	0.0	0.0	0.0	0.0		QP	prevail_cu_cfrna_296
0.0	0.0	0.0	0.0	0.0	0.0	0.0	0.0			0.0		4.59012	0.0		0.0	0.0	0.0		0.0	0.0		0.0	2.57097		0.0		0.0	0.0	0.0		0.0	0.0	0.0	0.0	27.01847			0.0	0.0		0.0	0.0	0.0	0.0	0.0		0.0		0.0	0.0			0.0	0.0	0.0		0.0	0.0	0.0	0.0	0.0	0.0	0.0	0.0	0.0		0.0	0.0	0.0	0.0	0.0	0.0		0.0			0.0	0.0	0.0	0.0	0.0		24.48639	0.0	0.0		0.0	13.69955	2.26989	0.0	6.11905	0.68271	0.0	0.0	0.0	0.0	0.0		17.73136	0.0	0.83151	0.0	0.0		QP	prevail_cu_cfrna_138
0.0	0.0	0.0	0.0	0.0	0.0	7.28277	0.0			0.0		16.71366	0.0		0.0	0.0	0.0		0.0	0.0		0.0	14.74401		0.0		0.0	0.0	0.15683		0.0	4.06634	5.88981	0.0	5.53181			0.0	0.0		0.0	7.25581	0.0	0.0	0.0		0.0		0.0	0.0			0.0	0.0	0.0		0.0	0.0	0.0	0.0	0.0	0.0	9e-05	0.0	0.06797		0.0	0.26262	0.0	0.0	2.76377	0.0		0.0			0.0	0.0	0.0	0.0	0.0		0.25477	0.0	0.0		0.0	1e-05	5.90543	0.0	0.0	11.8879	0.0	7.44904	0.0	0.0	0.0		9.76735	0.0	0.0	0.0	0.0		QP	prevail_cu_cfrna_299
0.0	0.0	0.0	0.0	0.0	0.0	0.0	0.0			0.0		4.03276	0.0		0.0	0.0	0.0		0.0	0.0		0.78458	7.21674		0.0		0.0	0.0	0.49959		0.0	3.0003	0.54051	0.0	12.40706			0.0	0.0		0.0	5.6188	0.0	3.04808	0.0		0.0		0.0	0.0			0.0	0.0	0.0		0.0	0.0	0.0	0.0	0.0	0.0	0.04396	0.0	1.97205		0.0	0.0	0.0	0.0	0.0	0.0		0.0			1.17846	0.0	0.0	0.0	0.78245		15.18681	0.0	0.0		0.0	7.76962	7.23558	0.0	1.95918	9.10293	0.0	0.4226	0.0	0.0	0.0		16.81114	0.38679	0.0	0.0	0.0		QP	prevail_cu_cfrna_132
0.0	0.0	0.0	0.0	0.0	0.0	2e-05	0.0			0.0		14.56782	0.0		0.0	0.0	0.0		0.0	0.0		0.0	0.0		0.0		0.0	0.0015	0.0		0.0	1.2819	2.06636	0.0	16.16393			0.0	0.0		0.0	11.22391	0.0	0.0	0.0		0.0		0.0	0.0			0.0	0.0	0.0		0.0	0.0	0.0	0.0	0.0	0.0	0.0	0.0	0.0		0.0	0.0	0.0	0.0	0.0	0.0		0.0			0.0	0.0	0.0	0.0	0.0		14.85945	0.0	0.0		0.0	10.30397	4.21213	0.0	4.21262	5.1324	0.0	0.93712	0.0	0.0	0.0		15.03686	0.0	0.0	0.0	0.0		QP	prevail_cu_cfrna_139
0.0	0.0	0.0	0.0	0.0	0.0	0.0	0.0			0.0		0.0	0.0		0.0	0.0	0.0		0.0	0.0		1.57556	10.44144		0.0		0.0	0.0	1.01989		0.0	3.2641	2.47482	0.00541	11.09983			0.0	0.0		0.0	0.0	0.0	3.08771	0.0		0.0		0.0	0.0			0.0	0.0	0.0		0.0	0.0	0.0	0.0	0.0	0.0	3.78896	0.44548	3.16062		0.0	0.0	0.02631	0.0	0.0	0.0		0.0			2.17499	0.0	0.0	0.0	1.46652		16.62631	0.0	0.0		0.0	8.59169	6.73816	0.0	0.0	7.16641	0.0	0.0	0.0	0.0	0.0		15.76426	1.08152	0.0	0.0	0.0		QP	prevail_cu_cfrna_128
0.0	0.0	0.0	0.0	0.0	0.0	0.0	0.0			0.0		0.0	0.0		0.0	0.0	0.0		0.0	0.0		0.03554	10.57186		0.0		0.0	0.0	0.01926		0.0	2.93401	8.8015	0.0	20.66049			0.0	0.0		0.0	0.0	0.0	1.73679	0.0		0.0		0.0	0.0			0.0	0.0	0.0		0.0	0.0	0.0	0.0	0.0	0.0	5.30847	0.0	1.24846		0.0	0.0	0.0	1.7386	1.4351	0.0		0.0			0.34165	0.0	0.0	0.0	0.00079		12.36759	0.0	0.0		0.0	3.616	5.76135	0.0	0.0	7.81385	0.0	1.59199	0.0	0.0	0.0		14.01669	0.0	0.0	0.0	0.0		QP	prevail_cu_cfrna_121
0.0	0.0	0.0	0.0	0.0	0.0	0.0	0.0			0.0		0.0	0.0		0.0	0.0	0.0		0.0	0.0		1.40177	13.59603		0.0		0.0	0.0	0.99306		0.0	4.25403	3.15647	0.05518	9.5363			0.0	0.0		0.0	0.0	0.0	0.49748	0.0		0.0		0.0	0.0			0.0	0.0	0.0		0.0	0.0	0.0	0.0	0.0	0.0	4.89472	0.63627	3.11762		0.0	1.52782	0.08126	0.0	3.49153	0.0		0.0			2.32471	0.0	0.0	0.0	1.37226		7.84174	0.0	0.0		0.0	4e-05	8.49637	0.0	0.0	12.01745	0.0	8.76072	0.0	0.0	0.0		10.95179	0.99536	0.0	0.0	0.0		QP	prevail_cu_cfrna_42
0.0	0.0	0.0	0.0	0.0	0.0	0.0	0.0			0.0		0.0	0.0		0.0	0.0	0.0		0.0	0.0		0.01061	7.78868		0.0		0.0	0.0	0.0		0.0	1.13246	0.0	0.0	13.9326			0.0	0.0		0.0	0.0	0.0	0.0	0.0		0.0		0.0	0.0			0.0	0.0	0.0		0.0	0.0	0.0	0.0	0.0	0.0	4.54877	0.0	1.39814		0.0	0.0	0.0	0.0	0.0	0.0		0.0			0.37037	0.0	0.0	0.0	0.20981		24.11534	0.0	0.0		0.0	12.53224	4.34169	0.0	5.52126	3.03948	0.0	0.0	0.0	0.0	0.0		20.26552	0.0	0.79303	0.0	0.0		QP	prevail_cu_cfrna_147
0.0	0.0	0.0	0.0	0.0	0.0	0.0	0.0			0.0		5.91346	0.0		0.0	0.0	0.0		0.0	0.0		0.93622	6.83696		0.0		0.0	0.0	0.55975		0.0	3.94204	0.00175	0.09106	15.97917			0.0	0.0		0.0	2.97698	0.0	5.10079	0.0		0.0		0.0	0.0			0.0	0.0	0.0		0.0	0.0	0.0	0.0	0.0	0.0	0.09514	1e-05	2.0747		0.0	0.46606	0.0	0.0	0.17717	0.0		0.0			1.2621	0.0	0.0	0.0	0.98797		12.26818	0.0	0.0		0.0	6.23053	7.29951	0.0	3.40181	8.75426	0.0	0.0	0.0	0.0	0.0		14.12938	0.51499	0.0	0.0	0.0		QP	prevail_cu_cfrna_140
0.0	0.0	0.0	0.0	0.0	0.0	0.0	0.0			0.0		1.42921	0.0		0.0	0.0	0.0		0.0	0.0		1.14543	9.55765		0.0		0.0	0.0	0.66028		0.0	3.25832	1e-05	0.01531	15.24828			0.0	0.0		0.0	3.8473	0.0	3.07253	0.0		0.0		0.0	0.0			0.0	0.0	0.0		0.0	0.0	0.0	0.0	0.0	0.0	0.1296	0.11293	2.49977		0.0	0.4308	0.00011	0.0	0.00071	0.0		0.0			1.73768	0.0	0.0	0.0	1.13723		12.48411	0.0	0.0		0.0	4.53539	8.58715	0.0	1e-05	10.99289	0.0	3.00432	0.0	0.0	0.0		15.43508	0.67791	0.0	0.0	0.0		QP	prevail_cu_cfrna_135
0.0	0.0	0.0	0.0	0.0	0.0	0.0	0.0			0.0		0.0	0.0		0.0	0.0	0.0		0.0	0.0		1.26387	12.49986		0.0		0.0	0.0	0.7417		0.0	3.61846	3.0907	0.02584	12.99494			0.0	0.0		0.0	0.00724	1e-05	1.49176	0.0		0.0		0.0	0.0			0.0	0.0	0.0		0.0	0.0	0.0	0.0	0.0	0.0	3.03629	0.2047	2.77268		0.0	0.52391	0.00038	0.0	1.94284	0.0		0.0			1.93824	0.0	0.0	0.0	1.22121		11.5897	0.0	0.0		0.0	4.00235	7.87571	0.0	0.0	10.23642	0.0	5.06036	0.0	0.0	0.0		13.05273	0.80808	0.0	0.0	0.0		QP	prevail_cu_cfrna_286
0.0	0.0	0.0	0.0	0.0	0.0	0.0	0.0			0.0		1.6875	0.0		0.0	0.0	0.0		0.0	0.0		0.0	7.22985		0.0		0.0	0.0	0.0		0.0	5e-05	2.80706	0.0	17.1445			0.0	0.0		0.0	0.0	0.0	0.0	0.0		0.0		0.0	0.0			0.0	0.0	0.0		0.0	0.0	0.0	0.0	0.0	0.0	2.44529	0.0	0.0		0.0	0.0	0.0	0.0	0.0	0.0		0.0			0.0	0.0	0.0	0.0	0.0		23.73034	0.0	0.0		0.0	13.09767	4.7334	0.0	3.72298	4.21661	0.0	0.0	0.0	0.0	0.0		19.18474	0.0	0.0	0.0	0.0		QP	prevail_cu_cfrna_131
0.0	0.0	0.0	0.0	0.0	0.0	0.0	0.0			0.0		0.0	0.0		0.0	0.0	0.0		0.0	0.0		0.36878	10.00777		0.0		0.0	0.0	2e-05		0.0	2.23246	0.97001	0.0	12.70701			0.0	0.0		0.0	0.0	0.0	1.55113	0.0		0.0		0.0	0.0			0.0	0.0	0.0		0.0	0.0	0.0	0.0	0.0	0.0	3.04348	0.0	1.66106		0.0	0.0	0.0	0.0	0.0	0.0		0.0			0.74689	0.0	0.0	0.0	0.54103		20.02253	0.0	0.0		0.0	10.15439	6.70648	0.0	3.20648	7.35228	0.0	0.0	0.0	0.0	0.0		18.7281	0.0001	0.0	0.0	0.0		QP	prevail_cu_cfrna_142
0.0	0.0	0.0	0.0	0.0	0.0	0.0	0.0			0.0		0.0	0.0		0.0	0.0	0.0		0.0	0.0		0.20753	9.58536		0.0		0.0	0.0	0.09659		0.0	2.48279	5.49929	0.0	13.04254			0.0	0.0		0.0	0.24224	0.0	1.45532	0.0		0.0		0.0	0.0			0.0	0.0	0.0		0.0	0.0	0.0	0.0	0.0	0.0	3.88789	0.0	1.46769		0.0	0.0	0.0	0.48859	0.0	0.0		0.0			0.61953	0.0	0.0	0.0	0.61899		17.65547	0.0	0.0		0.0	8.84833	5.48947	0.0	4.56266	6.42744	0.0	0.0	0.0	0.0	0.0		17.32223	5e-05	0.0	0.0	0.0		QP	prevail_cu_cfrna_118
0.0	0.0	0.0	0.0	0.0	0.0	0.0	0.0			0.0		0.0	0.0		0.0	0.0	0.0		0.0	0.0		2e-05	10.1201		0.0		0.0	0.0	0.0		0.0	0.64715	5.09551	0.0	15.40082			0.0	0.0		0.0	0.0	0.0	1.15631	0.0		0.0		0.0	0.0			0.0	0.0	0.0		0.0	0.0	0.0	0.0	0.0	0.0	2.99915	0.0	0.9335		0.0	0.0	0.0	0.0	0.0	0.0		0.0			0.14344	0.0	0.0	0.0	0.0		24.78257	0.0	0.0		0.0	13.52945	5.14066	0.0	0.0	4.48759	0.0	0.0	0.0	0.0	0.0		15.5637	0.0	0.0	0.0	0.0		QP	prevail_cu_cfrna_109
0.0	0.0	0.0	0.0	0.0	0.0	0.0	0.0			0.0		0.0	0.0		0.0	1e-05	0.0		0.0	0.0		1.99708	10.56285		0.0		0.0	0.0	2.01264		0.0	6.19792	7.00285	0.83658	9.12641			0.0	0.0		0.0	4e-05	0.58334	3.57604	0.0		0.0		0.0	0.0			0.0	1e-05	0.0		0.0	0.0	0.0	0.0	7e-05	0.0	5.51174	1.43677	3.77424		0.0	1.65163	0.86793	0.0	4.76901	0.0		0.0			2.85586	0.0	0.0	0.0	1.35777		7.65423	0.0	0.0		0.0	1.01965	5.54723	0.0	0.0	8.67502	0.0	2.99331	0.0	0.0	0.0		8.14547	1.84431	0.0	0.0	0.0		QP	prevail_cu_cfrna_110
0.0	0.0	0.0	0.0	0.0	0.0	0.0	0.0			0.0		0.61556	0.0		0.0	0.0	0.0		0.0	0.0		0.0	11.69581		0.0		0.0	0.0	0.0		0.0	1e-05	1.53763	0.0	16.93014			0.0	0.0		0.0	1e-05	0.0	1e-05	0.0		0.0		0.0	0.0			0.0	0.0	0.0		0.0	0.0	0.0	0.0	0.0	0.0	3.24713	0.0	0.0		0.0	0.0	0.0	1e-05	0.0	0.0		0.0			0.0	0.0	0.0	0.0	0.0		24.70766	0.0	0.0		0.0	13.39299	4.28808	0.0	0.43818	3.64104	0.0	0.0	0.0	0.0	0.0		19.50571	0.0	1e-05	0.0	0.0		QP	prevail_cu_cfrna_112
0.0	0.0	0.0	0.0	0.0	0.0	0.0	0.0			0.0		0.0	0.0		0.0	0.0	0.0		0.0	0.0		0.02078	9.96532		0.0		0.0	0.0	0.0		0.0	1.75231	4.55144	0.0	22.36899			0.0	0.0		0.0	0.0	0.0	2.31062	0.0		0.0		0.0	0.0			0.0	0.0	0.0		0.0	0.0	0.0	0.0	0.0	0.0	4.21421	0.0	1.18847		0.0	0.0	0.0	0.0	0.0	0.0		0.0			0.30329	0.0	0.0	0.0	0.01174		16.03979	0.0	0.0		0.0	7.44527	6.27646	0.0	0.0	7.38437	0.0	0.97659	0.0	0.0	0.0		15.19034	0.0	0.0	0.0	0.0		QP	prevail_cu_cfrna_166
0.0	0.0	0.0	0.0	0.0	0.0	0.0	0.0			0.0		0.0	0.0		0.0	0.0	0.0		0.0	0.0		0.76227	10.32775		0.0		0.0	0.0	0.44532		0.0	3.05976	5.54237	0.0	16.38058			0.0	0.0		0.0	0.0	0.0	2.9221	0.0		0.0		0.0	0.0			0.0	0.0	0.0		0.0	0.0	0.0	0.0	0.0	0.0	4.07047	0.0	2.1439		0.0	0.0	0.0	0.33745	0.82799	0.0		0.0			1.26896	0.0	0.0	0.0	1.12482		13.53793	0.0	0.0		0.0	5.59428	6.31903	0.0	1.21246	8.3219	0.0	0.54724	0.0	0.0	0.0		14.94765	0.30578	0.0	0.0	0.0		QP	prevail_cu_cfrna_159
0.0	0.0	0.0	0.0	0.0	0.0	0.0	0.0			0.0		0.0	0.0		0.0	0.0	0.0		0.0	0.0		1.2393	10.24128		0.0		0.0	0.0	0.97064		0.0	3.21084	5.13893	1e-05	11.1467			0.0	0.0		0.0	0.0	0.0	2.86425	0.0		0.0		0.0	0.0			0.0	0.0	0.0		0.0	0.0	0.0	0.0	0.0	0.0	3.95221	0.01215	2.64816		0.0	0.0	2e-05	0.31772	0.0	0.0		0.0			1.7891	0.0	0.0	0.0	1.13158		17.617	0.0	0.0		0.0	9.18369	6.00106	0.0	0.0	6.72274	0.0	1e-05	0.0	0.0	0.0		15.06019	0.75241	0.0	0.0	0.0		QP	prevail_cu_cfrna_167
0.0	0.0	0.0	0.0	0.0	0.0	0.0	0.0			0.0		5.93901	0.0		0.0	0.0	0.0		0.0	0.0		0.0	5.92722		0.0		0.0	0.0	0.0		0.0	2.03542	0.0	0.0	12.05576			0.0	0.0		0.0	0.0	0.0	0.7712	0.0		0.0		0.0	0.0			0.0	0.0	0.0		0.0	0.0	0.0	0.0	0.0	0.0	0.0	0.0	0.46623		0.0	0.0	0.0	0.0	0.0	0.0		0.0			0.0	0.0	0.0	0.0	0.02835		21.80512	0.0	0.0		0.0	11.04362	6.12397	0.0	7.3966	6.84888	0.0	0.0	0.0	0.0	0.0		18.64428	0.0	0.91433	0.0	0.0		QP	prevail_cu_cfrna_150
0.0	0.0	0.0	0.0	0.0	0.0	0.0	0.0			0.0		0.0	0.0		0.0	1e-05	0.0		0.0	0.0		1e-05	7.87021		0.0		0.0	0.0	1e-05		0.0	0.20837	5e-05	0.0	18.1219			0.0	0.0		0.0	0.0	0.0	0.0	0.0		0.0		0.0	0.0			0.0	0.0	0.0		0.0	0.0	0.0	0.0	0.0	0.0	3.91861	0.0	0.58553		0.0	0.0	0.0	1e-05	0.0	0.0		0.0			2e-05	0.0	0.0	0.0	0.0		25.27465	0.0	0.0		0.0	13.11447	3.97349	0.0	4.76236	2.30646	0.0	0.0	0.0	0.0	0.0		19.86309	1e-05	0.00069	0.0	0.0		QP	prevail_cu_cfrna_169
0.0	0.0	0.0	0.0	0.0	0.0	0.0	0.0			0.0		0.0	0.0		0.0	0.0	0.0		0.0	0.0		0.44739	8.30829		0.0		0.0	0.0	0.00634		0.0	1.35664	0.0	0.0	15.65915			0.0	0.0		0.0	0.0	0.0	0.0001	0.0		0.0		0.0	0.0			0.0	0.0	0.0		0.0	0.0	0.0	0.0	0.0	0.0	0.53774	0.0	1.83434		0.0	0.0	0.0	0.0	0.0	0.0		0.0			0.8928	0.0	0.0	0.0	0.54057		23.27137	0.0	0.0		0.0	12.84863	5.80529	0.0	3.85318	5.06692	0.0	0.0	0.0	0.0	0.0		19.57089	0.00033	0.0	0.0	0.0		QP	prevail_cu_cfrna_162
0.0	0.0	0.0	0.0	0.0	0.0	0.0	0.0			0.0		0.0	0.0		0.0	0.0	0.0		0.0	0.0		0.81109	7.56242		0.0		0.0	0.0	0.09938		0.0	1.17582	0.0	0.0	11.48867			0.0	0.0		0.0	0.0	0.0	0.0	0.0		0.0		0.0	0.0			0.0	0.0	0.0		0.0	0.0	0.0	0.0	0.0	0.0	1.07986	0.0	2.55795		0.0	0.0	0.0	0.0	0.0	0.0		0.0			1.47556	0.0	0.0	0.0	1.01441		23.23261	0.0	0.0		0.0	12.59268	5.07641	0.0	5.68335	4.47702	0.0	0.0	0.0	0.0	0.0		21.45891	0.21384	0.0	0.0	0.0		QP	prevail_cu_cfrna_151
0.0	0.0	0.0	0.0	0.0	0.0	0.0	0.0			0.0		0.0	0.0		0.0	0.0	0.0		0.0	0.0		1.25399	12.9237		0.0		0.0	0.0	0.82112		0.0	4.01271	1.29344	0.00061	10.33728			0.0	0.0		0.0	0.0	0.0	2.13252	0.0		0.0		0.0	0.0			0.0	0.0	0.0		0.0	0.0	0.0	0.0	0.0	0.0	2.76164	0.23701	2.93995		0.0	0.17958	0.0	0.0	1.4725	0.0		0.0			1.88439	0.0	0.0	0.0	1.5864		11.96261	0.0	0.0		0.0	4.11381	8.31222	0.0	0.0	10.22881	0.0	4.06616	0.0	0.0	0.0		16.6394	0.84012	0.0	0.0	0.0		QP	prevail_cu_cfrna_170
0.0	0.0	0.0	0.0	0.0	0.0	0.0	0.0			0.0		6.15955	0.0		0.0	0.0	0.0		0.0	0.0		3e-05	5.00678		0.0		0.0	0.0	0.0		0.0	1.61028	1.02539	0.0	18.80505			0.0	0.0		0.0	1.97118	0.0	1.57597	0.0		0.0		0.0	0.0			0.0	0.0	0.0		0.0	0.0	0.0	0.0	0.0	0.0	1e-05	0.0	1.00483		0.0	0.0	0.0	0.0	0.0	0.0		0.0			0.16708	0.0	0.0	0.0	0.15475		18.0955	0.0	0.0		0.0	9.37545	5.77918	0.0	4.9005	6.4006	0.0	3e-05	0.0	0.0	0.0		17.96784	0.0	0.0	0.0	0.0		QP	prevail_cu_cfrna_148
0.0	0.0	0.0	0.0	0.0	0.0	0.0	0.0			0.0		0.0	0.0		0.0	0.0	0.0		0.0	0.0		0.50342	8.9411		0.0		0.0	0.0	0.2365		0.0	2.35715	2.11178	0.0	15.54301			0.0	0.0		0.0	0.0	0.0	1.68692	0.0		0.0		0.0	0.0			0.0	0.0	0.0		0.0	0.0	0.0	0.0	0.0	0.0	2.9049	0.0	1.9086		0.0	0.0	0.0	0.0	0.0	0.0		0.0			0.93589	0.0	0.0	0.0	0.7095		17.56157	0.0	0.0		0.0	8.00137	6.29993	0.0	4.42045	6.83117	0.0	0.0	0.0	0.0	0.0		18.96619	0.08054	0.0	0.0	0.0		QP	prevail_cu_cfrna_149
0.0	0.0	0.0	0.0	0.0	0.0	0.0	0.0			0.0		4.59438	0.0		0.0	0.0	0.0		0.0	0.0		0.0	6.41837		0.0		0.0	0.0	0.0		0.0	2.24674	3.44786	0.0	13.015			0.0	0.0		0.0	1.88127	0.0	0.84573	0.0		0.0		0.0	0.0			0.0	0.0	0.0		0.0	0.0	0.0	0.0	0.0	0.0	2.7637	0.0	0.79893		0.0	0.0	0.0	0.0	0.0	0.0		0.0			0.00029	0.0	0.0	0.0	7e-05		17.41685	0.0	0.0		0.0	8.68894	5.65938	0.0	6.66004	7.1365	0.0	2e-05	0.0	0.0	0.0		18.42571	0.0	0.00022	0.0	0.0		QP	prevail_cu_cfrna_164
0.0	0.0	0.0	0.0	0.0	0.0	0.0	0.0			0.0		0.00174	0.0		0.0	0.0	0.0		0.0	0.0		0.44965	9.32553		0.0		0.0	0.0	1e-05		0.0	2.166	1e-05	0.0	14.98002			0.0	0.0		0.0	0.0	0.0	2.69476	0.0		0.0		0.0	0.0			0.0	0.0	0.0		0.0	0.0	0.0	0.0	0.0	0.0	2.00357	0.0	1.66098		0.0	0.0	0.0	0.0	0.0	0.0		0.0			0.81387	0.0	0.0	0.0	0.78445		19.93564	0.0	0.0		0.0	10.387	6.5528	0.0	4.36471	6.6888	0.0	0.0	0.0	0.0	0.0		17.18963	0.00082	0.0	0.0	0.0		QP	prevail_cu_cfrna_165
0.0	0.0	0.0	0.0	0.0	0.0	9.45236	0.0			0.0		19.28185	0.0		0.0	0.0	0.0		0.0	0.0		0.0	0.0		0.0		0.0	0.0	0.0		0.0	0.0	5.42434	0.0	45.67205			0.0	0.0		0.0	9e-05	0.0	0.0	0.0		0.0		0.0	0.0			0.0	0.0	0.0		0.0	0.0	0.0	0.0	0.0	0.0	0.0	0.0	0.0		0.0	0.0	0.0	0.52482	0.0	0.0		0.0			0.0	0.0	0.0	0.0	0.0		1.95972	0.0	0.0		0.0	2.08213	3e-05	0.0	0.11164	3.20696	0.0	0.0	0.0	0.0	0.0		12.28397	0.0	0.0	0.0	0.0		QP	prevail_cu_cfrna_171
0.0	0.0	0.0	0.0	0.0	0.0	0.0	0.0			0.0		0.0	0.0		0.0	0.0	0.0		0.0	0.0		1.35988	12.0572		0.0		0.0	0.0	0.82108		0.0	3.6626	4.58766	0.00056	10.41525			0.0	0.0		0.0	0.0	1e-05	3.13951	0.0		0.0		0.0	0.0			0.0	0.0	0.0		0.0	0.0	0.0	0.0	0.0	0.0	4.38513	0.27309	2.97265		0.0	4e-05	0.00244	5e-05	1.94142	0.0		0.0			1.98453	0.0	0.0	0.0	1.26378		12.28348	0.0	0.0		0.0	4.04915	7.41171	0.0	0.0	9.57429	0.0	1.93988	0.0	0.0	0.0		15.0553	0.81933	0.0	0.0	0.0		QP	prevail_cu_cfrna_152
0.0	0.0	0.0	0.0	0.0	0.0	0.72386	0.0			0.0		9.36105	0.0		0.0	0.0	0.0		0.0	0.0		0.30192	16.81153		0.0		0.0	0.0	0.48253		0.0	3.89178	0.0	0.0	11.5346			0.0	0.0		0.0	3.81012	0.0	1.27643	0.0		0.0		0.0	0.0			0.0	0.0	0.0		0.0	0.0	0.0	0.0	0.0	0.0	0.0	0.0	1.41352		0.0	0.86598	0.0	0.0	0.0	0.0		0.0			0.78627	0.0	0.0	0.0	0.97379		9.95641	0.0	0.0		0.0	7.35177	6.99498	0.0	0.0	8.1052	0.0	4.95768	0.0	0.0	0.0		10.3756	0.02499	0.0	0.0	0.0		QP	prevail_cu_cfrna_174
0.0	0.20354	0.0	0.0	1.11709	0.0	0.0	0.0			0.0		0.0	0.0		0.00027	0.0	0.0		0.0	0.0		9e-05	3.58501		5.04484		0.0	0.0	0.0		0.0	5.14958	0.0	2e-05	24.73019			9.67091	0.0		0.65456	6.40526	0.0	0.0	0.0		0.0		0.0	0.0			0.0	0.0	0.0		0.0	0.0	0.0	0.0	2e-05	0.0	0.0	0.0	0.28766		0.0	0.0	0.0	0.0	3.08095	0.0		0.0			2e-05	0.0	0.0	0.0	0.01938		3.93356	0.0	2.43782		0.0	0.17935	3.76847	0.0	10.51839	9.97524	2.47501	0.0	0.0	0.0	0.0		0.0	0.0	0.0	5.7675	0.99525		QP	prevail_cu_cfrna_181
0.0	0.0	0.0	0.0	0.0	0.0	8.89636	0.0			0.0		18.95326	0.0		0.0	0.0	0.0		0.0	0.0		0.0	0.0		0.0		0.0	0.0	0.0		0.0	0.0	8.44387	0.0	43.60038			0.0	0.0		0.0	0.0	0.0	0.0	0.0		0.0		0.0	0.0			0.0	0.0	0.0		0.0	0.0	0.0	0.0	0.0	0.0	0.0	0.0	0.0		0.0	0.0	0.0	0.52442	0.0	0.0		0.0			0.0	0.0	0.0	0.0	0.0		0.0	0.0	0.0		0.0	1.70724	1.0561	0.0	0.0	4.60644	0.0	3.95099	0.0	0.0	0.0		8.26096	0.0	0.0	0.0	0.0		QP	prevail_cu_cfrna_183
0.0	0.0	0.0	0.0	0.0	0.0	0.0	0.0			0.0		0.0	0.0		0.0	0.0	0.0		0.0	0.0		1.26914	13.57693		0.0		0.0	0.0	0.60993		0.0	3.68996	5.25515	0.0	11.00067			0.0	0.0		0.0	0.0	0.0	3.18517	0.0		0.0		0.0	0.0			0.0	0.0	0.0		0.0	0.0	0.0	0.0	0.0	0.0	5.12572	0.11145	2.74521		0.0	0.09462	0.0	0.0	2.17438	0.0		0.0			1.86845	0.0	0.0	0.0	1.06766		12.44375	0.0	0.0		0.0	5.1924	6.76588	0.0	0.0	8.25322	0.0	3.27299	0.0	0.0	0.0		11.67263	0.62469	0.0	0.0	0.0		QP	prevail_cu_cfrna_175
0.0	0.0	0.0	0.0	0.0	0.0	0.0	0.0			0.0		0.99189	0.0		0.0	0.0	0.0		0.0	0.0		1.08504	14.66799		0.0		0.0	0.0	0.80562		0.0	3.64253	0.64135	3e-05	12.46182			0.0	0.0		0.0	0.5272	0.0	2.51627	0.0		0.0		0.0	0.0			0.0	0.0	0.0		0.0	0.0	0.0	0.0	0.0	0.0	1.86274	0.1933	2.61263		0.0	1.03017	0.0	0.0	0.3328	0.0		0.0			1.79453	0.0	0.0	0.0	1.37401		12.31501	0.0	0.0		0.0	5.882	7.75563	0.0	0.0	9.2157	0.0	4.26681	0.0	0.0	0.0		13.20228	0.82265	0.0	0.0	0.0		QP	prevail_cu_cfrna_177
0.0	0.0	0.0	0.0	0.0	0.0	0.7466	0.0			0.0		0.00079	0.0		0.0	0.0	0.0		0.0	0.0		2.42253	11.72916		0.0		0.0	0.0	2.61373		0.0	4.79042	1e-05	1.48619	10.34927			0.0	0.0		0.0	2.40768	1.30653	3.31479	0.0		0.0		0.0	0.0			0.0	2e-05	0.0		0.0	0.0	0.0	0.0	0.18628	0.0	2.02004	2.09866	4.0736		0.0	2.25241	1.11984	0.0	3.3313	0.0		0.0			3.49848	0.0	0.0	0.0	1.98195		3.66351	0.0	0.0		0.0	0.07491	7.50789	0.0	0.0	10.59523	0.0	4.72449	0.0	0.0	0.0		9.42378	2.2799	0.0	0.0	0.0		QP	prevail_cu_cfrna_179
0.0	0.0	0.0	0.0	0.0	0.0	0.0	0.0			0.0		0.0	0.0		0.0	0.0	0.0		0.0	0.0		1.19803	11.59031		0.0		0.0	0.0	0.76005		0.0	4.95667	4.06726	0.12314	11.29849			0.0	0.0		0.0	0.0	1e-05	2.01818	0.0		0.0		0.0	0.0			0.0	0.0	0.0		0.0	0.0	0.0	0.0	0.0	0.0	4.23593	0.2186	2.74634		0.0	5e-05	0.00073	0.65971	2.04593	0.0		0.0			1.70962	0.0	0.0	0.0	1.46647		10.68703	0.0	0.0		0.0	3.75189	7.04259	0.0	2.4506	9.61246	0.0	1.36584	0.0	0.0	0.0		15.29059	0.70344	0.0	0.0	0.0		QP	prevail_cu_cfrna_182
0.0	0.0	0.0	0.0	0.0	0.0	5.7627	0.0			0.0		12.37176	0.0		0.0	0.0	0.0		0.0	0.0		0.0	12.66469		0.0		0.0	0.0	0.0		0.0	2.08771	1.75133	0.0	21.18977			0.0	0.0		0.0	3.54266	0.0	0.0	0.0		0.0		0.0	0.0			0.0	0.0	0.0		0.0	0.0	0.0	0.0	0.0	0.0	0.0	0.0	0.0		0.0	0.0	0.0	0.0	0.0	0.0		0.0			0.0	0.0	0.0	0.0	0.0		7.80894	0.0	0.0		0.0	4.84724	5.70376	0.0	0.0	6.89019	0.0	6.11319	0.0	0.0	0.0		9.26605	0.0	0.0	0.0	0.0		QP	prevail_cu_cfrna_185
0.0	0.0	0.0	0.0	0.0	0.0	0.0	0.0			0.0		2.05674	0.0		0.0	0.0	0.0		0.0	0.0		0.0	6.64872		0.0		0.0	0.0	0.0		0.0	0.55388	0.0	0.0	13.51457			0.0	0.0		0.0	0.0	0.0	1e-05	0.0		0.0		0.0	0.0			0.0	0.0	0.0		0.0	0.0	0.0	0.0	0.0	0.0	0.28824	0.0	0.12238		0.0	0.0	0.0	0.0	0.0	0.0		0.0			0.0	0.0	0.0	0.0	0.0		20.1494	0.0	0.0		0.0	9.75639	4.88066	0.0	7.12786	5.77492	0.0	0.0	0.0	0.0	0.0		22.51945	0.0	6.60678	0.0	0.0		QP	prevail_cu_cfrna_228
0.0	0.0	0.0	0.0	0.0	0.0	0.0	0.0			0.0		0.0	0.0		0.0	0.0	0.0		0.0	0.0		0.5429	10.17704		0.0		0.0	0.0	0.16806		0.0	2.98316	4.08335	0.0	14.88622			0.0	0.0		0.0	1.9869	0.0	1.87541	0.0		0.0		0.0	0.0			0.0	0.0	0.0		0.0	0.0	0.0	0.0	0.0	0.0	3.62756	0.0	1.91567		0.0	0.0	0.0	2e-05	0.51575	0.0		0.0			0.99922	0.0	0.0	0.0	0.91588		13.55869	0.0	0.0		0.0	5.30689	7.0306	0.0	1.91481	8.98169	0.0	2.66895	0.0	0.0	0.0		15.74771	0.11353	0.0	0.0	0.0		QP	prevail_cu_cfrna_230
0.0	0.0	0.0	0.0	0.0	0.0	0.0	0.0			0.0		0.0	0.0		0.0	0.0	0.0		0.0	0.0		1.84347	14.84478		0.0		0.0	0.0	1.58215		0.0	4.27859	2.32353	0.54783	10.25417			0.0	0.0		0.0	4e-05	0.31287	1.35702	0.0		0.0		0.0	0.0			0.0	0.0	0.0		0.0	0.0	0.0	0.0	0.0	0.0	3.47828	1.24219	3.55364		0.0	1.75896	0.44146	0.0	4.52786	0.0		0.0			2.8379	0.0	0.0	0.0	1.61601		6.44904	0.0	0.0		0.0	0.0894	8.14662	0.0	0.0	10.86376	0.0	7.59344	0.0	0.0	0.0		8.56028	1.4967	0.0	0.0	0.0		QP	prevail_cu_cfrna_191
0.0	0.0	0.0	0.0	0.0	0.0	0.0	0.0			0.0		0.0	0.0		0.0	0.0	0.0		0.0	0.0		1.99763	11.95921		0.0		0.0	0.0	1.57494		0.0	4.17883	0.0	0.99077	9.51939			0.0	0.0		0.0	0.94118	0.48273	3.82849	0.0		0.0		0.0	0.0			0.0	0.0	0.0		0.0	0.0	0.0	0.0	0.004	0.0	2.16946	1.23489	3.60569		0.0	1.19706	0.66829	0.0	1.60395	0.0		0.0			2.78848	0.0	0.0	0.0	1.74195		9.95237	0.0	0.0		0.0	4.23817	7.81246	0.0	0.0	10.49854	0.0	1.97167	0.0	0.0	0.0		13.3631	1.67675	0.0	0.0	0.0		QP	prevail_cu_cfrna_192
0.0	0.0	0.0	0.0	0.0	0.0	0.0	0.0			0.0		0.0	0.0		0.0	0.0	0.0		0.0	0.0		0.20356	15.5843		0.0		0.0	0.0	0.0		0.0	2.95048	3.09459	0.0	13.0509			0.0	0.0		0.0	0.45409	0.0	0.88954	0.0		0.0		0.0	0.0			0.0	0.0	0.0		0.0	0.0	0.0	0.0	0.0	0.0	4.25688	0.0	1.49463		0.0	0.22288	0.0	0.0	1.11717	0.0		0.0			0.57734	0.0	0.0	0.0	0.41846		12.0359	0.0	0.0		0.0	4.60309	7.70368	0.0	1.28157	10.11966	0.0	4.07567	0.0	0.0	0.0		15.8656	0.0	0.0	0.0	0.0		QP	prevail_cu_cfrna_193
0.0	0.0	0.0	0.0	0.0	0.0	0.0	0.0			0.0		0.0	0.0		0.0	0.0	0.0		0.0	0.0		0.167	18.7178		0.0		0.0	0.0	0.11166		0.0	3.71903	7.68098	0.0	8.02818			0.0	0.0		0.0	0.0	0.0	0.23856	0.0		0.0		0.0	0.0			0.0	0.0	0.0		0.0	0.0	0.0	0.0	0.0	0.0	5.26249	0.0	1.7582		0.0	0.0	0.0	2.13984	3.25599	0.0		0.0			0.51388	0.0	0.0	0.0	0.38936		8.05731	0.0	0.0		0.0	2e-05	6.5157	0.0	2.35092	10.69311	0.0	1.79294	0.0	0.0	0.0		18.60703	0.0	0.0	0.0	0.0		QP	prevail_cu_cfrna_194
0.0	0.0	0.0	0.0	0.0	0.0	0.0	0.0			0.0		0.0	0.0		0.0	0.00015	0.0		0.0	0.0		2.34845	10.74988		0.0		0.0	0.0	2.21999		0.0	5.08329	1.59879	1.09199	9.82215			0.0	0.0		1e-05	0.0	0.71925	3.90885	0.0		0.0		0.0	0.0			0.0	5e-05	0.0		0.0	0.0	0.0	0.0	0.35004	0.0	7.38234	1.77781	4.04781		0.0	0.82502	0.89055	0.0	3.02874	0.0		0.0			3.10538	0.0	0.0	0.0	1.98493		6.40481	0.0	0.0		0.0	2.35847	6.086	0.0	0.0	8.97455	0.0	0.80423	0.0	0.0	0.0		12.47301	1.96345	0.0	0.0	0.0		QP	prevail_cu_cfrna_195
0.0	0.0	0.0	0.0	0.0	0.0	0.0	0.0			0.0		0.0	0.0		0.0	0.0	0.0		0.0	0.0		1.54894	14.50053		0.0		0.0	0.0	1.14202		0.0	4.02032	4.151	0.38192	10.45258			0.0	0.0		0.0	2e-05	2e-05	2.31257	0.0		0.0		0.0	0.0			0.0	0.0	0.0		0.0	0.0	0.0	0.0	0.0	0.0	3.38831	0.71946	3.16282		0.0	0.87841	0.18375	0.0	4.11225	0.0		0.0			2.29407	0.0	0.0	0.0	1.42112		8.04503	0.0	0.0		0.0	0.66691	8.01913	0.0	0.0	10.72255	0.0	4.75191	0.0	0.0	0.0		12.01231	1.11207	0.0	0.0	0.0		QP	prevail_cu_cfrna_196
0.0	0.0	0.0	0.0	0.0	0.0	9.67097	0.0			0.0		7.58761	0.0		0.0	0.0	0.0		0.0	0.0		9e-05	20.53168		0.0		0.0	1e-05	0.56417		0.0	3.68186	0.0	0.0	15.57464			0.0	0.0		0.0	2.37494	0.0	6e-05	0.0		0.0		0.0	0.0			0.0	0.0	0.0		0.0	0.0	0.0	0.0	0.0	0.0	0.0	0.0	0.88686		0.0	1.06126	0.0	0.0	0.0	0.0		0.0			0.34229	0.0	0.0	0.0	0.40227		1.67512	0.0	0.0		0.0	2.62822	7.54503	0.0	0.0	9.40102	0.0	7.44258	0.0	0.0	0.0		8.62931	0.0	0.0	0.0	0.0		QP	prevail_cu_cfrna_197
0.0	0.0	0.0	0.0	0.0	0.0	6e-05	0.0			0.0		6.32346	0.0		0.0	0.0	0.0		0.0	0.0		0.5651	14.20336		0.0		0.0	0.0	0.72326		0.0	3.10617	0.0	0.0	12.48735			0.0	0.0		0.0	1.85039	0.0	1.14909	0.0		0.0		0.0	0.0			0.0	0.0	0.0		0.0	0.0	0.0	0.0	0.0	0.0	0.0	0.0	1.78176		0.0	0.12235	0.0	0.0	0.0	0.0		0.0			1.10234	0.0	0.0	0.0	1.10717		12.72014	0.0	0.0		0.0	6.59112	7.81837	0.0	0.0	9.35084	0.0	5.43622	0.0	0.0	0.0		13.42341	0.13804	0.0	0.0	0.0		QP	prevail_cu_cfrna_272
0.0	0.0	0.0	0.0	0.0	0.0	11.91377	0.0			0.0		19.04823	0.0		0.0	0.0	0.0		0.0	0.0		0.0	13.17481		0.0		4.31984	1.02187	0.16165		0.0	4.38549	2.34791	0.0	8.39001			0.0	0.0		0.0	12.85904	0.0	0.0	0.0		0.0		0.0	0.0			0.0	0.0	0.0		0.0	0.0	0.0	0.0	0.0	0.0	0.0	0.0	0.0		0.0	0.0	0.0	0.0	0.0	0.0		0.0			0.0	0.0	0.36173	0.0	0.0		0.0	0.0	0.0		0.0	0.0	3.77171	0.0	0.0	8.6442	0.0	4.78685	0.0	0.0	0.0		4.8129	0.0	0.0	0.0	0.0		QP	prevail_cu_cfrna_278
0.0	0.0	0.0	0.0	0.0	0.0	1e-05	0.0			0.0		0.20994	0.0		0.0	0.0	0.0		0.0	0.0		0.79969	19.95722		0.0		0.0	0.0	0.91378		0.0	4.42177	6.37333	1e-05	9.13219			0.0	0.0		0.0	0.99413	0.0	0.0	0.0		0.0		0.0	0.0			0.0	0.0	0.0		0.0	0.0	0.0	0.0	0.0	0.0	6.70745	0.02616	2.25252		0.0	1.35195	0.0	0.52987	3.36867	0.0		0.0			1.40997	0.0	0.0	0.0	0.8952		6.4761	0.0	0.0		0.0	1.20238	6.05307	0.0	0.0	9.93622	0.0	5.91799	0.0	0.0	0.0		10.58666	0.48372	0.0	0.0	0.0		QP	prevail_cu_cfrna_271
0.0	0.0	0.0	0.0	0.0	0.0	10.91017	0.0			0.0		17.41905	0.0		0.0	0.0	0.0		0.0	0.0		0.0	26.38479		0.0		1e-05	1e-05	2e-05		0.0	2.86405	0.39706	0.0	4.61248			0.0	0.0		0.0	7.67479	0.0	0.0	0.0		0.0		0.0	0.0			0.0	0.0	0.0		0.0	0.0	0.0	0.0	0.0	0.0	0.0	0.0	0.0		0.0	1e-05	0.0	0.0	0.0	0.0		0.0			0.0	0.0	0.0	0.0	0.0		0.0	0.0	0.0		0.0	0.0	4.72248	0.0	0.0	10.27733	0.0	7.25722	0.0	0.0	0.0		7.4805	0.0	0.0	0.0	0.0		QP	prevail_cu_cfrna_270
0.0	0.0	0.0	0.0	0.0	0.0	0.0	0.0			0.0		0.0	0.0		0.0	0.0	0.0		0.0	0.0		0.0	8.56989		0.0		0.0	0.0	0.0		0.0	1.79318	4.96936	0.0	22.61617			0.0	0.0		0.0	0.0	0.0	0.0	0.0		0.0		0.0	0.0			0.0	0.0	0.0		0.0	0.0	0.0	0.0	0.0	0.0	4.2646	0.0	0.23482		0.0	0.0	0.0	0.00019	0.0	0.0		0.0			0.0	0.0	0.0	0.0	0.0		16.96184	0.0	0.0		0.0	7.3102	4.73462	0.0	6.17428	5.14754	0.0	0.0	0.0	0.0	0.0		17.22326	0.0	4e-05	0.0	0.0		QP	prevail_cu_cfrna_234
0.0	0.0	0.0	0.0	0.0	0.0	5.64933	0.0			0.0		5.15931	0.0		0.0	0.0	0.0		0.0	0.0		0.32165	16.89567		1e-05		0.0	2e-05	0.97053		0.0	4.84892	0.02297	0.00541	21.56804			0.0	0.0		0.0	3.59154	1e-05	0.0001	0.0		0.0		0.0	0.0			0.0	0.0	0.0		0.0	0.0	0.0	0.0	0.0	0.0	0.0	5e-05	1.55488		0.0	2.5841	1e-05	0.0	1.74163	0.0		0.0			0.92754	0.0	0.0	0.0	0.76457		0.00018	0.0	0.0		0.0	1e-05	7.63808	0.0	0.0	10.71918	0.0	7.39373	0.0	0.0	0.0		7.44775	0.19474	0.0	0.0	1e-05		QP	prevail_cu_cfrna_235
0.0	0.0	0.0	0.0	0.0	0.0	4.38489	0.0			0.0		14.57136	0.0		0.0	0.0	0.0		0.0	0.0		0.0	27.46473		0.0		0.0	0.0	0.61193		0.0	5.08139	2.15731	0.0	8.45082			0.0	0.0		0.0	1.67269	0.0	0.0	0.0		0.0		0.0	0.0			0.0	0.0	0.0		0.0	0.0	0.0	0.0	0.0	0.0	0.0	0.0	0.56118		0.0	3.099	0.0	0.0	2.47327	0.0		0.0			0.00543	0.0	0.0	0.0	0.0		0.0	0.0	0.0		0.0	5e-05	5.95353	0.0	0.0	9.06665	0.0	6.41886	0.0	0.0	0.0		8.02692	0.0	0.0	0.0	0.0		QP	prevail_cu_cfrna_269
0.0	0.0	0.0	0.0	0.0	0.0	3.71514	0.0			0.0		0.16591	0.0		0.0	0.0	0.0		0.0	0.0		2.50361	12.70686		0.0		0.0	0.0	2.66686		0.0	5.21618	0.0	1.70344	10.10596			0.0	0.0		4e-05	0.89523	1.48111	4.18031	0.0		0.0		0.0	0.0			0.0	0.0	0.0		0.0	0.0	0.0	0.0	0.29746	0.0	0.0	2.27017	4.28304		0.0	3.03975	1.30105	0.0	3.01583	0.0		0.0			3.74398	0.0	0.0	0.0	1.96397		0.00338	0.0	0.0		0.0	0.0	7.90425	0.0	0.0	11.59962	0.0	5.14382	0.0	0.0	0.0		7.66867	2.42437	0.0	0.0	0.0		QP	prevail_cu_cfrna_236
0.00126	0.00541	0.00321	0.01405	0.0144	0.00492	0.00391	0.00614			0.00081		7.44022	0.03796		0.00122	1.80572	0.00455		0.00317	0.00192		0.00059	15.87951		3.84282		0.00155	0.00161	0.00467		0.00471	1.82494	0.00138	0.00289	31.25702			0.01095	0.0023		1.12893	0.00732	0.00068	0.00075	0.00954		0.00116		0.00153	2.69998			0.02558	0.00087	0.00221		0.001	0.00095	0.00181	0.00185	0.00145	0.00138	0.01354	0.00042	0.00163		0.00133	0.00969	0.0014	0.00374	0.00203	0.00149		0.0095			0.0004	0.00117	0.0029	0.00135	0.0007		0.0012	10.85833	0.00085		0.06051	0.00158	0.00428	0.00076	1.936	0.01342	0.00478	13.56255	0.00206	1.98848	0.00263		5.42686	0.00078	0.00291	0.0025	0.00747		BayesPrism	prevail_cu_cfrna_206
0.00825	0.00832	0.30635	0.39959	0.00539	4.94349	0.3416	0.03043			0.01026		14.18391	0.00133		0.00204	0.63411	0.0091		0.66454	3.29198		0.01134	35.54291		0.00199		1.03159	0.08514	0.00226		0.0017	4.872	0.00406	0.00195	6.1609			0.12609	0.00899		0.03556	0.00573	0.00411	0.00257	2.20344		0.00332		0.50681	4.52128			0.00202	0.02124	1.40493		0.0011	0.00707	0.02271	0.01882	0.00246	0.37864	0.00437	0.00085	0.00096		0.0043	0.00282	0.00133	0.10892	1.43375	0.94946		0.01338			0.00085	0.20254	0.98937	0.00688	0.00084		0.00252	2.28686	0.00512		0.04929	1.07489	0.00672	0.00945	1.63228	0.7334	0.37515	0.05172	0.00705	2.93279	0.00234		4.55091	0.03529	0.06896	0.00223	0.61897		BayesPrism	prevail_cu_cfrna_211
0.00839	0.01115	0.15005	0.32866	0.59087	2.9116	0.06849	0.02875			0.00207		12.49892	0.00459		0.00973	1.42503	0.00928		0.27864	0.01675		0.00114	25.59089		0.04469		0.49339	0.04815	0.00206		0.02765	4.46736	0.00287	0.00542	12.73479			0.13841	0.10033		0.74537	0.29074	0.00098	0.00369	0.0253		0.00377		0.07106	0.70774			0.00381	0.02149	0.34637		0.00116	0.01496	0.01016	0.00475	0.00306	0.05687	0.10344	0.00097	0.00113		0.00635	0.00267	0.00177	0.02196	1.10261	0.25232		0.04738			0.00711	0.0028	0.18957	0.01096	0.00148		0.05058	9.39238	0.00297		0.03259	0.37341	0.00382	0.00087	7.54565	1.27969	0.10917	0.78395	0.03083	3.26599	0.00155		10.42385	0.00307	0.06276	0.01167	0.56129		BayesPrism	prevail_cu_cfrna_223
0.00447	0.11192	0.22348	0.09745	0.61583	0.6554	0.2958	0.16595			0.00808		13.91061	0.00231		0.00409	0.75346	0.00521		0.56422	12.32665		0.00074	10.40195		0.00209		0.58198	0.16615	0.00137		0.00338	6.17303	0.0441	0.00304	8.48113			0.52712	0.00436		0.45925	2.57605	0.00081	0.06329	1.85437		0.00186		0.04822	0.63253			0.00631	0.04912	1.23609		0.0046	0.00322	0.02141	0.07268	0.00835	0.08058	0.01192	0.00112	0.0092		0.00094	0.00464	0.00347	0.01833	1.68323	0.38712		0.0159			0.00026	0.07098	0.81861	0.01669	0.00058		0.00239	6.72201	0.00136		0.02565	1.25942	0.00278	0.02835	3.75544	1.34507	0.26384	0.40004	0.00371	2.51688	0.00198		10.73941	0.00587	5.3229	0.78557	0.52023		BayesPrism	prevail_cu_cfrna_215
0.00148	0.00435	0.13483	0.10173	0.00534	0.00334	0.00433	0.00456			0.00112		8.37491	0.01081		0.00141	1.67792	0.01424		0.27336	0.00189		0.00055	16.07748		2.98996		0.00127	0.04221	0.00242		0.00165	3.50013	0.00343	0.00198	32.01951			0.14285	0.00171		1.50451	0.00695	0.00055	0.00129	0.00481		0.00143		0.00913	0.00477			0.01894	0.00827	0.00813		0.00124	0.00132	0.00198	0.00145	0.02324	0.00201	1.71287	0.00259	0.00082		0.00746	0.01787	0.00234	0.05026	0.26696	0.00579		0.00788			0.00137	0.00113	0.00236	0.0028	0.00048		0.0027	8.95849	0.00173		0.01375	0.00195	0.00208	0.00188	4.43345	0.04456	0.0954	8.66756	0.00216	1.6619	0.00274		6.81266	0.00953	0.00247	0.00244	0.19877		BayesPrism	prevail_cu_cfrna_202
0.00111	0.00701	0.01034	0.24877	0.70713	0.00592	0.00815	0.00628			0.00149		13.59235	0.00106		0.00218	0.94152	0.00121		0.04675	15.51999		0.00115	10.06292		0.01952		1.3703	0.0063	0.00836		0.01166	4.78392	0.00455	0.00118	12.52591			0.13147	0.00574		0.2456	1.33486	0.00089	0.0009	0.01019		0.00235		0.0288	1.13614			0.00422	0.00104	0.04509		0.00177	0.00176	0.00353	0.00638	0.00197	0.00396	0.01286	0.00064	0.00144		0.00078	0.04219	0.00136	0.00253	0.24344	0.1785		0.00453			0.00025	0.00144	1.03281	0.00785	0.001		0.00205	6.13297	0.001		0.0082	0.37386	0.01867	0.00152	5.38949	0.83085	0.01795	0.01372	0.00131	4.91694	0.00332		17.62163	0.0058	0.01021	0.2098	0.04539		BayesPrism	prevail_cu_cfrna_224
0.00785	0.77979	0.7934	0.65468	0.14285	0.00529	0.67496	0.3323			0.25838		9.54435	0.00167		0.00124	0.96208	0.11953		1.88466	3.00607		0.00411	15.47808		0.00662		0.01366	0.23878	0.00288		0.00224	7.98515	0.02876	0.00346	8.2635			0.54958	0.00857		0.97249	1.23462	0.01606	0.03495	1.36253		0.00366		0.34507	2.89298			0.00414	0.1512	0.61857		0.00166	0.03102	0.09474	0.03901	0.01178	1.43475	0.00364	0.00131	0.00456		0.01643	0.0031	0.00597	0.41499	2.59004	0.85735		0.01255			0.00044	0.02434	0.01948	5.00652	0.02831		0.00468	7.64546	0.0028		0.56883	0.89511	0.01169	0.00352	0.59581	0.55105	0.47464	0.01386	0.00399	3.00457	0.03898		5.85661	0.04416	6.61868	0.76144	2.91135		BayesPrism	prevail_cu_cfrna_199
0.00152	0.01236	0.0297	0.13691	0.00449	5.82071	0.0125	0.00379			0.00184		11.34037	0.00187		0.00169	1.16449	0.00717		0.1342	0.00478		0.00092	44.60098		0.00419		0.03291	0.0047	0.00139		0.0013	2.68528	0.00377	0.00431	11.77109			0.15106	0.015		0.10848	0.00787	0.00058	0.00248	0.1841		0.00284		0.02502	4.90555			0.00362	0.00114	0.13136		0.00352	0.00372	0.01919	0.01063	0.01477	0.01013	0.0026	0.00069	0.00071		0.00253	0.00298	0.00317	0.0024	0.09716	0.01096		0.00995			0.00222	0.00123	0.052	0.00385	0.00198		0.00293	2.79083	0.00332		1.52233	0.05686	0.00288	0.0076	0.20144	0.22774	0.0524	3.69545	0.00895	4.1904	0.00171		3.52385	0.01246	0.00697	0.00679	0.10038		BayesPrism	prevail_cu_cfrna_204
0.00139	0.00307	0.02622	0.00452	0.0027	0.00182	0.03171	0.01381			0.0019		9.82072	0.00109		0.0013	0.00426	0.00274		0.01796	7.84939		0.00053	22.6016		0.00079		2.80289	0.00118	0.00335		0.0023	2.61481	0.00241	0.00074	0.71085			0.00607	0.04195		0.00318	0.58976	0.00105	0.00073	3.67892		0.01004		0.00711	13.61404			0.00133	0.00106	0.02278		0.01544	0.00438	0.00192	0.00329	0.00089	0.00153	0.00094	0.00036	0.00044		0.00064	0.00107	0.00194	0.00219	0.00394	0.09846		0.00346			0.00021	0.002	3.1322	11.01719	0.42211		0.00112	0.50199	0.00113		0.00295	0.59748	0.25982	0.00442	0.0025	1.37533	0.00532	0.00112	0.00409	5.90572	0.00186		4.87554	0.0023	6.95271	0.28383	0.00208		BayesPrism	prevail_cu_cfrna_217
0.02182	0.9375	0.80576	0.74004	0.00476	1.85759	0.31354	0.02269			0.05618		11.4924	0.00152		0.00807	1.44807	0.21419		1.61197	0.01808		0.01007	27.22583		0.00265		0.02341	0.23591	0.00296		0.04299	7.03648	0.00248	0.08195	12.81327			0.56193	0.00422		0.59053	0.00534	0.03794	0.00227	1.02715		0.00163		0.43946	1.77533			0.0049	0.11212	1.25198		0.00124	0.0057	0.00483	0.00791	0.01752	0.91528	0.00866	0.00125	0.00144		0.04301	0.00735	0.00188	0.13222	3.12019	0.80659		0.0107			0.00595	0.03325	0.25028	0.00887	0.0006		0.00171	4.45567	0.00563		0.94261	0.58925	0.00281	0.01551	1.66174	0.00573	0.41233	2.97493	0.10631	2.04239	0.00255		6.43986	0.00432	0.00802	0.00239	2.09458		BayesPrism	prevail_cu_cfrna_216
0.00373	0.06077	0.18908	0.24817	0.01079	5.182	0.03261	0.00249			0.00304		11.85093	0.00233		0.00503	1.60599	0.04761		0.69655	0.00133		0.00063	33.67993		0.02064		0.00253	0.13159	0.00389		0.00379	4.08933	0.00217	0.06174	18.35414			0.23726	0.01038		1.02841	0.00538	0.00065	0.00164	0.00664		0.00167		0.15073	0.08409			0.00657	0.03231	0.52086		0.00317	0.00453	0.01374	0.00284	0.00966	0.43633	0.22142	0.001	0.00263		0.00633	0.00435	0.00333	0.00508	0.89336	0.22812		0.00494			0.0053	0.00604	0.00907	0.00495	0.04402		0.00269	3.54827	0.02392		4.52195	0.21617	0.00163	0.00592	1.44245	0.11946	0.20003	2.91643	0.12176	2.53395	0.00412		3.53009	0.00402	0.00266	0.00341	0.51144		BayesPrism	prevail_cu_cfrna_219
0.00408	0.68831	0.46675	0.27482	0.59613	0.03478	0.02324	0.01241			0.00138		6.81695	0.05487		0.01644	2.09392	0.01535		0.68546	0.0034		0.00161	9.19791		2.38508		0.00199	0.09039	0.00642		0.00232	5.93198	0.00716	0.01258	27.01732			1.45701	0.00324		3.36804	2.71172	0.00131	0.05218	0.00573		0.00618		0.06705	0.00657			0.0046	0.00398	0.00773		0.00097	0.01517	0.01031	0.00298	1.52416	0.00341	1.39544	0.00039	0.00109		0.01989	0.97713	0.00191	0.03288	1.89764	0.18458		0.00929			0.00073	0.00188	0.00319	0.00214	0.00074		0.12982	5.40886	0.0018		1.62922	0.01656	0.00405	0.00372	5.16023	0.06179	0.32481	7.41161	0.01113	0.94889	0.01213		6.34473	0.00352	0.00224	1.1427	1.15787		BayesPrism	prevail_cu_cfrna_220
0.00292	0.00138	0.05623	0.2858	0.85433	0.05814	0.02148	0.1547			0.0019		14.31946	0.00129		0.00193	1.53763	0.00351		0.18832	5.08665		0.00088	12.90524		0.00446		1.08465	0.0072	0.00212		0.00221	4.11686	0.00561	0.0028	10.59694			0.02136	0.04268		0.29518	0.55469	0.00331	0.00096	1.40244		0.00213		0.02732	2.92058			0.00313	0.007	0.23994		0.00383	0.0022	0.00363	0.01088	0.00086	0.00773	0.00249	0.00295	0.00098		0.00093	0.01585	0.00264	0.01781	0.6931	0.01701		0.00949			0.00022	0.00192	0.872	1.86574	0.00242		0.00215	10.56252	0.00167		0.00776	0.61195	0.00261	0.00279	2.79009	0.78322	0.07378	0.98237	0.00236	4.49132	0.00837		12.44051	0.00418	6.45913	0.23914	0.17399		BayesPrism	prevail_cu_cfrna_205
0.00125	0.00699	0.00961	0.43278	11.3786	4.97675	0.00424	0.00447			0.00086		7.40029	0.00361		0.00202	0.80903	0.00177		0.03712	13.24373		0.00056	21.34153		0.00507		0.0985	0.02506	0.00166		0.00421	3.77471	0.00233	0.00077	8.06979			0.07889	0.00508		0.19272	0.01974	0.00299	0.00085	0.00386		0.00269		0.01401	0.45929			0.00201	0.00075	0.21062		0.00091	0.00184	0.00202	0.00275	0.00295	0.00271	0.0082	0.0004	0.0005		0.00075	0.00321	0.00153	0.06127	0.0844	0.00405		0.00423			0.00042	0.00103	0.14552	0.82278	0.0007		0.00125	2.13526	0.00164		0.06041	0.53711	0.00408	0.00142	4.01979	1.80367	0.01646	0.00255	0.00264	4.781	0.00276		12.77142	0.00082	0.01815	0.0024	0.05417		BayesPrism	prevail_cu_cfrna_225
0.21402	1.50458	1.38488	1.21714	0.37507	0.25029	0.19149	0.00334			0.11103		0.42821	0.01093		0.00174	2.47735	2.14046		2.66098	0.00562		0.00102	26.68663		0.09792		0.00259	0.56991	0.0013		0.01704	9.67896	0.01169	0.00458	17.45184			0.29623	0.00234		1.07275	0.00342	0.01398	0.00456	0.00213		0.00323		0.71877	0.00423			0.00254	0.24372	0.79139		0.00269	0.00742	0.08655	0.00344	0.12117	0.98216	5.50562	0.00113	0.05961		0.04915	0.0289	0.01312	0.1763	4.45732	0.80983		0.00466			0.00112	0.08579	0.00582	0.00179	0.00079		0.0108	2.18913	0.00447		1.84423	0.39822	0.00268	0.00078	2.59917	0.35017	0.93681	2.03927	0.00618	1.18976	0.00497		2.18915	0.06721	0.00171	0.00132	3.09968		BayesPrism	prevail_cu_cfrna_212
0.00121	0.00661	0.28689	0.26165	0.0135	0.00399	0.02771	0.00719			0.00136		10.33595	0.00357		0.01801	1.07474	0.10643		0.6086	0.00187		0.00094	14.81095		2.16622		0.00127	0.07416	0.0014		0.00277	4.03699	0.01117	0.00523	31.36057			0.18929	0.00314		1.64758	0.00275	0.00133	0.00135	0.00674		0.00133		0.13204	0.26221			0.06421	0.03692	0.06261		0.00184	0.00166	0.00766	0.01758	0.00474	0.0028	0.34188	0.00184	0.00902		0.01	0.01124	0.00256	0.00296	0.3432	0.00507		0.00775			0.00097	0.00128	0.00986	0.01811	0.02907		0.00246	8.62414	0.00162		0.52301	0.00346	0.00235	0.0047	2.41968	0.18573	0.20218	10.94783	0.03572	2.05909	0.00209		5.84545	0.00298	0.00352	0.00238	0.65807		BayesPrism	prevail_cu_cfrna_203
0.00173	0.00393	0.22797	0.57146	0.5992	0.00989	0.0222	0.00752			0.0014		8.54258	0.00741		0.00152	1.34572	0.00385		0.28859	0.21227		0.00061	10.75705		0.7522		0.00264	0.11646	0.00523		0.00165	3.99124	0.0036	0.01628	27.1067			0.27146	0.0045		1.496	0.01022	0.00602	0.0012	0.901		0.0016		0.25745	1.81213			0.00923	0.00176	1.25645		0.00716	0.00152	0.01164	0.00372	0.01148	0.00254	0.00725	0.00047	0.00511		0.00289	0.00587	0.04072	0.01803	1.68563	0.07956		0.01443			0.00356	0.00151	0.11937	0.0064	0.00065		0.00738	11.83156	0.00108		0.02809	0.00998	0.00233	0.00601	2.56325	0.00344	0.10936	8.16629	0.00242	3.22698	0.00167		10.59588	0.01104	0.00718	0.00393	0.76269		BayesPrism	prevail_cu_cfrna_221
0.00899	0.00253	0.49405	0.45513	0.01471	0.00343	0.00424	0.00625			0.18806		10.4073	0.00195		0.00203	0.87227	0.00408		0.5695	4.04369		0.00158	19.12602		0.00243		1.766	0.0382	0.00156		0.00336	6.15638	0.02832	0.01651	8.27335			0.04381	0.18503		0.06443	0.00398	0.00508	0.00185	0.38114		0.00393		0.23178	6.32164			0.0029	0.00186	0.71853		0.00111	0.0034	0.0043	0.00538	0.0032	0.00615	0.0014	0.0004	0.00111		0.00144	0.00428	0.00173	0.00252	0.62836	0.29902		0.01203			0.00047	0.00374	3.01785	2.15319	0.0034		0.00086	13.59244	0.00157		0.00358	0.66353	0.07281	0.0369	0.04449	0.14237	0.2452	1.00022	0.00187	6.61073	0.00319		7.81789	0.02783	2.16449	0.00312	0.95458		BayesPrism	prevail_cu_cfrna_209
0.00253	0.02996	0.59505	0.00778	0.00105	0.29907	0.19188	0.05786			0.00563		4.45072	0.00097		0.001	0.0173	9.08752		1.0012	0.00142		0.00056	45.40563		0.00071		0.00186	0.06095	0.0008		0.0012	3.76138	0.00105	0.03754	4.50153			0.01729	0.0027		0.05594	0.00652	0.01488	0.38463	0.0053		0.00085		0.61744	0.00569			0.00167	0.18588	0.00667		0.00083	0.00155	0.05075	0.00119	0.30548	0.00228	0.01451	0.00102	0.00366		0.00297	0.00086	0.00128	0.32579	0.21324	0.38399		0.00782			0.0184	0.39552	0.0728	10.72295	0.03148		0.00125	0.00145	12.39348		0.00572	0.06011	0.00171	0.00126	0.18565	0.27588	0.56008	0.00077	1.0923	0.00545	0.00114		0.00136	0.00145	0.60542	0.24382	1.17374		BayesPrism	prevail_cu_cfrna_252
0.06594	0.00305	0.83184	0.88188	0.00338	0.00608	0.01545	0.02018			0.04627		13.41055	0.00163		0.00124	0.42219	0.27026		0.63	1.04362		0.00132	17.75526		0.002		1.97338	0.0397	0.00207		0.00153	5.87098	0.0262	0.13828	3.15457			0.13573	0.10982		0.24415	0.01473	0.0009	0.16083	0.15207		0.00432		0.07863	6.09398			0.00244	0.00566	0.35995		0.00169	0.02882	0.00452	0.03921	0.12077	0.00293	0.00124	0.00378	0.00819		0.00616	0.00383	0.00279	0.0061	0.73598	0.78779		0.00605			0.00194	0.09346	5.40498	9.8038	0.00055		0.00326	10.08652	0.0021		0.00444	1.47639	0.23683	0.00117	0.00699	0.64117	0.26441	0.00176	0.0025	2.40759	0.00223		5.61261	0.01634	6.95679	0.00262	1.22764		BayesPrism	prevail_cu_cfrna_320
0.00445	0.00726	0.56218	0.73034	0.00537	0.00658	0.00593	0.00674			0.01138		8.59932	0.00422		0.0022	0.59166	1.07741		0.42814	1.1418		0.00064	12.66227		0.00242		0.00223	0.00335	0.00145		0.0092	3.49538	0.00136	0.003	2.84522			0.49528	0.00791		0.1734	0.16601	0.00406	0.28619	0.00431		0.01727		0.00483	3.34059			0.00157	0.00147	0.00284		0.00282	0.0133	0.00328	0.0033	0.09049	0.65034	0.00547	0.00085	0.0035		0.00228	0.00314	0.01229	0.01501	0.65462	0.02267		0.00865			0.00119	0.00442	0.64921	38.35125	0.00583		0.00133	0.00218	0.15452		0.0207	1.24182	0.06988	0.03152	0.16318	1.3758	0.16502	0.01489	0.0046	1.2617	0.00184		7.76957	0.02112	9.26732	0.08276	1.12913		BayesPrism	prevail_cu_cfrna_315
0.00303	0.00215	0.00229	0.01672	0.00285	0.00234	0.00762	0.02406			0.00145		7.07153	0.00161		0.00127	0.0085	0.00392		0.00125	0.0148		0.00053	15.76236		0.00256		0.46207	0.00191	0.00051		0.00127	2.09956	0.00218	0.00116	0.95549			0.00181	0.00563		0.0025	4.33362	0.00062	0.00174	0.00397		0.00238		0.00145	4.52131			0.00184	0.00054	0.00301		0.00134	0.00493	0.00184	0.00635	0.00074	0.00426	0.00156	0.00044	0.0008		0.00064	0.00194	0.0015	0.00431	0.00271	0.00301		0.00364			0.00023	0.00427	3.02721	32.69512	0.44184		0.00151	2.38944	0.00084		0.00285	0.55004	0.51152	0.04635	0.00328	1.57771	0.00133	0.00395	0.00099	0.74051	0.00183		4.47116	0.00083	17.6311	0.4939	0.02677		BayesPrism	prevail_cu_cfrna_289
0.00213	0.00593	0.00201	0.06005	0.03511	0.03019	0.03472	0.02611			0.00172		17.08899	0.0028		0.00268	1.59559	0.00599		0.00317	5.07047		0.00074	8.11797		0.07339		0.16297	0.00816	0.00141		0.00175	2.90344	0.00274	0.00121	17.45812			0.05147	0.00566		0.27257	1.25416	0.00073	0.0011	0.73521		0.00237		0.0169	0.90968			0.04032	0.00151	0.00947		0.002	0.00196	0.005	0.00316	0.00256	0.00266	1.38786	0.00041	0.00098		0.00089	0.0026	0.00425	0.00899	0.55243	0.00395		0.00997			0.00024	0.00126	0.88716	1.61659	0.00198		0.00251	9.34883	0.23273		0.01326	0.06815	0.00334	0.00423	5.84708	0.67757	0.01256	2.29957	0.00552	0.6114	0.00442		18.19956	0.00264	0.42787	1.69968	0.04145		BayesPrism	prevail_cu_cfrna_293
0.00464	0.07294	0.33995	0.48761	0.00435	0.00427	0.08106	0.01171			0.03179		15.35074	0.01832		0.00205	1.09799	0.92841		0.44903	0.19714		0.00114	15.86488		0.00516		0.02945	0.06694	0.00251		0.02274	6.00107	0.00263	0.00207	6.40945			0.53373	0.00454		0.52058	3.18109	0.00104	0.1325	0.01615		0.00216		0.01853	1.86124			0.00205	0.00168	0.02419		0.00172	0.0027	0.00321	0.00498	0.31063	0.25223	0.0031	0.00045	0.00125		0.001	0.04885	0.00212	0.02057	0.8907	0.32608		0.00813			0.00311	0.06149	0.94916	20.677	0.00336		0.00174	2.4298	0.0075		0.21919	1.11021	0.09286	0.01983	0.79448	0.96929	0.20962	0.01084	0.01165	2.09232	0.00404		7.59244	0.01386	5.0932	0.41923	1.54656		BayesPrism	prevail_cu_cfrna_298
0.00399	0.00573	0.23606	0.61782	0.00281	0.00322	0.00617	0.01314			0.01218		13.08934	0.00834		0.00138	0.33694	0.00414		0.20946	4.20648		0.0005	12.56731		0.01042		0.57484	0.07755	0.00941		0.01013	5.53527	0.00299	0.00325	6.74877			0.44601	0.00336		0.32813	6.39853	0.00228	0.00578	0.0033		0.00989		0.07267	0.8246			0.00393	0.01831	0.23139		0.00408	0.00515	0.00319	0.00436	0.00451	0.13655	0.00368	0.00044	0.01074		0.00107	0.00459	0.00314	0.0051	0.89185	0.49029		0.00289			0.00027	0.01505	1.58783	12.58797	0.00199		0.00135	1.25943	0.00087		0.00465	1.35484	0.04464	0.00151	1.26172	1.0981	0.13377	0.04075	0.00243	1.92238	0.00244		12.46356	0.00369	11.0048	0.12486	0.8636		BayesPrism	prevail_cu_cfrna_319
0.00319	0.00339	0.07722	0.17986	0.00419	0.00896	0.01093	0.21176			0.00217		14.40649	0.01947		0.00935	1.23806	0.01605		0.09048	0.02066		0.00095	11.84863		0.59357		0.17636	0.01339	0.00167		0.00142	3.22543	0.00366	0.00127	14.46267			0.17145	0.03695		0.92225	4.39813	0.00065	0.0016	0.47055		0.00322		0.00681	1.65936			0.00414	0.00156	0.06449		0.00324	0.00355	0.00527	0.01108	0.00319	0.00508	0.00287	0.00067	0.00114		0.00095	0.02906	0.00554	0.00327	0.46863	0.04738		0.00441			0.00032	0.00219	0.5422	1.80695	0.00443		0.00252	13.46905	0.84819		0.00942	0.01184	0.02374	0.00227	6.32528	1.20535	0.00779	3.93471	0.00626	1.33237	0.01084		9.33683	0.00137	5.46829	0.59384	0.08618		BayesPrism	prevail_cu_cfrna_301
0.0047	0.0091	0.29873	0.18777	0.00326	0.01365	0.01524	0.30069			0.0073		14.44456	0.00374		0.005	1.04029	0.03059		0.45006	3.47532		0.00126	17.24037		0.00362		0.67734	0.03291	0.00164		0.01061	5.30121	0.0047	0.00167	7.99503			0.40859	0.00433		0.52872	1.16245	0.00806	0.19075	0.31329		0.00258		0.27016	3.83137			0.00464	0.00137	0.21551		0.00099	0.00492	0.00542	0.01086	0.10449	0.06249	0.00795	0.00331	0.00362		0.00256	0.01964	0.00235	0.00853	2.48845	0.47001		0.00631			0.00365	0.0181	0.03619	0.47296	0.00131		0.00222	11.24312	2.13622		0.04331	0.79544	0.08427	0.00087	2.62261	0.27283	0.21362	0.48567	0.06807	2.36564	0.00544		10.48385	0.00331	5.71854	0.57796	0.64076		BayesPrism	prevail_cu_cfrna_308
0.00186	0.00433	0.07872	0.043	0.00242	0.00223	0.00366	0.0039			0.00127		17.47064	0.03506		0.00136	2.4554	0.016		0.00694	0.00215		0.00052	11.59817		1.42234		0.00765	0.01128	0.00094		0.00372	2.23255	0.0027	0.00137	16.68839			0.06507	0.00339		0.76263	0.0092	0.00058	0.00088	0.00332		0.00154		0.00954	0.01092			1.08229	0.00104	0.00289		0.00189	0.00251	0.00396	0.0029	0.00142	0.00213	0.78052	0.00062	0.00164		0.0009	0.00524	0.00166	0.00849	0.05827	0.00305		0.00348			0.00028	0.00153	0.0511	1.0246	0.00049		0.00169	20.49223	0.00094		0.00691	0.02103	0.00421	0.00066	6.81627	0.33998	0.00194	3.67353	0.00139	0.73023	0.00447		11.85832	0.00093	0.00922	0.02446	0.00308		BayesPrism	prevail_cu_cfrna_300
0.00237	0.00316	0.12519	0.77434	0.00152	0.00211	0.00344	0.00279			0.05376		7.38789	0.00115		0.00129	0.00212	0.00377		0.17489	4.73948		0.0005	20.38531		0.00114		1.45831	0.04748	0.00199		0.00217	5.10059	0.00181	0.00956	0.83499			0.14674	0.00195		0.00286	0.73736	0.00074	0.00164	0.00427		0.00136		0.40518	8.67624			0.00125	0.00402	0.40909		0.00395	0.0026	0.00212	0.00552	0.00165	0.00148	0.00109	0.00033	0.00142		0.00055	0.00089	0.00188	0.00256	0.25309	1.78328		0.00194			0.00022	0.10487	4.29521	13.96663	0.26262		0.00095	2.71028	0.00074		0.00725	2.12585	0.14277	0.00176	0.01171	0.69839	0.22264	0.00072	0.00218	3.72394	0.00156		6.95213	0.0008	10.21963	0.01103	0.95597		BayesPrism	prevail_cu_cfrna_263
0.0012	0.94056	1.04959	0.26564	0.00436	0.00243	0.0034	0.00336			0.00227		0.0216	0.27549		0.0011	0.59898	0.25638		1.17163	0.00187		0.03313	4.62688		0.00483		0.00064	0.30367	0.00106		0.00199	5.19762	0.0036	0.06542	10.80421			0.44267	0.00121		1.07013	0.27621	0.0011	0.15489	0.00114		0.00074		0.0066	0.00151			0.00327	0.00853	0.00228		0.00083	0.00112	0.0033	0.00467	0.82079	2.29933	0.21043	0.00286	0.01698		0.001	0.00289	0.00097	0.07129	1.81345	0.04406		0.00331			0.0183	0.00226	0.00136	58.30365	0.00695		0.00425	0.0007	0.00228		0.00356	0.3265	0.30517	0.00079	1.2327	0.20925	0.65534	0.00154	0.00266	0.0063	0.00283		1.28839	0.00944	0.01871	0.00824	4.67837		BayesPrism	prevail_cu_cfrna_76
0.00495	0.00489	0.17957	0.22801	0.00394	0.00323	0.00781	0.00505			0.0453		4.83504	0.0042		0.00168	0.88019	0.42573		0.26566	0.00187		0.00055	25.64619		0.00624		0.00307	0.07117	0.00186		0.02114	4.40266	0.00292	0.00675	6.08991			0.06173	0.00528		0.54174	1.29708	0.00555	0.14505	0.00184		0.00978		0.10275	0.08947			0.00228	0.00114	0.01957		0.00149	0.01346	0.0023	0.00234	0.00441	0.06524	0.00274	0.0004	0.00077		0.00098	0.00433	0.0009	0.0498	0.27686	0.1375		0.00301			0.00176	0.0039	0.72766	37.33469	0.15097		0.0024	0.00273	0.38583		0.08114	0.98649	0.70517	0.00581	1.46952	1.39787	0.0434	0.01127	0.00144	1.00228	0.00163		5.14906	0.00499	2.7339	0.37573	1.42101		BayesPrism	prevail_cu_cfrna_304
0.02595	0.00693	0.72232	0.67018	0.00485	0.0035	0.07046	0.01091			0.05142		14.74133	0.00411		0.00237	0.56273	0.0046		1.00007	3.06007		0.0012	7.69958		0.00157		0.86894	0.12963	0.00194		0.17888	7.62899	0.00273	0.00597	2.73702			0.08074	0.00811		0.41611	3.54123	0.01063	0.09333	0.01886		0.00357		0.66447	3.43452			0.00159	0.00619	0.4575		0.00311	0.14111	0.00633	0.01334	0.00385	0.40338	0.00194	0.0126	0.03152		0.0029	0.00522	0.00265	0.12895	2.25147	0.97499		0.00238			0.00051	0.00356	1.89672	8.13141	0.00103		0.00161	8.16272	0.00163		0.00407	1.44581	0.02514	0.02251	0.02497	0.41723	0.4646	0.00313	0.00467	0.66546	0.03001		5.3605	0.02202	16.68706	1.46951	2.23329		BayesPrism	prevail_cu_cfrna_305
0.00121	1.53227	0.54506	0.01264	0.00188	0.76667	0.46272	0.00176			0.00079		0.78678	0.14384		0.0018	0.36863	0.00669		0.70179	0.00216		0.0006	20.7897		0.00125		0.00072	0.00453	0.00213		0.00117	4.92442	0.00077	0.02762	6.98365			1.29442	0.001		1.16632	4.60992	0.01416	14.88828	0.00134		0.00092		0.00141	3.04921			0.00158	0.14215	0.00351		0.00157	0.00101	0.00155	0.00112	18.08312	0.00089	0.02304	0.00038	0.00112		0.00103	0.00127	0.00094	0.00623	1.16749	0.07626		0.00178			0.0003	0.00118	0.00081	11.74769	0.00161		0.00323	0.00116	1.03258		0.00988	0.13557	0.00124	0.00089	1.17003	0.43253	0.38466	0.00064	0.00214	0.03563	0.00081		0.00435	0.00103	0.00453	0.95364	1.45757		BayesPrism	prevail_cu_cfrna_81
0.00557	0.00671	0.32055	0.17092	0.00233	0.00196	0.01269	0.00937			0.06838		8.76979	0.14954		0.00248	0.37715	2.51682		0.78779	0.00555		0.03595	22.50203		0.00308		0.00998	0.02478	0.00198		0.00172	5.14191	0.00163	0.00794	4.90448			0.52616	0.00287		0.36377	1.12516	0.0008	0.55359	0.00675		0.00178		0.80365	0.74697			0.00196	0.01135	0.00518		0.00272	0.1573	0.00166	0.00281	0.01234	0.34042	0.00329	0.00039	0.01665		0.00362	0.00494	0.01224	0.0028	1.98661	0.263		0.00332			0.002	0.0035	0.26951	27.9841	0.01833		0.0019	0.00356	0.00776		0.0086	2.68478	0.08152	0.09975	0.13303	0.00442	0.25933	0.0045	0.00174	1.31787	0.00269		8.24085	0.04882	4.5069	0.00402	1.50333		BayesPrism	prevail_cu_cfrna_82
0.00641	0.00242	0.2691	0.51515	0.00134	0.00288	0.00531	0.0053			0.0078		5.25254	0.00408		0.00122	0.13592	0.19798		0.27565	2.12958		0.00079	22.44625		0.00137		0.00678	0.00753	0.00192		0.01719	3.91004	0.01599	0.00434	1.52364			0.13965	0.00241		0.26286	0.64122	0.00576	0.25259	0.00337		0.00888		0.09191	1.18126			0.00139	0.00301	0.06315		0.00127	0.00996	0.00234	0.00245	0.09342	0.17722	0.00134	0.00039	0.00069		0.00548	0.00224	0.0033	0.00136	0.66489	0.21394		0.00351			0.00049	0.00745	1.4186	36.85718	0.14224		0.00101	0.00304	0.0018		0.00269	1.74868	0.29225	0.04238	0.01877	0.26171	0.0803	0.00189	0.00231	4.11004	0.00142		10.81224	0.00136	2.37374	0.00336	1.22527		BayesPrism	prevail_cu_cfrna_83
0.00394	0.02022	0.57404	1.23746	0.00371	0.00196	0.01927	0.00322			0.07124		5.3349	0.00161		0.00182	0.39497	0.0019		1.08069	23.03932		0.00052	9.40892		0.00122		0.01021	0.06761	0.01591		0.0313	9.26824	0.00128	0.00196	1.41335			0.63182	0.00228		0.11874	1.81351	0.00071	0.0022	0.00304		0.00758		0.41571	0.31097			0.00157	0.172	1.46552		0.00073	0.01139	0.00346	0.00223	0.00885	0.00602	0.00659	0.00964	0.00067		0.00065	0.00132	0.00144	0.0112	2.35495	0.79466		0.00404			0.00329	0.00891	1.3836	12.86067	0.06058		0.00221	0.01748	0.00106		0.01085	2.3624	0.01876	0.0087	0.20363	1.21481	0.4457	0.00079	0.00153	4.68662	0.00215		8.79454	0.00875	5.4281	0.09103	2.20952		BayesPrism	prevail_cu_cfrna_260
0.00425	0.4624	0.2739	0.08826	0.00314	12.47763	2.01213	0.00234			0.00723		5.09975	0.00109		0.00229	1.22139	0.00422		0.43986	0.00182		0.00107	59.70595		0.00122		0.01272	0.07914	0.00853		0.00171	2.96891	0.00521	0.00758	6.7482			0.00849	0.00284		0.09959	0.00206	0.00098	0.00284	0.00356		0.00221		0.1124	0.07893			0.002	0.08303	0.32985		0.00109	0.0028	0.2402	0.00144	0.02239	0.32759	0.65215	0.00041	0.01308		0.012	0.00202	0.00194	0.39671	0.39559	0.33395		0.00774			0.00072	0.00166	0.02404	0.0023	0.20728		0.00367	0.00184	0.00439		1.57601	0.14013	0.00203	0.01252	0.00716	0.87582	0.1403	0.00548	0.50626	1.15291	0.00226		0.08793	0.00091	0.00283	0.05872	0.40101		BayesPrism	prevail_cu_cfrna_226
0.0238	0.18851	0.36038	0.3426	0.00425	0.00401	1.0024	0.01045			0.01448		13.51331	0.00307		0.00199	0.6231	0.42743		0.74626	0.75478		0.00291	10.10693		0.00259		1.1053	0.34983	0.06855		0.02783	6.82414	0.00177	0.06246	8.69323			0.30618	0.00703		0.89326	0.70981	0.00092	0.04714	0.66983		0.00233		1.30701	4.04862			0.00439	0.14439	1.01966		0.00167	0.00866	0.00721	0.00881	0.04261	0.12885	0.02072	0.00397	0.00103		0.00361	0.01655	0.00223	0.02007	4.27301	2.12493		0.01057			0.00056	0.48114	0.82709	0.00992	0.00059		0.04172	13.91819	0.00268		0.00772	1.49472	0.00347	0.00178	1.93576	0.3047	0.36794	0.01017	0.00614	0.21627	0.03141		8.06509	0.03494	8.84382	0.28557	2.00719		BayesPrism	prevail_cu_cfrna_321
0.0019	0.00308	0.03887	0.46469	0.0025	0.00443	0.00366	0.00271			0.00167		13.22579	0.00249		0.00094	0.3238	0.00232		0.18844	35.1658		0.00098	9.03273		0.00141		0.8555	0.00325	0.00511		0.00165	5.59225	0.01095	0.00623	2.27856			0.24638	0.00808		0.0036	1.4435	0.00128	0.003	0.00376		0.00156		0.02524	2.13245			0.00158	0.00098	0.06746		0.00129	0.00235	0.00169	0.00208	0.00411	0.00229	0.00148	0.00034	0.00056		0.00062	0.00099	0.00529	0.00455	0.02706	0.0835		0.00448			0.00023	0.0013	1.58761	0.34051	0.00247		0.00068	1.75334	0.00519		0.01097	0.66463	0.06087	0.00304	2.35783	1.69053	0.03622	0.00125	0.00345	4.9629	0.00312		13.57202	0.0094	1.24216	0.02171	0.36532		BayesPrism	prevail_cu_cfrna_307
0.00534	0.13942	0.63315	0.37923	0.0033	0.00231	0.28509	0.00518			0.01903		11.5764	0.00101		0.00168	0.19482	0.06989		0.84129	19.50962		0.00086	12.93519		0.00089		0.89559	0.14568	0.0024		0.00174	6.89114	0.04067	0.00349	0.66932			0.0145	0.00423		0.02256	1.02001	0.00098	0.00647	0.0055		0.00171		0.981	3.81983			0.00109	0.04473	0.60128		0.00151	0.10532	0.00234	0.00329	0.00886	0.00781	0.00211	0.00041	0.00102		0.00071	0.00131	0.04393	0.07847	1.59885	0.76614		0.00282			0.00026	0.15387	1.28745	12.64315	0.00075		0.00112	0.00887	0.39209		0.11125	2.27223	0.10896	0.01708	0.0022	1.05734	0.40114	0.00122	0.00647	1.47061	0.01449		6.6448	0.04013	7.04634	0.03356	1.88206		BayesPrism	prevail_cu_cfrna_313
0.0009	0.00203	0.13115	0.01623	0.00172	0.00143	0.00508	0.00546			0.00087		3.27586	0.00081		0.00071	0.00446	0.00114		0.0022	56.14161		0.00047	11.06037		0.00118		0.00379	0.02389	0.00185		0.00575	4.70058	0.0008	0.00088	0.14823			0.12601	0.00129		0.00215	1.9067	0.00067	0.00046	0.00333		0.00066		0.02181	0.63809			0.0014	0.00105	0.00203		0.00068	0.00092	0.00112	0.00196	0.0011	0.00072	0.00117	0.00031	0.00084		0.00048	0.00067	0.0008	0.00166	0.00249	0.00174		0.00266			0.00018	0.00082	1.33855	4.55093	0.00052		0.00084	0.00297	0.00053		0.10972	0.33644	0.01615	0.00064	0.35415	2.40953	0.03771	0.00046	0.00093	4.49551	0.00112		6.97313	0.00056	1.00647	0.02982	0.06787		BayesPrism	prevail_cu_cfrna_258
0.00403	0.00128	0.05273	0.12785	0.00208	0.00271	0.00326	0.00399			0.01565		3.49172	0.00209		0.0022	0.08412	0.00445		0.34051	0.00444		0.00061	29.38669		0.00147		0.37808	0.02118	0.0044		0.00379	4.63984	0.00266	0.00572	1.724			0.08792	0.00626		0.01319	0.47022	0.00171	0.01022	0.00573		0.00418		0.02701	1.69946			0.0025	0.00256	0.13674		0.03496	0.00403	0.00457	0.00563	0.00567	0.01906	0.00103	0.00102	0.00117		0.00206	0.00238	0.00425	0.00485	0.0266	0.18262		0.00489			0.00038	0.01727	3.79543	34.09898	0.62796		0.00087	0.02296	0.00105		0.00776	0.79306	0.90781	0.03385	0.00443	1.18319	0.12436	0.00253	0.00376	6.37585	0.00169		4.16052	0.00506	3.77253	0.03084	0.94383		BayesPrism	prevail_cu_cfrna_318
0.00898	0.32899	1.05197	0.72897	0.0017	0.00197	0.20958	0.00797			0.77806		7.44321	0.00129		0.00375	0.21222	0.9101		2.11046	3.63187		0.00218	21.40867		0.00115		0.01618	0.5237	0.00331		0.00773	9.49693	0.00841	0.06864	0.52449			0.72467	0.00503		0.06389	2.21594	0.70614	0.00444	0.00367		0.00169		1.35855	8.67119			0.0011	0.16021	0.56458		0.00086	0.03103	0.00387	0.00348	0.05914	0.27716	0.00108	0.00862	0.00093		0.05889	0.00165	0.00372	0.03545	1.00506	2.14979		0.00459			0.00066	0.00255	1.66056	8.491	0.00449		0.00111	0.34245	0.00481		0.04173	2.78624	0.43067	0.00241	0.00255	0.32211	0.6225	0.00078	0.0089	3.80826	0.00379		3.96245	0.01797	5.0758	0.33562	4.45169		BayesPrism	prevail_cu_cfrna_303
0.00567	0.00167	0.29952	0.14481	0.00248	0.00318	0.77206	0.06615			0.04044		9.25199	0.00277		0.00153	0.35101	0.27382		0.48275	0.01274		0.00077	28.10026		0.00208		0.76811	0.00281	0.0062		0.09294	3.83153	0.00255	0.05754	2.21154			0.00776	0.20997		0.10789	0.05097	0.00572	0.32068	0.27934		0.0018		0.00727	4.32437			0.00179	0.00607	0.07722		0.00232	0.00178	0.00406	0.01296	0.12336	0.0591	0.00203	0.00036	0.00704		0.00386	0.00388	0.00323	0.00376	0.32603	0.4684		0.00486			0.0015	0.15011	3.8715	18.55969	0.35453		0.00272	5.58612	1.6172		0.00862	1.38791	0.19455	0.04726	0.00298	0.37383	0.10127	0.00281	0.04398	1.10997	0.00337		2.95784	0.00142	9.49269	0.06631	0.84505		BayesPrism	prevail_cu_cfrna_95
0.00213	0.00158	0.03442	0.06778	0.00169	0.0016	0.00571	0.00462			0.00132		6.58409	0.00152		0.00126	0.00286	0.00153		0.18716	23.75546		0.00043	22.80589		0.00105		1.07977	0.00442	0.00089		0.00528	5.31783	0.00184	0.00455	0.18917			0.01082	0.00214		0.00307	0.80201	0.00325	0.0005	0.00361		0.00131		0.03909	9.44454			0.00178	0.00198	0.01377		0.00261	0.00539	0.00257	0.00671	0.00146	0.00098	0.00108	0.00183	0.00096		0.0005	0.00089	0.00243	0.00173	0.00196	0.10214		0.00218			0.0002	0.00237	5.31075	3.70201	0.03144		0.00123	0.87669	0.00102		0.08897	0.66435	0.18178	0.0035	0.00265	1.52962	0.05596	0.00063	0.00229	8.50368	0.00201		6.23139	0.0029	2.05606	0.00176	0.21759		BayesPrism	prevail_cu_cfrna_280
0.00338	0.01317	0.53193	0.58296	0.00204	0.00167	0.58292	0.00493			0.22359		4.85284	0.00184		0.0018	0.02827	0.59352		0.83624	1.89641		0.00054	7.90094		0.00105		0.39995	0.25833	0.0007		0.0345	6.02865	0.01129	0.00649	0.95998			0.00509	0.02156		0.23028	0.04457	0.02456	0.00438	0.00402		0.00337		0.50411	1.62062			0.0011	0.06662	0.5584		0.0422	0.11787	0.01776	0.00979	0.00199	0.00402	0.00284	0.00306	0.00075		0.00153	0.00112	0.00596	0.00499	0.29045	0.37407		0.00511			0.00351	0.1544	1.86532	20.28916	0.24325		0.00281	0.01073	0.00247		0.00269	1.19786	0.04363	0.08804	0.00135	0.61376	0.5181	0.00084	0.00249	0.03974	0.01169		5.51295	0.02772	35.22174	3.02122	1.39242		BayesPrism	prevail_cu_cfrna_317
0.00723	2.45322	0.48733	0.92077	0.00647	0.0136	0.05774	0.00803			0.00741		12.11874	0.00306		0.0087	0.76664	0.02047		0.82421	10.65302		0.00109	9.61804		0.0043		0.00614	0.18925	0.00746		0.00225	7.31038	0.01843	0.0171	5.7897			1.74882	0.00225		0.49958	5.94041	0.00685	0.15202	0.01175		0.00568		0.14369	0.21401			0.00369	0.07952	0.20837		0.0055	0.02185	0.00514	0.00319	0.25507	0.1504	0.00382	0.00315	0.00925		0.00153	0.00183	0.00682	0.02855	2.02983	0.36727		0.00563			0.00365	0.19824	0.2158	10.64453	0.00138		0.00557	0.81827	0.32771		0.08778	2.07273	0.00727	0.01711	5.60789	1.05787	0.36141	0.00218	0.02552	0.49682	0.00841		6.63836	0.03504	3.77665	1.82654	2.52706		BayesPrism	prevail_cu_cfrna_310
0.2972	0.02239	0.84499	0.41622	0.00209	0.00397	0.45893	0.02164			0.09278		8.25539	0.00152		0.00247	0.33394	0.00575		1.66753	17.55291		0.00099	14.28004		0.00115		0.23981	0.25188	0.00095		0.00364	9.08777	0.05802	0.03097	0.79805			0.58455	0.00882		0.24902	1.72707	0.01013	0.17564	0.18502		0.0013		0.45814	11.03145			0.00138	0.16679	0.74534		0.0013	0.00342	0.00495	0.00374	0.53213	0.00599	0.00113	0.0042	0.00118		0.00237	0.00113	0.00334	0.00463	1.07338	1.24325		0.0071			0.00037	0.01131	1.71148	3.17446	0.02335		0.00158	2.65456	0.11766		0.01466	2.34496	0.00586	0.02115	0.00324	0.25107	0.54407	0.00088	0.00701	5.09831	0.02017		3.19663	0.0391	4.93186	0.00297	2.85243		BayesPrism	prevail_cu_cfrna_309
0.00147	0.00667	0.06646	0.01304	0.00501	0.00507	0.00273	0.00266			0.00132		10.47691	0.07293		0.00414	3.69851	0.00445		0.06077	0.00324		0.00371	10.45836		3.8739		0.00174	0.00561	0.00115		0.00669	2.64631	0.00166	0.00313	27.34993			0.36591	0.00162		2.6499	1.31817	0.00084	0.24023	0.0037		0.00119		0.00182	0.35672			2.64928	0.00278	0.00327		0.00075	0.00152	0.00286	0.0099	0.52734	0.00227	0.00351	0.0016	0.00257		0.01264	0.00863	0.00112	0.00337	0.01062	0.00208		0.00456			0.00053	0.00215	0.00216	0.00119	0.00914		0.00348	11.78221	0.00102		0.45265	0.00334	0.00303	0.00055	6.42243	0.83356	0.0481	5.27463	0.00237	1.8173	0.00082		5.00717	0.00316	0.00292	1.18432	0.1734		BayesPrism	prevail_cu_cfrna_201
0.0029	0.00902	0.85952	0.1553	0.00227	0.18786	1.22926	0.05422			0.0034		11.2244	0.00192		0.00289	0.06909	1.72273		0.00296	0.00632		0.00059	31.3541		0.00224		0.36253	0.00192	0.00071		0.00554	2.1555	0.00204	0.00108	2.23679			0.01732	0.01439		0.0095	2.92806	0.00056	0.15336	0.09489		0.00208		0.00243	1.81837			0.00329	0.00138	0.0032		0.01103	0.0035	0.0064	0.01831	0.00862	0.00555	0.00232	0.00038	0.04588		0.0007	0.00145	0.00377	0.00339	0.0024	0.01126		0.00449			0.00022	0.01423	2.85796	22.99659	0.03179		0.00145	0.00716	3.66838		0.18412	0.6932	0.06017	0.05351	0.01304	1.8578	0.00156	0.00118	0.00301	0.90193	0.00391		3.28977	0.00068	6.2202	0.2297	0.07305		BayesPrism	prevail_cu_cfrna_290
0.00751	0.00156	0.15534	0.07725	0.00587	0.00254	0.01759	0.00374			0.00093		8.39221	0.00104		0.00145	0.14214	0.00209		0.14515	21.65133		0.00064	13.91985		0.00142		2.26209	0.03447	0.00068		0.00156	5.02131	0.0014	0.00094	1.96104			0.10897	0.0081		0.00451	1.53763	0.00091	0.00104	0.00578		0.00212		0.03499	6.93621			0.00208	0.00149	0.76647		0.00194	0.00109	0.00162	0.00201	0.00576	0.00148	0.00155	0.0004	0.00383		0.00063	0.00187	0.0027	0.00264	0.21774	0.17481		0.00223			0.00021	0.0019	1.26789	4.91835	0.00085		0.00083	0.96667	0.00148		0.00462	0.77098	0.02275	0.00312	0.07061	0.90228	0.0543	0.00167	0.00542	9.23311	0.0015		10.11815	0.00192	7.88983	0.00886	0.10697		BayesPrism	prevail_cu_cfrna_222
0.00575	0.1531	1.93593	0.73938	0.00251	0.002	2.04065	0.01086			0.00593		14.48678	0.0012		0.00181	0.46012	0.9628		2.53276	0.0477		0.00105	7.65152		0.00176		0.15696	0.22742	0.00773		0.03923	7.77095	0.0699	0.03496	3.25997			0.00489	0.00307		0.36005	0.44066	0.04929	0.3189	3.94115		0.00202		2.35368	3.4385			0.00178	0.18338	1.15299		0.00121	0.54533	0.24517	0.05287	0.148	0.24568	0.03945	0.00087	0.0009		0.03232	0.03315	0.00165	0.15381	3.22315	1.37406		0.00462			0.01197	0.9431	1.51908	10.5434	0.00097		0.00501	5.49579	0.00084		0.00777	1.53424	0.00689	0.04438	0.0954	0.00773	0.81047	0.00195	0.00384	0.06019	0.00786		4.44203	0.08089	8.86135	1.29321	3.25829		BayesPrism	prevail_cu_cfrna_108
0.00669	0.35289	1.29234	0.9775	0.0022	0.01024	0.46953	0.03518			0.01347		11.71848	0.00356		0.02167	0.99579	3.12945		1.99398	0.00518		0.00255	21.3628		0.00166		0.00358	0.16661	0.00217		0.00286	7.87484	0.02291	0.00558	10.99434			0.10638	0.00687		0.94999	0.54451	0.02603	0.00377	1.52791		0.00895		0.9884	1.57431			0.00282	0.24332	1.35164		0.00193	0.03014	0.00331	0.12562	0.01646	2.7302	0.08476	0.00057	0.00136		0.07589	0.01374	0.0044	0.01729	3.07482	0.77988		0.00479			0.00062	0.27385	0.31622	2.77322	0.01004		0.00848	4.32494	1.99476		0.02807	0.27938	0.00951	0.02059	4.35541	0.39869	0.58455	0.04073	0.00981	2.04284	0.00535		3.88515	0.05349	0.52595	0.00595	2.28432		BayesPrism	prevail_cu_cfrna_294
0.00081	0.00206	0.00082	0.00106	0.00151	0.00117	0.00164	0.00099			0.00054		0.5083	0.00398		0.00069	3.01566	0.00188		0.00102	0.00121		0.0005	1.56635		8.62127		0.00083	0.00129	0.00061		0.00073	0.65898	0.00074	0.00072	57.56773			0.00086	0.00077		2.1616	0.00304	0.00049	0.00061	0.00129		0.00053		0.00073	0.00094			3.77531	0.00056	0.00083		0.00075	0.00066	0.00094	0.00075	0.00067	0.00101	7.62514	0.0004	0.00045		0.00088	0.0019	0.00088	0.0016	0.00168	0.00085		0.00109			0.00059	0.00058	0.00091	0.00094	0.00056		0.00187	4.46	0.00054		0.00213	0.0009	0.00109	0.00044	2.05315	0.01233	0.00068	7.49773	0.00065	0.00204	0.00081		0.40774	0.00055	0.00108	0.00147	0.00095		BayesPrism	prevail_cu_cfrna_127
0.01892	0.00616	0.91494	0.24567	0.0035	0.00726	0.07436	0.08256			0.00577		16.83121	0.00297		0.00191	1.22162	0.92897		0.06782	0.00564		0.00071	9.40121		0.00377		0.50122	0.00178	0.0287		0.01409	3.83815	0.00158	0.00143	7.2866			0.18207	0.00282		0.83428	1.03853	0.0222	0.2224	0.01815		0.06487		0.00462	8.95632			0.00865	0.00404	0.02866		0.04612	0.00181	0.00274	0.00304	0.02068	0.01807	0.00541	0.00039	0.00739		0.00311	0.003	0.00649	0.00439	1.81153	0.14525		0.00603			0.00103	0.04444	0.71432	4.58083	0.00095		0.00385	12.32554	0.00472		0.02378	0.92513	0.0351	0.03146	1.03065	0.99664	0.00686	0.13063	0.00298	0.07901	0.02644		8.75467	0.00367	14.66478	0.38508	0.25586		BayesPrism	prevail_cu_cfrna_287
0.00232	0.0028	0.02545	0.00422	0.00165	0.00217	0.00267	0.00517			0.00288		9.82477	0.72095		0.00101	1.4707	0.00383		0.00172	0.00187		0.00084	0.64691		5.531		0.00238	0.00271	0.00352		0.00138	2.49685	0.0015	0.00102	27.48932			0.00236	0.00351		1.77974	0.0499	0.00163	0.00191	0.00298		0.00098		0.00177	0.00284			3.03056	0.00081	0.00141		0.00127	0.00157	0.00218	0.00247	0.00125	0.01389	1.62898	0.00177	0.0006		0.0023	0.00328	0.00107	0.00382	0.00391	0.00296		0.00486			0.00172	0.00329	0.00431	0.84459	0.00057		0.01981	21.00169	0.00117		0.00252	0.00622	0.00142	0.00299	16.38636	0.58971	0.00376	0.68475	0.00104	0.00328	0.0017		5.25236	0.00092	0.00518	0.36818	0.00426		BayesPrism	prevail_cu_cfrna_137
0.00128	0.00473	0.00113	0.00398	0.002	0.00135	0.00508	0.00306			0.00095		7.87013	0.06376		0.00097	3.78963	0.00179		0.00089	0.00155		0.00067	0.18038		7.94548		0.00127	0.00108	0.00078		0.00097	0.63099	0.0016	0.00077	41.2515			0.00146	0.00097		2.06976	0.0081	0.00179	0.00059	0.00263		0.00096		0.00108	0.00169			2.69055	0.00066	0.00104		0.00085	0.00116	0.00117	0.00152	0.00077	0.00185	2.04165	0.00072	0.00061		0.00084	0.01407	0.00104	0.00363	0.00238	0.00146		0.00276			0.00026	0.00074	0.00127	0.00092	0.00047		0.00907	14.63848	0.0006		0.00226	0.00112	0.00085	0.00054	11.48294	1.01667	0.00093	0.15721	0.0011	0.00197	0.00089		3.48942	0.00081	0.00209	0.56262	0.00129		BayesPrism	prevail_cu_cfrna_119
0.00249	0.00762	0.04963	0.22211	0.04862	0.00274	0.00663	0.00384			0.00228		12.88812	0.00546		0.00149	2.69648	0.00432		0.00227	10.05205		0.00071	5.80529		1.31473		0.01434	0.00502	0.00134		0.01449	2.84975	0.00255	0.00462	15.50949			0.00392	0.00224		0.61976	0.02083	0.0006	0.00103	0.00782		0.00885		0.00212	0.00899			0.59163	0.00206	0.0042		0.00434	0.00229	0.00284	0.00248	0.00322	0.00261	2.56287	0.00106	0.002		0.00065	0.00541	0.00355	0.00451	0.03835	0.00279		0.03868			0.00052	0.00329	0.36612	3.37903	0.00057		0.00159	12.16259	0.00094		0.01351	0.30045	0.00173	0.00062	6.11462	1.18348	0.00462	1.25195	0.00152	0.44997	0.0033		19.14833	0.00114	0.02839	0.10329	0.00823		BayesPrism	prevail_cu_cfrna_282
0.0075	0.00595	0.02439	0.03653	0.00447	0.00204	0.00653	0.00829			0.00294		10.80702	0.24429		0.00214	2.87331	0.00456		0.00223	0.00931		0.00083	2.73065		4.70604		0.01584	0.00589	0.00523		0.00137	2.79025	0.00325	0.00154	24.27381			0.06197	0.00221		2.09801	2.11065	0.00069	0.0024	0.00464		0.00656		0.00547	0.00379			1.65392	0.00089	0.00423		0.00249	0.00578	0.00298	0.00232	0.00426	0.00666	0.24803	0.0004	0.00078		0.0014	0.07965	0.00199	0.0039	0.01474	0.00384		0.00601			0.00039	0.00433	0.02351	0.00833	0.00123		0.00455	21.23505	0.00111		0.00901	0.00959	0.00567	0.00076	12.07746	0.93048	0.00433	0.42385	0.00122	0.00373	0.00301		9.5176	0.00102	0.14945	0.59255	0.07489		BayesPrism	prevail_cu_cfrna_291
0.00273	0.00245	1.58176	0.6863	0.00408	0.00283	0.00394	0.00443			0.00115		6.48531	0.34436		0.04614	2.09839	0.00473		0.13235	0.00254		0.00093	3.22498		1.12497		0.00272	0.01278	0.00091		0.0015	3.91537	0.00866	0.00132	21.99224			0.18367	0.00327		1.97612	0.00695	0.00122	0.03605	0.00199		0.01043		0.01926	0.95094			9.93766	0.00217	0.04822		0.00264	0.00227	0.0028	0.0036	0.0181	0.00592	11.85661	0.00055	0.00083		0.00097	0.00232	0.00232	0.00737	1.54234	0.01759		0.00264			0.00044	0.00215	0.00385	0.00377	0.00092		0.00176	14.24122	0.00179		0.00387	0.01116	0.00141	0.00154	6.09121	0.00624	0.11965	3.4431	0.00199	0.00607	0.00514		7.27687	0.00132	0.00615	0.00553	0.42614		BayesPrism	prevail_cu_cfrna_284
0.00097	0.00556	0.00159	0.00136	0.00265	0.0013	0.00718	0.00254			0.00069		3.07336	2.52898		0.00077	4.82479	0.00387		0.0008	0.00127		0.00057	0.29213		10.43119		0.00093	0.0011	0.00111		0.00074	0.46633	0.00086	0.00069	38.12761			0.00192	0.00078		4.95339	0.35624	0.00053	0.00512	0.00129		0.00063		0.00073	0.00112			0.79915	0.00072	0.0011		0.00056	0.00085	0.00106	0.00106	0.00805	0.00184	2.3139	0.0004	0.00065		0.00067	0.00341	0.00066	0.00211	0.00266	0.00109		0.00212			0.00036	0.00079	0.00092	0.0008	0.00098		0.12051	11.68725	0.00087		0.00692	0.00106	0.00081	0.00046	16.36123	1.10466	0.03096	0.00523	0.00082	0.00121	0.00126		0.63071	0.00059	0.00173	1.7939	0.00119		BayesPrism	prevail_cu_cfrna_124
0.00274	0.004	0.00143	0.00523	0.00275	0.00225	0.00497	0.00643			0.00083		11.13031	0.31256		0.00136	3.21498	0.00925		0.00159	0.00241		0.00053	0.32882		5.03577		0.0023	0.00167	0.00105		0.00099	1.77047	0.00339	0.00147	30.17102			0.00359	0.00223		2.04067	0.10458	0.00062	0.00115	0.00518		0.00176		0.00149	0.00182			4.58521	0.00225	0.00151		0.00184	0.00177	0.00189	0.00186	0.00132	0.02291	1.79258	0.00049	0.00086		0.00404	0.01773	0.00177	0.0022	0.0043	0.00151		0.00401			0.00077	0.00136	0.00154	0.00179	0.00061		0.02837	18.75846	0.00108		0.00279	0.00717	0.00177	0.00064	12.04033	0.47994	0.0014	0.01569	0.00196	0.00242	0.00212		6.13159	0.00089	0.00457	1.87753	0.00145		BayesPrism	prevail_cu_cfrna_146
0.00456	0.19686	0.96865	0.7636	0.00287	0.00206	0.55614	0.0046			0.00171		2.87076	0.448		0.00622	2.23906	0.0752		1.94299	0.00167		0.00181	7.81382		2.61127		0.00167	0.13775	0.1074		0.0022	6.80497	0.00361	0.02202	33.16531			0.30505	0.00264		3.18395	0.00738	0.00947	0.00153	0.01091		0.00104		0.40771	0.0024			0.07605	0.23379	0.00727		0.00308	0.00484	0.03584	0.00997	0.02205	0.00428	3.2806	0.00732	0.00102		0.01735	1.33104	0.01173	0.18757	2.57495	0.77321		0.00473			0.01468	0.00455	0.00436	0.00154	0.00149		0.01791	8.83602	0.00181		0.12365	0.00752	0.00206	0.00073	4.40047	0.00503	0.19746	7.38331	0.00254	0.00591	0.00255		3.65857	0.08802	0.00312	0.01036	1.95078		BayesPrism	prevail_cu_cfrna_12
0.00085	0.00342	0.00077	0.00116	0.00132	0.00106	0.00224	0.00158			0.00068		3.94981	0.01138		0.00069	5.37414	0.00213		0.00177	0.00133		0.00058	0.42115		9.61831		0.00107	0.00264	0.00092		0.00097	0.33816	0.00073	0.00103	40.19993			0.00129	0.00104		2.07066	0.00424	0.00046	0.00065	0.0014		0.00077		0.00092	0.00106			3.92312	0.00057	0.00119		0.00052	0.00091	0.00101	0.00087	0.0007	0.0013	2.6131	0.00039	0.00057		0.00091	0.00599	0.00061	0.00147	0.00173	0.00147		0.00163			0.00034	0.00066	0.00106	0.00111	0.00043		0.00526	16.81552	0.00067		0.00189	0.00132	0.00091	0.00045	11.13005	0.26587	0.00099	0.24836	0.0007	0.00145	0.0015		2.34235	0.00083	0.00166	0.59533	0.0009		BayesPrism	prevail_cu_cfrna_120
0.00201	0.76114	0.00117	0.00319	0.00657	0.00221	0.01019	0.00224			0.0012		13.72378	1.00323		0.00081	2.85911	0.00392		0.00164	0.00175		0.00073	1.61182		5.04583		0.00184	0.00122	0.00105		0.00117	1.70936	0.00201	0.00139	22.14573			0.00478	0.00156		3.50618	15.33894	0.00079	0.36761	0.00436		0.00098		0.00109	0.00326			0.00724	0.00079	0.00192		0.00099	0.00123	0.00235	0.00165	1.89059	0.00309	0.5427	0.00047	0.00073		0.00165	0.00546	0.00127	0.00457	0.00594	0.00212		0.00252			0.00048	0.00276	0.0012	0.00224	0.00046		0.53366	6.48682	0.00216		0.01124	0.00214	0.00136	0.00132	12.60855	1.30505	0.09001	0.01753	0.00115	0.00437	0.00179		2.77484	0.00077	0.00631	5.52917	0.00151		BayesPrism	prevail_cu_cfrna_136
0.003	0.0039	0.21549	0.55604	0.00261	0.00531	0.00702	0.00717			0.00337		13.21621	0.0223		0.00253	1.02674	0.02575		0.03439	0.00222		0.00056	11.52643		0.0285		0.01769	0.02074	0.00194		0.02842	2.80025	0.00197	0.00131	8.36288			0.13062	0.00628		0.65487	4.8235	0.00062	0.00401	0.01097		0.00135		0.00232	1.92946			0.00477	0.00086	0.00496		0.01099	0.00165	0.00426	0.01236	0.00148	0.00405	0.00772	0.0004	0.00056		0.00223	0.03228	0.00237	0.00771	0.71749	0.00205		0.00762			0.00075	0.00255	0.86086	16.79382	0.00095		0.00223	9.54951	0.00481		0.05081	0.52151	0.06847	0.00145	1.42077	0.43849	0.00478	1.81946	0.00214	1.63605	0.00224		9.47227	0.00084	10.02421	0.68121	0.32524		BayesPrism	prevail_cu_cfrna_285
0.00224	0.00118	0.04038	0.00117	0.00252	0.00114	0.00241	0.00156			0.0011		0.01131	1.69369		0.00091	3.71535	0.00807		0.00091	0.00171		0.00144	0.20207		7.48122		0.00121	0.00185	0.0106		0.00073	1.12372	0.0012	0.00411	30.59341			0.00102	0.00086		2.29388	0.00392	0.00052	0.00127	0.00124		0.00089		0.0007	0.00087			7.35588	0.00077	0.00077		0.00078	0.00079	0.00092	0.00094	0.00097	0.00198	6.86928	0.00039	0.00045		0.00065	0.00287	0.00081	0.00188	0.00194	0.00244		0.00146			0.00036	0.00186	0.00115	0.00124	0.01596		0.0044	22.66602	0.00132		0.00214	0.00173	0.00094	0.00073	12.45413	0.01266	0.00179	0.01008	0.00092	0.00122	0.00071		3.32083	0.0007	0.00232	0.03663	0.00183		BayesPrism	prevail_cu_cfrna_125
0.00199	0.00283	0.00102	0.00179	0.0037	0.00186	0.00357	0.00311			0.00175		4.48093	0.08988		0.00156	3.58242	0.00449		0.00177	0.00178		0.00177	0.49309		7.68742		0.00231	0.00143	0.00081		0.00115	0.44198	0.00244	0.00776	37.30017			0.00249	0.00147		1.32819	0.00526	0.00076	0.00081	0.00223		0.00196		0.00134	0.00182			6.93473	0.00417	0.0015		0.00176	0.00478	0.00297	0.00144	0.00088	0.00404	3.21578	0.00043	0.0015		0.00067	0.046	0.00123	0.00156	0.00186	0.00188		0.00248			0.00034	0.00176	0.00261	0.00192	0.00105		0.15798	19.00214	0.00084		0.00405	0.00205	0.00159	0.00096	9.03151	1.16965	0.00224	0.02889	0.00117	0.00138	0.00102		4.2401	0.00087	0.00371	0.63831	0.00308		BayesPrism	prevail_cu_cfrna_129
0.002	0.00718	0.0398	0.00733	0.00271	0.00352	0.36785	0.00557			0.00223		19.85965	0.00162		0.00137	0.08729	0.0018		0.00231	17.34401		0.00048	4.87353		0.00136		2.58029	0.00709	0.0013		0.00147	2.83824	0.00135	0.00091	2.7716			0.10579	0.03542		0.00328	2.69143	0.00064	0.00114	2.53995		0.01175		0.00307	3.8726			0.00179	0.00194	0.00792		0.00418	0.00952	0.00265	0.00439	0.00103	0.00114	0.00206	0.00094	0.00124		0.00053	0.00132	0.00725	0.00205	0.00293	0.02864		0.0048			0.00022	0.00144	2.13829	4.50227	0.00108		0.00159	5.84972	0.00086		0.00582	0.59827	0.00293	0.00481	0.00394	1.70264	0.01159	0.00112	0.00223	0.30636	0.00205		8.47713	0.00072	11.79768	4.38551	0.03648		BayesPrism	prevail_cu_cfrna_295
0.00122	0.00132	0.00224	0.00755	0.00203	0.00157	0.01351	0.00409			0.00184		9.7492	0.00123		0.00104	0.42577	0.00243		0.00216	0.33795		0.00047	24.8601		0.00211		1.94832	0.00158	0.00082		0.0028	2.55184	0.00118	0.00079	3.63832			0.00163	0.00335		0.00234	2.68079	0.00081	0.00093	0.01668		0.00504		0.00133	3.53051			0.00131	0.00051	0.00183		0.0576	0.00627	0.00113	0.00329	0.00057	0.00133	0.00097	0.00036	0.00041		0.00062	0.0024	0.00253	0.00195	0.00288	0.00981		0.00268			0.00022	0.00087	6.00627	14.32593	0.32253		0.00099	10.14805	0.00086		0.00448	0.28411	0.38852	0.00242	0.00807	0.83111	0.01123	0.01055	0.00109	2.52426	0.00154		8.10231	0.0006	6.56938	0.53786	0.01137		BayesPrism	prevail_cu_cfrna_292
0.00678	0.00773	0.00701	0.00542	0.00286	0.00349	0.00713	0.01483			0.00564		11.02685	0.61956		0.00217	2.2107	0.01209		0.00199	0.00233		0.00096	0.17998		4.90363		0.01037	0.00309	0.00312		0.01192	2.5467	0.00253	0.00111	20.68828			0.00325	0.00217		2.08775	0.05842	0.00074	0.00131	0.01172		0.00128		0.00142	0.0036			3.53271	0.00082	0.00147		0.0018	0.00176	0.00377	0.00296	0.00111	0.02405	1.73391	0.00056	0.00071		0.00092	0.00745	0.0021	0.00365	0.06865	0.00365		0.0039			0.00039	0.00269	0.00943	0.01033	0.00091		0.03546	26.29626	0.00122		0.00264	0.02182	0.0013	0.00069	12.8129	0.45022	0.01179	0.15666	0.00183	0.00157	0.00933		8.03948	0.00206	1.00461	1.2506	0.01991		BayesPrism	prevail_cu_cfrna_141
0.00164	0.00264	0.00237	0.00526	0.00245	0.0018	0.01252	0.00567			0.0012		6.3527	0.01046		0.00149	2.10897	0.00244		0.00688	0.00242		0.00076	0.0066		4.32406		0.00179	0.00189	0.00143		0.00135	1.61874	0.00232	0.00077	33.99616			0.00247	0.00511		1.94655	0.00869	0.0006	0.00118	0.00284		0.00123		0.00194	0.00284			7.22979	0.00647	0.00172		0.00235	0.00133	0.00242	0.00188	0.0008	0.00242	4.9166	0.00051	0.00084		0.00175	0.0152	0.0014	0.00356	0.00515	0.0027		0.00339			0.00036	0.00088	0.00341	0.00188	0.00094		0.00656	17.34604	0.00076		0.00433	0.00567	0.00141	0.00059	11.81405	0.02713	0.00101	1.83484	0.00124	0.00184	0.00207		6.04032	0.0011	0.00782	0.24371	0.00152		BayesPrism	prevail_cu_cfrna_126
0.00375	0.00398	0.38585	0.02847	0.00452	0.00169	0.00428	0.00686			0.0019		3.51483	1.94644		0.00334	1.34381	0.00336		0.35886	0.00287		0.00145	0.09242		2.32103		0.00243	0.02495	0.04097		0.00152	4.65774	0.00378	0.01531	16.69194			0.00386	0.00421		1.93765	3.95343	0.01049	0.00214	0.00824		0.00136		0.05864	0.00294			4.89334	0.01044	0.00777		0.00156	0.00171	0.00268	0.00258	0.00185	0.53617	7.98861	0.00042	0.0013		0.0064	0.01654	0.00191	0.00581	0.71686	0.16866		0.00201			0.00121	0.00543	0.12037	0.00234	0.00121		0.07555	27.07246	0.00149		0.00213	0.30875	0.00227	0.00235	8.38528	0.01028	0.05175	0.01293	0.00302	0.00094	0.00878		6.77466	0.00187	4.05689	0.94545	0.33466		BayesPrism	prevail_cu_cfrna_114
0.00436	0.00986	0.92808	0.11292	0.00491	0.00155	0.00734	0.01085			0.00179		4.2493	1.39692		0.00305	2.401	0.46413		1.02879	0.00649		0.00166	7.84262		1.4556		0.0017	0.17589	0.00156		0.0064	6.15861	0.00723	0.00299	24.55737			0.04554	0.00415		2.51735	0.01387	0.03076	0.00185	0.01288		0.0046		0.48714	0.7206			0.0334	0.24511	0.00528		0.00157	0.01385	0.00432	0.00228	0.00442	0.00519	6.34983	0.00045	0.0014		0.23574	1.07412	0.00258	0.0047	4.10389	0.43559		0.0029			0.00148	0.00389	0.00206	0.00197	0.00203		0.03322	10.9101	0.00113		0.00708	0.00613	0.03232	0.00304	6.66459	0.00488	0.54538	7.3521	0.00338	0.43281	0.00217		5.00369	0.08835	0.01615	0.02404	1.64964		BayesPrism	prevail_cu_cfrna_24
0.00112	0.0022	0.00067	0.00122	0.00141	0.00114	0.00583	0.00167			0.0006		12.80727	0.15781		0.00077	4.47032	0.00253		0.0007	0.00106		0.00045	0.56435		9.50449		0.00069	0.00088	0.00058		0.00079	0.51178	0.00091	0.0007	42.13806			0.00146	0.00101		3.41479	0.00691	0.00042	0.00095	0.00273		0.00079		0.00062	0.00161			2.83267	0.00059	0.00087		0.00084	0.00084	0.00094	0.00082	0.00192	0.00105	0.03239	0.00038	0.0005		0.0006	0.00274	0.00084	0.0019	0.00165	0.00111		0.00162			0.00023	0.0005	0.00081	0.00091	0.00043		0.01246	7.76455	0.00071		0.00375	0.00125	0.00091	0.00038	9.48884	0.78534	0.00183	2.14447	0.00074	0.00145	0.00072		2.54413	0.00047	0.0017	0.74701	0.00084		BayesPrism	prevail_cu_cfrna_130
0.02635	0.43996	0.39984	0.60747	0.00711	0.02444	0.02048	0.01295			0.05388		14.08052	0.00096		0.00387	1.14278	0.00365		0.95981	11.64284		0.00207	17.49925		0.00272		0.62883	0.12273	0.00123		0.00329	6.85251	0.01389	0.00838	10.31442			0.27726	0.01045		0.31812	0.02497	0.00783	0.00132	0.0255		0.00579		0.3324	1.925			0.00227	0.05501	0.58631		0.00186	0.00641	0.01893	0.00558	0.00952	0.19837	0.02503	0.00144	0.00126		0.00147	0.01377	0.01878	0.11633	2.48648	0.6884		0.0103			0.00037	0.02531	0.95881	0.14902	0.00081		0.0022	4.22716	0.04069		0.56682	0.56463	0.00391	0.00515	2.04045	0.53327	0.29537	1.30129	0.05553	3.3037	0.00833		12.50499	0.0613	0.02948	0.00499	1.26405		BayesPrism	prevail_cu_cfrna_296
0.00519	0.0042	0.0042	0.15863	0.00252	0.002	0.0052	0.00817			0.00221		10.69235	1.96338		0.0013	0.75001	0.29952		0.09226	0.00388		0.00093	1.10045		3.01758		0.00212	0.00151	0.00912		0.00157	3.69027	0.00282	0.00107	14.28744			0.00382	0.00408		1.74072	0.01735	0.00086	0.0064	0.00286		0.0142		0.00279	0.00272			2.56762	0.00499	0.00307		0.00097	0.00591	0.00281	0.00161	0.00113	0.07709	2.91045	0.00047	0.00533		0.00859	0.00221	0.0012	0.01353	0.01207	0.0046		0.00318			0.00123	0.00232	0.00928	7.16198	0.00348		0.29119	17.59935	0.00118		0.00258	0.21524	0.0022	0.01604	20.04279	0.62544	0.00199	0.00258	0.00323	0.00201	0.00204		7.05201	0.0008	2.69665	0.55605	0.17582		BayesPrism	prevail_cu_cfrna_138
0.00278	0.0042	0.07688	0.18467	0.00675	0.44642	0.00915	0.05047			0.0024		18.24727	0.00275		0.00136	1.29553	0.01132		0.0328	0.63929		0.0012	16.32119		0.00481		1.63868	0.02029	0.00251		0.00381	3.17455	0.00285	0.00588	7.59967			0.1092	0.01653		0.45932	0.80412	0.0018	0.00184	3.07372		0.01135		0.12219	8.98057			0.00347	0.00394	0.13731		0.00164	0.00306	0.00278	0.03667	0.00175	0.00468	0.00269	0.00054	0.00088		0.00119	0.0022	0.00722	0.00182	0.67387	0.08		0.00322			0.00039	0.00265	0.75246	0.87134	0.0006		0.00117	10.05881	0.24148		0.01287	0.4985	0.01157	0.00131	0.42716	1.03816	0.05662	1.38977	0.00612	2.2884	0.00334		10.67662	0.00085	7.04564	0.02484	0.25029		BayesPrism	prevail_cu_cfrna_299
0.00156	0.00387	0.00099	0.00249	0.00374	0.00126	0.01365	0.00703			0.00151		13.08367	0.00897		0.00118	2.98182	0.00201		0.00105	0.00125		0.00054	0.06661		5.54587		0.0032	0.00138	0.00201		0.00146	0.84867	0.00214	0.00093	28.90555			0.00343	0.0019		1.27522	3.16131	0.00066	0.00092	0.00935		0.001		0.00117	0.00217			3.19288	0.00066	0.00109		0.00107	0.00127	0.00216	0.00142	0.0007	0.00236	0.193	0.00045	0.00094		0.00054	0.00597	0.00129	0.00129	0.00251	0.00208		0.00323			0.00027	0.00095	0.00204	0.00167	0.00041		0.04034	18.86866	0.00076		0.00432	0.00206	0.00126	0.00074	10.97784	1.1649	0.00125	0.06297	0.00131	0.00151	0.00163		6.62099	0.00089	0.01921	2.85642	0.00116		BayesPrism	prevail_cu_cfrna_132
0.01947	0.00359	0.03841	0.02382	0.00501	0.00559	0.11211	0.00469			0.0068		20.30019	0.00779		0.00229	1.04983	0.6589		0.00355	0.22193		0.00083	0.5147		0.96892		0.15819	0.00181	0.00825		0.0026	2.34644	0.00783	0.0014	12.12789			0.00724	0.00758		1.08245	0.99072	0.00064	0.00538	0.02545		0.01093		0.00658	0.0064			0.01031	0.00077	0.00873		0.00267	0.02513	0.00418	0.01135	0.00474	0.05812	0.00318	0.00048	0.00422		0.00101	0.00731	0.00201	0.00247	0.00884	0.00446		0.00819			0.00029	0.00791	0.3806	1.65023	0.00078		0.02741	18.13016	0.00128		0.00787	1.0974	0.00309	0.00129	1.89162	1.20575	0.00547	0.00454	0.00261	0.0033	0.02334		12.20392	0.00107	18.6571	3.73847	0.04015		BayesPrism	prevail_cu_cfrna_139
0.00086	0.0034	0.00144	0.00112	0.00147	0.00107	0.00295	0.00167			0.00084		2.1551	0.01462		0.00079	4.31733	0.00222		0.0009	0.00097		0.00089	0.95574		10.52068		0.00091	0.00109	0.00139		0.00099	0.07142	0.00103	0.00071	47.01243			0.00116	0.00082		3.08873	0.00289	0.00066	0.00077	0.00147		0.00085		0.00069	0.00126			4.38442	0.0006	0.00088		0.00057	0.00073	0.00114	0.00118	0.00071	0.00124	6.12403	0.00046	0.00064		0.00066	0.00559	0.00087	0.00202	0.00365	0.00127		0.00159			0.0003	0.00067	0.00085	0.00087	0.00059		0.00223	10.89138	0.00074		0.00247	0.00123	0.00106	0.00101	6.24502	0.15221	0.00103	2.40741	0.00101	0.00145	0.00172		1.38277	0.00082	0.00187	0.19431	0.00139		BayesPrism	prevail_cu_cfrna_128
0.00105	0.00272	0.0009	0.00192	0.00273	0.00107	0.0029	0.00173			0.00073		6.5767	0.0584		0.00072	2.72301	0.003		0.00085	0.00117		0.00052	1.29581		6.80716		0.00147	0.00136	0.00086		0.00088	1.46006	0.00132	0.00073	36.98219			0.00164	0.00114		2.23336	0.00459	0.00052	0.00066	0.00134		0.00097		0.00091	0.00135			3.75673	0.00068	0.00078		0.00101	0.00122	0.00145	0.00111	0.00062	0.0013	5.94977	0.0004	0.00055		0.00141	0.00306	0.00081	0.00165	0.00274	0.00107		0.00209			0.00076	0.0006	0.00154	0.00225	0.0004		0.00435	16.36817	0.00061		0.00223	0.00133	0.00123	0.0004	9.84559	0.17164	0.00072	2.19234	0.00095	0.00174	0.00084		3.20831	0.00076	0.00212	0.28275	0.0015		BayesPrism	prevail_cu_cfrna_121
0.00142	0.00482	0.32947	0.05085	0.00421	0.0015	0.00526	0.0017			0.00162		1.06334	1.22466		0.00165	2.31494	0.00278		0.23656	0.00146		0.00449	4.54346		6.36017		0.00102	0.00939	0.00816		0.00623	4.429	0.00615	0.00852	44.08521			0.04745	0.00184		3.49032	0.00289	0.00093	0.00084	0.00143		0.0019		0.01763	0.00238			0.43343	0.02738	0.00598		0.00062	0.00177	0.00212	0.00153	0.00211	0.00261	6.83253	0.00046	0.01183		0.00594	0.09234	0.0012	0.00383	0.39469	0.06417		0.00171			0.00089	0.00092	0.00423	0.00104	0.00093		0.0076	5.86746	0.00064		0.00845	0.00309	0.00404	0.00422	3.60783	0.00612	0.02309	9.4748	0.00303	0.00396	0.00122		4.48379	0.0147	0.00171	0.00207	0.31225		BayesPrism	prevail_cu_cfrna_42
0.00396	0.00273	0.22964	0.01831	0.00416	0.00219	0.00489	0.00196			0.00127		3.08293	2.19475		0.01388	2.95341	0.01519		0.08581	0.00758		0.00096	0.23841		5.14491		0.00154	0.00194	0.0066		0.00152	3.14298	0.00912	0.00137	23.15728			0.04944	0.00305		2.441	0.00773	0.00092	0.00333	0.00187		0.00127		0.00208	0.00201			4.92174	0.00117	0.00257		0.001	0.0022	0.00165	0.00215	0.00143	0.05167	6.96336	0.00048	0.0009		0.00595	0.07241	0.00126	0.00836	0.1225	0.00577		0.00323			0.0005	0.0078	0.00693	0.0026	0.00073		0.00602	24.78939	0.00099		0.00225	0.0457	0.0014	0.02284	14.19651	0.01052	0.04581	0.00354	0.00151	0.00161	0.01063		5.36973	0.00275	0.003	0.35731	0.09818		BayesPrism	prevail_cu_cfrna_147
0.00088	0.00535	0.00091	0.00239	0.00337	0.00293	0.00472	0.00286			0.00114		18.54001	0.15209		0.00093	2.49225	0.00396		0.00101	0.00072		0.00057	0.6479		7.41347		0.0016	0.00131	0.0005		0.00081	1.52969	0.00122	0.00073	25.85478			0.00564	0.00113		3.25826	6.12867	0.00071	0.12227	0.00242		0.00107		0.00156	0.00407			0.01926	0.00094	0.00114		0.00193	0.00231	0.00138	0.0017	0.10147	0.00299	0.00855	0.0004	0.00051		0.00046	0.01864	0.0016	0.00699	0.00345	0.00169		0.00216			0.00024	0.00088	0.00135	0.00123	0.00068		0.12214	10.79794	0.00081		0.00514	0.00149	0.00237	0.00049	12.5657	1.23861	0.00215	1.3362	0.00102	0.00341	0.00164		6.21094	0.00067	0.0069	1.32464	0.00186		BayesPrism	prevail_cu_cfrna_140
0.00134	0.00297	0.00113	0.00214	0.00216	0.00118	0.00318	0.002			0.00106		9.7172	0.00792		0.00096	3.21653	0.00183		0.0011	0.00111		0.00066	0.38994		8.57811		0.00197	0.00146	0.00086		0.00087	1.09527	0.00139	0.00084	40.29725			0.0015	0.00172		1.66898	0.00589	0.00051	0.00096	0.00196		0.00211		0.00131	0.00201			4.47302	0.00074	0.00118		0.00095	0.00139	0.00144	0.00113	0.00067	0.00242	0.29088	0.00076	0.00161		0.00129	0.01411	0.00115	0.00239	0.00214	0.00148		0.00248			0.00045	0.00112	0.00199	0.00125	0.00038		0.00986	13.94694	0.00062		0.00293	0.00133	0.00126	0.00078	10.05395	0.90226	0.00084	1.97247	0.0012	0.00168	0.00112		2.22456	0.00107	0.0029	1.04714	0.00126		BayesPrism	prevail_cu_cfrna_135
0.00086	0.00281	0.06089	0.00372	0.00182	0.00116	0.0019	0.0014			0.00073		0.10092	0.22352		0.00101	4.83227	0.00245		0.00082	0.00084		0.00054	3.35783		11.55811		0.00103	0.00131	0.00266		0.0028	1.07185	0.00113	0.00104	41.08037			0.00374	0.00135		2.50481	0.00178	0.00047	0.00076	0.00097		0.00079		0.00069	0.00156			4.15628	0.00158	0.00167		0.001	0.00052	0.00086	0.00077	0.00056	0.0011	4.99825	0.00032	0.00064		0.00187	0.00466	0.0011	0.00205	0.01025	0.00115		0.00148			0.00047	0.00064	0.0009	0.0008	0.00139		0.00262	16.69308	0.0006		0.00247	0.00117	0.00238	0.00069	4.53907	0.12948	0.00134	3.41398	0.00061	0.0014	0.00151		1.17722	0.00099	0.00148	0.00451	0.00242		BayesPrism	prevail_cu_cfrna_286
0.00207	0.00254	0.07274	0.02326	0.00479	0.00275	0.01095	0.00435			0.00178		9.10747	0.39934		0.00148	1.59768	0.00681		0.00199	0.00342		0.00102	0.14815		3.58766		0.034	0.00213	0.00212		0.00225	2.29099	0.00318	0.00154	22.29602			0.00473	0.00291		1.5598	0.9746	0.00118	0.00208	0.01869		0.00397		0.00483	0.00517			6.11268	0.00152	0.00232		0.00264	0.00324	0.00502	0.00311	0.01083	0.01182	5.47692	0.00058	0.00397		0.00114	0.00799	0.00148	0.00455	0.00494	0.00273		0.00464			0.00043	0.00216	0.00965	0.00374	0.00089		0.07131	22.71449	0.00103		0.0067	0.07034	0.00205	0.00077	10.91652	0.0318	0.00549	0.0576	0.00247	0.00236	0.00308		10.36527	0.00131	0.65936	1.20395	0.01465		BayesPrism	prevail_cu_cfrna_131
0.00196	0.00219	0.00334	0.00391	0.00277	0.0013	0.00553	0.00287			0.00129		6.43749	0.43465		0.00126	4.14806	0.00346		0.00145	0.00158		0.00084	0.92496		8.48547		0.00124	0.00373	0.00298		0.00117	1.41323	0.00193	0.00158	31.63039			0.00122	0.00138		2.1745	0.00557	0.00093	0.00182	0.00195		0.00142		0.00128	0.00179			4.73317	0.00119	0.00154		0.00132	0.00113	0.0017	0.00135	0.00149	0.00225	5.24081	0.00066	0.00085		0.00096	0.02181	0.00094	0.0024	0.00262	0.00128		0.00272			0.00051	0.00158	0.00145	0.0012	0.00079		0.14418	17.52025	0.00078		0.00334	0.00164	0.00162	0.00112	11.22534	0.7517	0.00268	0.02675	0.00188	0.00206	0.00157		4.05961	0.00259	0.00366	0.5095	0.00149		BayesPrism	prevail_cu_cfrna_142
0.00391	0.00607	0.07509	0.03385	0.0026	0.0016	0.01078	0.00958			0.00244		12.40977	0.49958		0.00167	2.7248	0.00508		0.1028	0.00231		0.00184	0.61665		4.73302		0.00427	0.00463	0.00694		0.00249	3.0686	0.00387	0.00465	28.08682			0.00436	0.00226		1.8706	1.67879	0.00258	0.00115	0.01498		0.00253		0.01591	0.00271			5.28018	0.00297	0.00457		0.00463	0.00261	0.02282	0.00256	0.00606	0.00665	2.4128	0.00091	0.00077		0.00436	0.10444	0.0029	0.00262	0.03971	0.00278		0.00472			0.00334	0.00161	0.00573	0.00185	0.00109		0.01941	19.94634	0.00158		0.00337	0.0031	0.00181	0.00324	8.11891	0.31846	0.04967	0.81243	0.00309	0.00245	0.00232		5.27883	0.00238	0.01483	1.40763	0.06593		BayesPrism	prevail_cu_cfrna_118
0.00181	0.00263	0.00317	0.00635	0.00281	0.00124	0.00266	0.00211			0.0011		3.73459	1.2751		0.00112	2.26734	0.00318		0.00577	0.00165		0.00054	0.63809		5.37314		0.00186	0.00757	0.00528		0.00108	1.8721	0.0027	0.00119	30.79918			0.00257	0.00177		2.54394	0.00805	0.00299	0.00238	0.0018		0.00174		0.00104	0.00137			8.08086	0.00182	0.00131		0.00088	0.00189	0.00163	0.0012	0.00149	0.00435	9.97347	0.00049	0.00292		0.0018	0.00453	0.00111	0.00223	0.01829	0.00612		0.00189			0.00089	0.00146	0.0018	0.00166	0.00057		0.00394	18.20382	0.00097		0.00351	0.00164	0.00147	0.00137	9.92666	0.13887	0.00605	2.69256	0.00294	0.00115	0.00259		1.94573	0.00276	0.00327	0.32825	0.03478		BayesPrism	prevail_cu_cfrna_109
0.00121	0.01925	0.00422	0.0022	0.00355	0.00109	0.0559	0.00307			0.00092		0.32138	0.11348		0.00155	3.75774	0.00214		0.00376	0.00131		0.00064	2.15406		6.43741		0.00144	0.004	0.00106		0.00107	3.34243	0.00256	0.00109	29.17964			0.02447	0.0032		3.28134	0.00484	0.00097	0.00121	0.0032		0.00079		0.00185	7.62486			0.52374	0.00112	0.00201		0.00078	0.00103	0.00192	0.00198	0.00851	0.00144	3.15706	0.00039	0.00057		0.00166	0.00429	0.00191	0.00277	0.00289	0.00265		0.00269			0.00115	0.00085	0.00178	0.00149	0.00041		0.88848	20.25682	0.00052		0.06727	0.00128	0.00203	0.00046	3.31853	0.00689	0.00199	11.40217	0.0014	1.24258	0.00271		1.64382	0.00214	0.00204	1.06445	0.00441		BayesPrism	prevail_cu_cfrna_110
0.00634	0.00311	0.58466	0.00483	0.00223	0.00534	0.00447	0.00208			0.00547		2.36238	1.09364		0.00222	1.47678	0.06034		0.26431	0.00166		0.00281	5.59936		1.0148		0.00502	0.00993	0.05857		0.00853	3.98898	0.05236	0.0028	18.79223			0.01287	0.00305		2.04397	0.00632	0.00061	0.45766	0.00233		0.04051		0.00335	1.08658			10.78727	0.01313	2.25433		0.00225	0.0026	0.00528	0.00291	0.09374	0.36238	9.2479	0.00222	0.00219		0.00093	0.00559	0.00714	0.01182	2.021	0.13054		0.00289			0.00033	0.02755	0.00223	0.03758	0.00105		0.10322	18.3027	0.0058		0.0029	0.46744	0.00126	0.00793	6.46232	0.17138	0.04257	1.54583	0.00138	0.01259	0.00477		7.84898	0.00076	0.00303	0.00406	0.91373		BayesPrism	prevail_cu_cfrna_112
0.00132	0.00301	0.01098	0.00258	0.00343	0.00185	0.00379	0.00151			0.00076		4.82286	0.49621		0.00198	2.53431	0.00191		0.00231	0.0012		0.00122	0.24349		8.29389		0.00124	0.00233	0.00375		0.00093	1.17843	0.00172	0.00115	44.65747			0.0015	0.00123		2.66139	0.00192	0.00055	0.00096	0.00139		0.0013		0.00101	0.00148			5.05896	0.00143	0.00138		0.00115	0.00153	0.00134	0.00135	0.00104	0.00204	6.08847	0.00166	0.00113		0.00181	0.00913	0.00106	0.00222	0.00258	0.00146		0.00154			0.00124	0.0009	0.00159	0.00145	0.00117		0.00325	11.28564	0.00078		0.00282	0.00245	0.00083	0.00059	6.75195	0.33216	0.00105	2.06556	0.00084	0.00143	0.0011		3.32049	0.00068	0.00235	0.08728	0.00267		BayesPrism	prevail_cu_cfrna_166
0.00113	0.00571	0.00102	0.00227	0.00299	0.00119	0.00743	0.00301			0.00074		12.22884	0.01594		0.00083	3.11163	0.00293		0.00089	0.00131		0.00049	0.29621		7.60349		0.00152	0.0013	0.00105		0.00081	0.69861	0.00118	0.00071	39.06331			0.00126	0.00128		2.63055	0.0163	0.00055	0.00208	0.00329		0.00082		0.00103	0.00153			4.66895	0.00075	0.00104		0.00089	0.00121	0.00136	0.00099	0.00136	0.00216	2.28744	0.00038	0.00085		0.00062	0.00449	0.00092	0.00293	0.0026	0.0013		0.00159			0.00035	0.00066	0.00143	0.00128	0.00091		0.02904	11.61673	0.00084		0.00425	0.00157	0.00122	0.00072	8.75432	0.77795	0.00104	1.48809	0.00067	0.00242	0.00095		3.60655	0.00065	0.00355	1.00571	0.00203		BayesPrism	prevail_cu_cfrna_159
0.00125	0.00353	0.00194	0.0017	0.00298	0.00095	0.00494	0.00158			0.00074		4.64683	0.07689		0.00151	3.92803	0.00382		0.00097	0.00193		0.00062	0.51667		8.79218		0.0013	0.00115	0.00201		0.00111	0.41422	0.00124	0.00171	41.65621			0.00157	0.00133		1.98979	0.0035	0.0006	0.00099	0.00182		0.00089		0.00093	0.00141			6.03087	0.00062	0.00114		0.00177	0.00102	0.0011	0.00111	0.00072	0.00182	5.55863	0.00046	0.00064		0.00082	0.00911	0.00102	0.00159	0.0026	0.00118		0.00263			0.00035	0.0008	0.0012	0.00091	0.00055		0.01367	14.91339	0.00081		0.00415	0.00135	0.00109	0.00058	6.91235	0.15402	0.00134	1.5257	0.00081	0.00164	0.00133		2.47029	0.00061	0.00243	0.29982	0.00112		BayesPrism	prevail_cu_cfrna_167
0.00239	1.1609	0.00987	0.03005	0.00385	0.00189	0.09395	0.00378			0.00144		17.40953	2.26576		0.00144	2.90664	0.00488		0.0016	0.00265		0.00104	0.05907		3.67226		0.00144	0.00171	0.00274		0.00083	3.21423	0.00228	0.00106	14.13621			0.03936	0.00152		3.70689	18.16458	0.00092	0.66376	0.00208		0.00103		0.00084	0.00585			0.00367	0.00644	0.00186		0.00138	0.00111	0.00513	0.00121	2.97	0.00252	0.05839	0.00165	0.00097		0.00167	0.00337	0.00162	0.00299	0.05446	0.00332		0.00408			0.00072	0.00193	0.00175	0.0015	0.00156		0.36781	8.30514	0.00119		0.00749	0.00565	0.00147	0.00125	13.50304	1.20807	0.10918	0.00354	0.00316	0.00368	0.00195		3.25799	0.00518	0.00336	2.47114	0.02611		BayesPrism	prevail_cu_cfrna_150
0.0031	0.00361	0.10528	0.03944	0.00394	0.00238	0.00611	0.00297			0.00184		2.66044	3.13477		0.00588	3.7967	0.01551		0.00535	0.00281		0.00117	0.50596		6.43293		0.00203	0.00295	0.00859		0.00162	3.19847	0.00237	0.01041	21.88163			0.00347	0.00404		1.92935	0.00984	0.001	0.05577	0.00243		0.00123		0.00293	0.00184			3.60481	0.00153	0.00382		0.00119	0.0016	0.0068	0.00156	0.05574	0.00351	8.87315	0.00058	0.00082		0.00264	0.00621	0.00122	0.00298	0.14349	0.00725		0.00292			0.00118	0.00223	0.00229	0.00178	0.00384		0.0059	24.43141	0.0021		0.00357	0.01479	0.00159	0.00658	15.71704	0.15092	0.01794	0.00641	0.00123	0.00199	0.00173		2.97167	0.00099	0.01068	0.02646	0.04367		BayesPrism	prevail_cu_cfrna_169
0.00873	0.00338	0.17926	0.00399	0.00663	0.00178	0.00581	0.0031			0.00876		3.93308	2.15645		0.00132	3.36398	0.00723		0.09725	0.00399		0.00168	0.61743		7.84866		0.00154	0.00446	0.02604		0.007	3.48075	0.00283	0.00118	32.86559			0.01404	0.00156		3.02164	0.02017	0.00199	0.00223	0.00228		0.00131		0.00875	0.00199			5.20524	0.00198	0.00137		0.00083	0.00172	0.00209	0.00156	0.03414	0.04446	4.72736	0.00056	0.005		0.00387	0.11007	0.00149	0.00218	0.15648	0.03543		0.00273			0.0025	0.00468	0.00337	0.00115	0.00111		0.00729	19.52578	0.00134		0.00708	0.00476	0.00122	0.00059	8.6148	0.455	0.08229	0.02764	0.00205	0.00193	0.00205		2.47298	0.00819	0.00501	0.51273	0.19799		BayesPrism	prevail_cu_cfrna_162
0.00567	0.00473	0.10749	0.01325	0.00317	0.00164	0.0047	0.00327			0.00284		3.72801	1.4179		0.00141	2.8257	0.01117		0.05455	0.00266		0.00172	0.37936		7.47055		0.00169	0.00243	0.00878		0.00106	2.64261	0.00326	0.00236	32.2776			0.0154	0.00249		2.86461	0.00551	0.00241	0.00188	0.00215		0.00121		0.00207	0.00132			5.82305	0.00983	0.00223		0.00098	0.00174	0.00197	0.00259	0.0026	0.01284	5.23237	0.00048	0.00315		0.01631	0.23206	0.00164	0.0032	0.04178	0.01455		0.003			0.00083	0.00624	0.00251	0.00144	0.00062		0.02574	21.25733	0.0014		0.00465	0.00712	0.00192	0.00408	9.08586	0.20724	0.01031	0.06437	0.00169	0.0017	0.00133		3.68478	0.00158	0.00392	0.30865	0.02969		BayesPrism	prevail_cu_cfrna_151
0.00146	0.00299	0.02521	0.00195	0.00225	0.00161	0.00412	0.0016			0.001		0.8989	0.40365		0.00148	6.50641	0.00206		0.00147	0.00145		0.00059	3.9511		10.73548		0.00118	0.00157	0.00106		0.00603	0.33969	0.0012	0.00107	41.39105			0.00274	0.00233		2.24158	0.00303	0.00187	0.00089	0.00174		0.00123		0.00135	0.00166			5.58188	0.00201	0.00131		0.00107	0.00123	0.0011	0.0014	0.00089	0.00169	4.81703	0.00067	0.00094		0.00149	0.00288	0.00155	0.00224	0.00256	0.00142		0.00155			0.00064	0.00089	0.00198	0.00122	0.01865		0.00223	13.06985	0.00088		0.00247	0.0014	0.00161	0.00075	1.71362	0.01397	0.00104	5.84097	0.00097	0.00345	0.0011		2.3436	0.00082	0.00243	0.00234	0.00216		BayesPrism	prevail_cu_cfrna_170
0.00232	0.00417	0.00259	0.00861	0.00259	0.0028	0.00427	0.01172			0.00172		15.99093	0.04336		0.00136	1.76322	0.00721		0.00235	0.00333		0.001	0.03694		3.51983		0.00285	0.0021	0.00132		0.00174	1.74485	0.00348	0.00234	26.42955			0.00325	0.00529		1.65081	0.51579	0.00095	0.00119	0.00935		0.01644		0.0024	0.00239			4.18259	0.00113	0.00299		0.00663	0.00586	0.00153	0.00283	0.00134	0.01037	0.1916	0.00053	0.00068		0.00106	0.02579	0.00288	0.00246	0.00387	0.00306		0.0031			0.00032	0.0032	0.00593	4.21093	0.00065		0.01651	17.36674	0.00104		0.00456	0.03061	0.00148	0.00129	6.40509	0.65555	0.003	0.48365	0.00377	0.00288	0.00278		8.12486	0.00309	4.24313	2.16695	0.00525		BayesPrism	prevail_cu_cfrna_148
0.00172	0.00259	0.00427	0.00343	0.00707	0.00157	0.00587	0.00541			0.00104		5.54008	0.06772		0.00279	3.27745	0.00398		0.00166	0.00201		0.00072	0.22053		6.02002		0.0015	0.00168	0.00319		0.00123	1.21664	0.00185	0.00119	38.70286			0.00227	0.00218		1.98804	0.02621	0.00174	0.0012	0.00496		0.00162		0.00158	0.00183			6.73532	0.001	0.00148		0.0011	0.00178	0.00317	0.00206	0.00128	0.00164	2.86767	0.00052	0.00073		0.00187	0.0186	0.00137	0.00225	0.00433	0.00182		0.00381			0.0008	0.00143	0.00269	0.00242	0.0008		0.019	18.34454	0.00084		0.00526	0.00317	0.00226	0.00062	8.40306	0.39822	0.00123	1.01529	0.00157	0.00158	0.00276		3.94514	0.0036	0.01087	1.04692	0.0024		BayesPrism	prevail_cu_cfrna_149
0.00348	0.00504	0.1057	0.05622	0.0027	0.00237	0.009	0.0095			0.00363		15.82422	0.00693		0.00152	2.26362	0.00511		0.00317	0.00534		0.00062	0.1994		3.93998		0.0079	0.00195	0.00799		0.00237	1.89554	0.01686	0.00144	20.35949			0.00239	0.00523		0.94964	0.9357	0.00073	0.00147	0.01498		0.00365		0.00165	0.0028			2.93036	0.00132	0.0026		0.00163	0.00365	0.00293	0.00158	0.00105	0.00375	1.0439	0.00056	0.00086		0.00647	0.09617	0.0021	0.00242	0.01757	0.00886		0.00645			0.00049	0.00178	0.06449	0.00296	0.00059		0.02026	22.51939	0.00154		0.00402	0.01862	0.00145	0.0024	11.99211	0.95966	0.00333	0.03683	0.00219	0.00296	0.00164		7.98389	0.001	2.7402	2.83911	0.00553		BayesPrism	prevail_cu_cfrna_164
0.00526	0.00718	0.06699	0.00452	0.00361	0.00245	0.03561	0.00333			0.00231		14.41396	2.29493		0.00134	2.61984	0.00573		0.00263	0.00222		0.00061	0.9378		7.45833		0.00117	0.00337	0.00551		0.00104	3.15344	0.00216	0.0108	28.74367			0.03433	0.00258		3.43346	2.78084	0.00208	0.50254	0.00217		0.00117		0.00211	0.00304			1.0175	0.00229	0.00329		0.00098	0.00124	0.00236	0.00189	0.78833	0.00376	1.70118	0.00157	0.00108		0.00161	0.27404	0.00131	0.00238	0.0772	0.01558		0.00363			0.00052	0.00334	0.00283	0.00141	0.00059		0.18596	10.87256	0.00127		0.00917	0.00496	0.0017	0.00059	13.16227	0.53196	0.08376	0.32616	0.00223	0.00202	0.00211		2.57406	0.00128	0.00328	1.69571	0.07491		BayesPrism	prevail_cu_cfrna_165
0.00202	0.00304	1.08317	0.28134	0.00383	0.92787	0.00683	0.0063			0.02206		25.79197	0.00298		0.03031	0.01052	0.88119		0.14772	0.0042		0.00052	3.57254		0.00135		0.00369	0.05752	0.00167		0.12341	3.37329	0.00154	0.02136	3.56252			0.00247	0.00181		0.29915	0.00761	0.00077	0.00182	0.00225		0.00225		0.0082	0.01339			0.00354	0.00136	5.977		0.00164	0.00197	0.00603	0.00233	0.00132	0.00341	0.00486	0.00061	0.00989		0.00374	0.00116	0.00215	0.00496	0.00452	0.0019		0.00315			0.00735	0.32836	0.00408	17.22506	0.00892		0.00186	0.00435	0.0046		0.00527	0.29916	0.0017	0.00306	2.48607	4.46359	0.1573	0.00175	0.00493	0.00583	0.00195		13.282	0.02892	12.59763	1.73266	1.04356		BayesPrism	prevail_cu_cfrna_171
0.00092	0.00238	0.03921	0.0017	0.00177	0.001	0.00351	0.00093			0.00076		0.22361	0.25644		0.00114	4.57595	0.00336		0.00137	0.00104		0.00061	2.89165		9.71725		0.00069	0.00176	0.00123		0.00093	0.94171	0.00112	0.00267	43.94799			0.00209	0.00162		2.97871	0.00355	0.00087	0.00065	0.0014		0.00098		0.00127	0.00091			6.13513	0.00105	0.00115		0.00064	0.00075	0.001	0.00082	0.00163	0.00096	7.23481	0.00063	0.00111		0.00092	0.00324	0.00091	0.0021	0.00296	0.00132		0.00133			0.00054	0.00083	0.00105	0.00071	0.00098		0.00353	11.08643	0.00073		0.00379	0.00082	0.0011	0.0006	3.67239	0.03161	0.00107	4.30927	0.0016	0.00151	0.00156		1.83179	0.00106	0.00159	0.03616	0.00206		BayesPrism	prevail_cu_cfrna_152
0.00471	0.00492	0.43359	0.19921	0.00687	0.00774	0.00605	0.01307			0.00452		15.17903	0.0285		0.00326	2.56056	0.00914		0.18653	0.00948		0.00236	12.75169		1.32174		0.01255	0.00354	0.00201		0.06191	3.75035	0.00291	0.00317	18.14559			0.21865	0.00962		0.9752	0.02174	0.08167	0.02507	0.00843		0.00278		0.08401	1.13067			0.07691	0.00191	0.12726		0.00358	0.00274	0.00391	0.05639	0.00263	0.00824	0.00785	0.00091	0.00728		0.00749	0.06283	0.00478	0.00958	0.04131	0.12706		0.0141			0.00282	0.00247	0.9419	0.0824	0.02961		0.01363	19.42796	0.00295		0.00742	0.57824	0.12862	0.02527	0.88737	0.42199	0.01197	4.38837	0.00948	2.00528	0.00565		7.86637	0.00487	4.62502	0.01506	0.67568		BayesPrism	prevail_cu_cfrna_174
0.00106	0.64877	0.00069	0.0014	0.00474	0.48938	0.006	0.00152			0.00111		0.0986	0.01555		0.00075	0.00153	0.00228		0.0014	0.00104		0.00042	2.13673		0.00102		0.00061	0.00165	0.00082		0.00071	0.58397	0.00075	0.00064	0.47762			16.39059	0.00056		0.28739	40.94412	0.0005	0.73298	0.00141		0.00081		0.00094	1.43108			0.00082	0.00067	0.00115		0.00052	0.00062	0.00145	0.00129	2.66421	0.00076	0.00096	0.00035	0.00041		0.00051	0.00079	0.00086	0.00111	0.00226	0.00083		0.00164			0.00028	0.00074	0.00061	3.26156	0.02188		0.00172	0.00102	0.4425		1.70023	0.0019	0.00111	0.01113	0.23177	0.76434	0.3715	0.00071	0.0011	0.01532	0.00086		0.00172	0.00039	0.00309	26.1927	0.01948		BayesPrism	prevail_cu_cfrna_181
0.04244	0.87001	1.59638	1.35848	0.00384	0.00246	0.01567	0.01106			0.00891		13.94312	0.03932		0.00261	0.30077	0.51971		0.67713	3.37041		0.00245	5.60165		0.0084		0.0442	0.18275	0.0206		0.00285	6.83474	0.00897	0.00213	7.51468			0.1552	0.00331		0.59188	1.37789	0.00116	0.02589	0.00417		0.0108		0.40247	2.42988			0.01355	0.01776	0.04506		0.00085	0.02555	0.00296	0.0229	0.00223	1.07362	0.01987	0.01109	0.03467		0.00117	0.00617	0.00321	0.03402	1.25129	0.54806		0.00306			0.00228	0.12272	0.66006	14.08768	0.00061		0.00767	5.18192	0.00198		0.00499	2.76782	0.05328	0.00334	4.27584	0.83228	0.39846	0.00196	0.00454	0.13088	0.01541		12.67759	0.01896	5.12926	0.58089	1.93412		BayesPrism	prevail_cu_cfrna_183
0.00143	0.00567	0.25649	0.04274	0.00598	0.00198	0.00842	0.0026			0.00137		0.16321	0.78804		0.00282	2.77854	0.00763		0.19716	0.00269		0.00144	5.60457		7.49058		0.00132	0.00798	0.00231		0.00406	3.59743	0.0037	0.00427	37.81804			0.00347	0.00238		3.49349	0.00645	0.01432	0.00111	0.00193		0.00205		0.00286	0.00568			3.00823	0.01403	0.00437		0.00116	0.0021	0.00269	0.0022	0.00461	0.00208	7.79203	0.0024	0.00537		0.018	0.02775	0.0018	0.00563	0.15565	0.00457		0.00561			0.00075	0.00106	0.00281	0.00157	0.0025		0.00987	8.52691	0.00169		0.01031	0.00272	0.00256	0.0009	3.24633	0.00808	0.08321	9.48553	0.00172	0.00914	0.00254		5.07682	0.00689	0.00261	0.00817	0.10881		BayesPrism	prevail_cu_cfrna_175
0.00173	0.00394	0.02706	0.00481	0.00282	0.00122	0.00419	0.00325			0.00122		5.11335	0.03013		0.00125	3.96298	0.00296		0.0024	0.00232		0.00083	7.0199		6.83627		0.00175	0.00135	0.00209		0.0022	1.36434	0.00135	0.00106	38.97826			0.0041	0.00276		1.96705	0.00322	0.00792	0.00079	0.00173		0.00101		0.00179	0.00268			3.65159	0.0012	0.00282		0.00171	0.00117	0.00199	0.00187	0.00093	0.00156	2.51442	0.00144	0.00084		0.00217	0.00514	0.00204	0.00238	0.00342	0.00187		0.00212			0.00226	0.00096	0.00319	0.00228	0.00287		0.00271	16.05385	0.00081		0.00396	0.0013	0.00407	0.00146	2.48828	0.27108	0.00134	5.81941	0.00084	0.029	0.00181		3.72976	0.00083	0.00252	0.00388	0.00276		BayesPrism	prevail_cu_cfrna_177
0.00077	0.00369	0.00192	0.00338	0.00225	0.00115	0.00469	0.00449			0.0007		11.66949	0.00194		0.00133	1.55983	0.00228		0.0009	0.00188		0.00056	5.95459		4.16483		0.00173	0.00082	0.0005		0.00062	0.92105	0.0011	0.00073	39.32425			0.00289	0.00215		0.96068	0.00256	0.00109	0.0006	0.00308		0.00146		0.00237	1.21956			0.0391	0.00052	0.00244		0.00068	0.00102	0.00146	0.00106	0.00089	0.0008	0.00238	0.00031	0.0008		0.00152	0.00287	0.00098	0.00169	0.00206	0.00122		0.00397			0.0004	0.00063	0.003	0.00112	0.00092		0.00136	11.66413	0.00041		0.00991	0.00124	0.00382	0.00045	3.82676	0.38002	0.00079	11.61181	0.00078	0.49371	0.00156		6.09398	0.00103	0.00194	0.00572	0.00083		BayesPrism	prevail_cu_cfrna_179
0.0009	0.00253	0.00086	0.00105	0.00155	0.00148	0.00192	0.00144			0.0006		3.98056	0.17898		0.00076	5.79079	0.0024		0.00078	0.00108		0.00041	2.39364		10.37035		0.00127	0.00114	0.00076		0.00056	0.96129	0.00092	0.00089	34.99182			0.00145	0.00091		2.29726	0.00641	0.00046	0.0007	0.0016		0.00071		0.00063	0.00134			5.42834	0.00046	0.00096		0.00201	0.00065	0.00082	0.0009	0.00044	0.00117	3.68653	0.00035	0.00044		0.00058	0.00244	0.00095	0.00171	0.00375	0.00101		0.00155			0.00022	0.00065	0.0012	0.00088	0.00094		0.00587	14.00513	0.00052		0.00364	0.00092	0.00081	0.0004	10.25426	1.55903	0.00088	0.69417	0.00075	0.00215	0.00085		3.10082	0.00054	0.00194	0.22515	0.00104		BayesPrism	prevail_cu_cfrna_182
0.00328	0.00929	0.44216	0.35937	0.00493	0.00148	0.01474	0.02143			0.0038		13.59445	0.01518		0.00318	2.07457	0.00721		0.47846	0.00277		0.00125	8.63351		1.39821		0.00622	0.13307	0.02202		0.03894	5.07681	0.01193	0.01227	14.9506			0.15499	0.01246		1.05794	1.84521	0.00102	0.00175	0.00492		0.00125		0.00488	1.15496			0.72672	0.01603	0.03819		0.00638	0.00439	0.02801	0.00511	0.01121	0.00912	0.11142	0.00356	0.03343		0.00814	0.01646	0.00301	0.00591	1.02817	0.33063		0.01296			0.00074	0.01048	0.70143	6.79741	0.05426		0.08364	19.66911	0.00139		0.00777	0.15834	0.0085	0.00587	3.90151	0.57574	0.09531	2.63723	0.03322	0.56013	0.00398		4.54233	0.01061	4.70008	0.38081	1.10071		BayesPrism	prevail_cu_cfrna_185
0.0023	0.00473	0.06822	0.04269	0.00494	0.00266	0.00434	0.01853			0.00278		10.3795	0.0171		0.00249	2.05521	0.00609		0.00249	0.00899		0.00093	1.2138		2.75088		0.10432	0.00747	0.00127		0.0085	2.52559	0.00478	0.00128	16.33486			0.00804	0.03346		1.12354	4.14103	0.00439	0.00082	0.0065		0.0108		0.00277	0.00266			1.29992	0.00089	0.00207		0.00198	0.00329	0.00277	0.0021	0.00095	0.00594	1.04934	0.00053	0.00609		0.00091	0.00895	0.00125	0.0024	0.00794	0.0019		0.00491			0.0003	0.01456	0.23179	0.00499	0.00178		0.09309	26.38604	0.00092		0.00554	0.14979	0.0178	0.00102	11.07476	0.96175	0.00462	0.0118	0.00145	0.00324	0.0066		6.84855	0.00223	5.84549	4.98831	0.02867		BayesPrism	prevail_cu_cfrna_228
0.00125	0.00525	0.00176	0.01126	0.003	0.00105	0.00424	0.00611			0.00106		13.15565	0.00953		0.00131	2.7921	0.00337		0.00118	0.00173		0.00087	0.21885		4.79688		0.00231	0.00146	0.00079		0.0015	1.33522	0.00179	0.00121	33.96257			0.00651	0.00646		1.48714	0.86591	0.00059	0.00084	0.0044		0.00231		0.00196	0.00159			6.22214	0.00068	0.00132		0.00147	0.00304	0.0015	0.00123	0.00076	0.00166	0.87564	0.00039	0.00187		0.00081	0.00248	0.00096	0.0025	0.00289	0.00118		0.00216			0.00031	0.00104	0.00449	0.00132	0.00097		0.1391	14.98158	0.00078		0.00184	0.00159	0.00131	0.00059	10.02896	0.58561	0.00163	2.43109	0.00126	0.00189	0.00154		5.06341	0.00097	0.00682	0.91517	0.00107		BayesPrism	prevail_cu_cfrna_230
0.00084	0.00503	0.05012	0.00429	0.00288	0.00086	0.00265	0.00178			0.00066		2.30604	0.01233		0.00104	2.4407	0.00235		0.00415	0.00126		0.00061	10.66902		6.86009		0.00078	0.00161	0.00168		0.00111	1.08975	0.00097	0.00177	43.60239			0.01193	0.00107		2.26785	0.00384	0.00057	0.00061	0.00152		0.00106		0.00175	0.00314			1.21452	0.00099	0.00224		0.00106	0.00101	0.0013	0.00089	0.00115	0.00104	3.49469	0.00038	0.00081		0.00196	0.00542	0.0017	0.00186	0.00375	0.00189		0.00195			0.00156	0.00062	0.00146	0.00134	0.00043		0.00256	5.8441	0.00069		0.00466	0.00142	0.00141	0.0006	1.79424	0.12799	0.00238	14.57188	0.00098	0.32421	0.00094		3.20814	0.00312	0.00155	0.00227	0.00278		BayesPrism	prevail_cu_cfrna_191
0.00166	0.00536	0.09662	0.00349	0.00727	0.00158	0.00232	0.00154			0.00091		4.42633	0.33854		0.00108	4.12499	0.0059		0.04854	0.00182		0.00197	4.53026		11.41303		0.00083	0.00274	0.01633		0.00202	2.30344	0.00116	0.0021	42.32346			0.03082	0.00185		3.96004	0.00203	0.00055	0.00072	0.0013		0.00077		0.0033	0.00123			0.97839	0.00099	0.00258		0.00054	0.00077	0.00086	0.00119	0.00143	0.0017	1.50469	0.00035	0.00122		0.00098	0.04459	0.0012	0.00233	0.1483	0.00197		0.00182			0.00045	0.00096	0.00164	0.00077	0.00062		0.00188	8.47261	0.00075		0.00363	0.00128	0.00093	0.00258	6.8216	1.30435	0.00507	1.85124	0.00105	0.00306	0.00089		5.11601	0.00063	0.00117	0.01947	0.02355		BayesPrism	prevail_cu_cfrna_192
0.00216	0.03685	0.26618	0.04981	0.00602	0.00266	0.00488	0.00156			0.00193		5.04433	0.27243		0.00303	3.95659	0.11295		0.22754	0.00209		0.00185	12.16528		6.41608		0.00148	0.00525	0.0067		0.00269	3.25144	0.00259	0.00216	25.65835			0.00653	0.00248		2.7764	0.00666	0.00068	0.00103	0.00195		0.00344		0.00343	0.0054			2.65937	0.00949	0.00264		0.00124	0.00785	0.00246	0.00169	0.00176	0.00402	3.79843	0.00035	0.00376		0.01748	0.01878	0.00445	0.00185	0.21867	0.00311		0.00326			0.00132	0.00322	0.00141	0.00163	0.00132		0.00324	14.55886	0.00149		0.01616	0.00296	0.00172	0.0006	8.64345	0.5341	0.05121	2.90883	0.02025	0.00887	0.00686		5.99722	0.00515	0.0026	0.04021	0.11378		BayesPrism	prevail_cu_cfrna_193
0.00387	0.00726	0.21678	0.03425	0.00626	0.00292	0.00478	0.00274			0.00186		7.18572	0.66459		0.00453	4.64555	0.00835		0.12197	0.00186		0.001	9.89601		5.44913		0.00219	0.00524	0.00376		0.01265	3.90706	0.00236	0.0018	20.85108			0.05999	0.00194		2.91498	0.00679	0.0008	0.00546	0.00189		0.00124		0.0041	0.37064			2.69218	0.00208	0.00504		0.00133	0.00147	0.00635	0.00303	0.0133	0.00314	2.97854	0.00445	0.0046		0.0043	0.00209	0.00235	0.00512	0.38618	0.00322		0.00255			0.00124	0.002	0.00444	0.0013	0.00069		0.00743	15.989	0.0013		0.00945	0.00584	0.00568	0.0049	9.74568	1.15604	0.11018	3.13245	0.00287	0.814	0.02194		6.13559	0.00148	0.0021	0.11265	0.19703		BayesPrism	prevail_cu_cfrna_194
0.00068	0.00233	0.02617	0.00368	0.00935	0.00126	0.00168	0.0011			0.00063		4.21961	0.01926		0.00126	3.70946	0.00392		0.00394	0.00126		0.0005	4.29831		8.30132		0.00068	0.00228	0.00335		0.00757	1.40508	0.00071	0.0017	45.04641			0.00136	0.00104		2.90478	0.00164	0.00395	0.00051	0.00108		0.0007		0.00224	0.002			0.02849	0.00103	0.00191		0.0006	0.00054	0.00104	0.00112	0.00077	0.00109	7.21121	0.00038	0.00177		0.00294	0.00259	0.00149	0.00167	0.0028	0.00087		0.00185			0.00083	0.00064	0.00093	0.00072	0.00148		0.00219	4.40698	0.00054		0.00441	0.00081	0.002	0.00063	4.3841	0.70327	0.00121	5.44292	0.00084	0.00376	0.00132		7.77659	0.00082	0.00113	0.00173	0.0032		BayesPrism	prevail_cu_cfrna_195
0.00082	0.00298	0.04976	0.00333	0.00264	0.00192	0.00273	0.00102			0.00068		0.22755	0.32297		0.00176	4.28999	0.00595		0.02311	0.0011		0.00265	9.52534		10.82696		0.00083	0.00176	0.00374		0.00137	1.62274	0.00091	0.00227	38.44949			0.00792	0.00108		3.11679	0.00252	0.00129	0.00065	0.00116		0.00124		0.00207	0.00195			3.01654	0.00184	0.00224		0.00053	0.00545	0.00156	0.0006	0.00124	0.00126	3.92554	0.00107	0.00167		0.00214	0.00466	0.0009	0.00157	0.0076	0.00132		0.00178			0.00045	0.00067	0.00121	0.00085	0.0018		0.00173	10.29654	0.00089		0.00559	0.00121	0.00208	0.00055	4.94784	0.17551	0.00194	6.00925	0.00178	0.00374	0.00158		3.03863	0.00224	0.0013	0.00637	0.00374		BayesPrism	prevail_cu_cfrna_196
0.00265	0.00151	0.12	0.03555	0.00172	0.00158	0.00332	0.00427			0.00219		9.84236	0.06231		0.00134	2.16948	0.00218		0.04659	0.00267		0.00062	17.68452		1.68433		0.00423	0.01185	0.02157		0.00456	3.2307	0.00139	0.00135	19.62234			0.06302	0.00845		0.8109	0.29001	0.00166	0.00565	0.01143		0.00288		0.00297	0.06034			0.08114	0.00218	0.00242		0.00272	0.00401	0.00224	0.00403	0.00112	0.0013	0.00255	0.00045	0.00459		0.0011	0.01671	0.00162	0.00365	0.00571	0.00598		0.00765			0.00031	0.00222	0.89571	4.23869	0.1486		0.00153	24.82629	0.00075		0.00616	0.01744	0.02541	0.00089	2.04195	0.47774	0.01006	4.88058	0.00192	2.14494	0.00261		3.35586	0.00104	0.76727	0.02325	0.15312		BayesPrism	prevail_cu_cfrna_197
0.00164	0.00184	0.04366	0.01503	0.00134	0.00108	0.00257	0.00201			0.00105		6.1513	0.42725		0.00126	2.79796	0.00386		0.01906	0.00241		0.00054	9.35919		3.35094		0.00251	0.00252	0.03972		0.00717	2.64458	0.00174	0.01156	30.09171			0.00557	0.00293		1.03769	0.00618	0.0009	0.00215	0.00384		0.001		0.00198	0.00227			2.72003	0.00573	0.01348		0.00773	0.00123	0.00352	0.00285	0.00074	0.00223	3.12075	0.00048	0.00737		0.00097	0.00797	0.00186	0.0048	0.0273	0.00926		0.00294			0.00027	0.00132	0.03912	0.00277	0.12519		0.00517	23.89597	0.00074		0.00497	0.00253	0.0039	0.00092	3.82199	0.10612	0.00231	3.70496	0.00098	0.00923	0.00195		6.26218	0.00227	0.00303	0.00189	0.00897		BayesPrism	prevail_cu_cfrna_272
0.00243	0.00909	0.24187	0.36387	0.00183	0.00249	0.20818	0.10954			0.5891		9.06781	0.0016		0.00165	0.26571	0.006		0.29631	4.89219		0.00073	13.49063		0.00136		1.17255	0.26462	0.00112		0.0561	5.33904	0.00174	0.05219	1.48291			0.2702	0.01505		0.00955	2.42622	0.00642	0.36198	0.01324		0.00117		0.23541	14.3722			0.00213	0.03453	0.33887		0.00229	0.00729	0.00402	0.00536	0.09067	0.00317	0.00183	0.0024	0.00081		0.0013	0.00146	0.01611	0.00393	0.40078	0.36249		0.00305			0.00031	0.01461	2.62382	17.45294	0.00096		0.02074	2.64654	0.00185		0.00825	2.27364	0.09427	0.00119	0.00179	1.03777	0.31987	0.0012	0.0029	2.01131	0.0039		5.66207	0.00063	7.24834	0.008	1.64648		BayesPrism	prevail_cu_cfrna_278
0.00078	0.00273	0.00561	0.01116	0.00395	0.00256	0.00302	0.00366			0.00154		16.10603	0.00562		0.00135	1.93439	0.00204		0.00166	0.00192		0.00056	15.91444		1.85419		0.00664	0.00357	0.00371		0.00092	2.06231	0.00264	0.00082	27.63258			0.00792	0.00348		0.97939	0.02194	0.00066	0.00068	0.00715		0.00079		0.00216	0.00394			1.76946	0.00076	0.00137		0.00123	0.0011	0.00169	0.0016	0.00094	0.00137	0.38194	0.0004	0.00061		0.00287	0.00231	0.0017	0.0028	0.1183	0.00171		0.00432			0.00129	0.00067	0.01005	0.00206	0.0004		0.00188	12.91154	0.00062		0.00351	0.00506	0.00141	0.001	4.55333	0.65176	0.00442	4.61717	0.00135	0.04004	0.00142		8.26965	0.00112	0.00639	0.01719	0.00168		BayesPrism	prevail_cu_cfrna_271
0.00699	0.00327	0.16144	0.30314	0.00324	0.0067	0.12306	0.00232			0.003		12.91864	0.0024		0.00104	0.01811	0.00447		0.26734	10.3291		0.00073	24.39291		0.00136		2.7561	0.17784	0.00112		0.00198	4.75265	0.00206	0.00322	1.76234			0.64532	0.00794		0.10615	2.27636	0.00954	0.13241	0.49474		0.00209		0.08998	7.31144			0.0021	0.05911	0.024		0.00587	0.0032	0.0044	0.00404	0.14641	0.00344	0.00151	0.00425	0.00063		0.00074	0.00135	0.00392	0.00173	0.42089	0.40425		0.02297			0.00022	1.35764	3.12826	5.56339	0.00136		0.00077	1.85125	0.00458		0.05775	1.95565	0.30983	0.00097	0.02449	1.01101	0.27465	0.00121	0.00232	3.75439	0.00492		5.3738	0.0013	4.15126	0.00615	0.96544		BayesPrism	prevail_cu_cfrna_270
0.00235	0.00228	0.00431	0.00737	0.00277	0.00152	0.00538	0.00374			0.00154		2.53628	1.06125		0.00298	3.1692	0.00708		0.00092	0.0024		0.00076	1.2479		7.07158		0.00162	0.00196	0.00509		0.00272	2.15198	0.00198	0.00077	27.19035			0.00169	0.00166		2.23085	0.06727	0.00062	0.00105	0.00344		0.00856		0.00126	0.00299			4.23799	0.00104	0.00245		0.00094	0.00419	0.00322	0.00203	0.00126	0.00272	4.23849	0.00123	0.00076		0.00081	0.0034	0.00098	0.00374	0.00272	0.00215		0.00334			0.00027	0.0021	0.00312	0.02337	0.00121		0.41014	25.88025	0.00096		0.00711	0.00199	0.00136	0.00369	12.09285	0.69013	0.00104	0.00301	0.00169	0.00256	0.00167		4.78693	0.00149	0.00755	0.7521	0.00251		BayesPrism	prevail_cu_cfrna_234
0.0022	0.00223	0.10045	0.14899	0.00362	0.00198	0.00169	0.00361			0.0028		3.49973	0.09075		0.00157	3.01403	0.00194		0.09663	0.00183		0.00061	13.3215		4.7022		0.00332	0.00359	0.00197		0.00488	3.10717	0.00164	0.00111	26.48674			0.07648	0.00362		1.90503	0.01725	0.00125	0.00195	0.00346		0.00296		0.00285	0.05285			0.71311	0.00178	0.00194		0.00186	0.00189	0.00215	0.00292	0.00924	0.003	0.00236	0.00043	0.00098		0.00452	0.269	0.00175	0.00326	0.01196	0.00293		0.0034			0.00064	0.00135	0.20306	9.29197	0.06876		0.00268	15.30182	0.0007		0.01527	0.00849	0.13854	0.00323	3.45602	1.065	0.05624	2.59692	0.00167	3.01814	0.00202		6.83867	0.00369	0.00321	0.05317	0.15377		BayesPrism	prevail_cu_cfrna_235
0.20793	0.06701	2.75725	1.89288	0.00394	0.00667	1.02639	0.03322			0.10595		6.58622	0.00298		0.01062	0.55191	0.07342		2.42949	3.15629		0.00229	17.57375		0.00779		0.00532	0.22568	0.00121		0.04418	9.74897	0.02277	0.04849	6.80745			0.75149	0.00944		0.4462	1.21687	0.01756	1.55531	0.01001		0.10336		0.37435	5.01401			0.00241	0.41208	0.27611		0.01577	0.03047	0.01084	0.00878	1.72898	0.88723	0.00508	0.00927	0.00089		0.00285	0.00509	0.16009	0.29847	4.51411	0.6815		0.0091			0.02149	0.14051	0.43805	1.59497	0.03175		0.00171	4.05515	0.00241		0.15412	1.57001	0.0555	0.00152	0.95953	0.02161	1.32171	0.05706	0.00661	4.62623	0.01534		9.11543	0.14892	0.02834	0.00426	3.66999		BayesPrism	prevail_cu_cfrna_269
0.00081	0.0023	0.00096	0.00124	0.00133	0.00084	0.00275	0.00222			0.00061		6.02286	0.00307		0.0007	3.03504	0.00138		0.0008	0.00093		0.00045	9.73298		6.07914		0.00112	0.001	0.00049		0.00079	0.33167	0.00076	0.00068	39.83545			0.00138	0.00091		1.33842	0.00345	0.00053	0.0004	0.00165		0.00057		0.00065	0.00262			0.01688	0.00043	0.00087		0.0009	0.00078	0.00098	0.00083	0.00049	0.00085	0.00234	0.00032	0.0004		0.0009	0.00233	0.00111	0.00099	0.00142	0.00076		0.00219			0.00046	0.00044	0.00104	0.0011	0.00085		0.00103	13.26987	0.00043		0.00444	0.00081	0.00264	0.0004	1.99198	0.07598	0.00044	14.23783	0.00055	0.38216	0.00117		3.48427	0.0005	0.00346	0.08855	0.00084		BayesPrism	prevail_cu_cfrna_236
	0.0	0.03072	0.00387		0.34514			0.00426	0.10551	0.07015			0.37815	0.0				0.05991			0.0	0.0	4.12588	0.0	0.0	0.44027			0.0	0.04734	0.01813		0.0	0.0	75.21066	0.28508	0.14358	0.28898	0.0	0.0			0.00518	0.05084		1.09454		1.14707	7.70904	0.66987	0.0	0.0		0.03556		2.82706	0.0					0.13311	0.0	0.22918	0.0	0.0	0.0	0.64232		0.0	0.04104	0.04838	0.31932		0.73787	0.01047	0.06843	0.0	0.01459		0.06741	0.01452	0.0		0.0	0.02985				0.0174	0.58603		0.05888		0.0	1.60648		0.00212		0.0		0.18689	0.04969	0.03922	ReDeconv	prevail_cu_cfrna_206
	0.0	0.16746	0.09669		3.26187			0.26563	1.05318	0.59895			0.0	0.25398				0.7274			0.17419	0.0	17.24102	0.0	0.0	1.40565			0.05367	0.24639	0.11789		0.0	0.0	29.39282	0.0	0.0	0.225	0.0	0.00921			0.0	0.37367		2.91444		3.13735	16.13659	0.88136	0.0	0.03026		0.29285		10.25401	0.0					0.35004	0.0	0.85927	0.0	0.0	0.0	0.49975		0.04537	0.0	0.25637	0.61871		0.79253	0.33233	0.26357	0.0	0.65473		0.2212	0.0	0.0		0.55212	0.26668				0.17524	3.10928		0.37172		0.0	0.38671		0.02602		0.17044		0.25073	0.48565	0.0	ReDeconv	prevail_cu_cfrna_211
	0.0	0.07408	0.0		2.17382			0.07673	0.45852	0.0			0.10306	0.0				0.29703			0.0	0.0	10.79597	0.0	0.0	0.8294			0.0	0.49914	0.06389		0.0	0.0	47.95619	0.64994	0.0	0.90711	0.0	0.0			0.04384	0.52188		2.01495		3.02186	11.88417	0.29404	0.0	0.16447		0.14204		6.79073	0.05456					0.0	0.0	0.35957	0.0	0.0	0.22337	0.17599		0.0	0.0	0.20668	1.59943		1.11588	0.08015	0.03499	0.0	0.33437		0.0	0.0	0.0		0.0	0.21936				0.08796	2.94305		0.15316		0.1803	1.44002		0.1776		0.00702		0.62967	0.214	0.0	ReDeconv	prevail_cu_cfrna_223
	0.0	0.15035	0.0		3.0908			0.05788	0.77705	0.0			0.0	0.0				0.36747			0.23296	0.0	4.59454	1.01515	0.0	0.93921			0.0901	1.46455	0.19474		0.0	0.0	37.13868	0.5834	0.0	1.01959	0.0	0.0			0.16654	0.0		5.67811		4.10803	15.34647	0.17021	0.0	0.08601		0.22783		6.62513	0.0					0.0	0.0	0.66441	0.0	0.0	0.55431	0.01001		0.0	0.67111	0.33928	2.57675		1.16439	0.22307	0.0	0.27683	0.83013		0.0	0.02322	0.0		0.18875	0.09443				0.25969	2.57832		0.22797		0.0	2.40349		0.47308		0.17309		1.96819	0.17467	0.0	ReDeconv	prevail_cu_cfrna_215
	0.0	0.12288	0.0		0.20184			0.02585	0.42555	0.26358			0.1992	0.0				0.20537			0.10867	0.03798	3.91553	0.19893	0.0	0.64042			0.0	0.04808	0.04196		0.0	0.0159	71.42875	0.53251	0.0	0.30572	0.0	0.0			0.0	0.0		1.5603		1.46316	9.40881	0.13001	0.0	0.0		0.07599		3.25225	0.0					0.0	0.0	0.25984	0.0	0.0	0.0	0.60855		0.0	0.41239	0.0887	0.32063		0.48869	0.07203	0.1138	0.0	0.15386		0.0	0.00862	0.0		0.0	0.10351				0.10323	0.61963		0.20117		0.0	1.13007		0.2215		0.06852		0.25626	0.15974	0.0	ReDeconv	prevail_cu_cfrna_202
	0.0	0.0	0.04097		2.78495			0.05392	0.09465	0.0			0.0	0.0				0.10438			0.0049	0.0245	4.82263	0.0	0.03672	0.49984			0.0	0.03604	0.0		0.0	0.0	48.82249	1.14527	0.0	0.55083	0.0	0.0			0.00285	0.0		6.04444		3.6451	7.56132	0.05627	0.03235	0.0		0.0		6.66443	0.0					0.0	0.0	0.01833	0.06529	0.0	0.03195	0.23083		0.0	0.53268	0.17471	5.75518		1.75541	0.02904	0.09124	0.0	0.48996		0.0	0.0	0.0		0.0	0.04965				0.09304	2.47704		0.06239		0.10131	4.08159		0.0		0.0509		0.88066	0.0	0.0	ReDeconv	prevail_cu_cfrna_224
	0.67969	0.34374	0.11569		0.10041			0.45003	1.54328	0.57994			0.0	0.0				1.18201			0.01793	0.0	7.37285	0.0	0.0	3.6494			0.3859	0.53911	0.01883		0.0	0.0	34.69214	0.0	0.0	0.24929	0.0	0.28798			0.06559	0.0		3.30014		5.81366	14.40599	0.90315	0.0	0.0		0.31792		5.5183	0.0					1.87712	0.0	0.53672	0.04545	0.0	0.0	0.0		0.0	0.0	0.48207	0.80758		1.214	0.66004	0.52954	0.0	0.55871		0.0	0.0122	0.0		0.10766	0.03587				0.04204	3.96134		0.3959		0.0	2.26862		0.39306		0.31239		2.04731	0.88996	0.28944	ReDeconv	prevail_cu_cfrna_199
	0.0	0.0	0.0		1.26225			0.12334	0.01755	0.0			0.3081	0.12503				0.15785			0.04248	0.0	21.32099	0.0	0.0	0.28284			0.0	0.0	0.12042		0.0	0.0	45.26434	0.0	0.0	0.11129	0.0	0.0			0.04484	0.3404		1.45111		1.4089	10.85667	1.07237	0.0	0.0		0.13575		9.6036	0.14485					0.5085	0.0	0.35609	0.0	0.0	0.04658	0.2231		0.0	0.0	0.02758	0.2115		0.66248	0.0414	0.04642	0.2274	0.09774		0.0	0.00468	0.0		0.64032	0.27583				0.08884	1.42321		0.08109		0.09322	0.67289		0.0		0.0		0.0	0.07616	0.0	ReDeconv	prevail_cu_cfrna_204
	0.0	0.0	0.07493		3.58939			0.05691	0.23163	0.0			0.0	0.0				0.09199			0.00273	0.42614	16.12008	0.0	0.0	0.61388			0.0	0.0	0.0		0.0	0.0	14.21533	0.63297	0.0	0.60066	0.0	0.0			0.0	0.28369		3.51127		7.36089	9.8456	2.37039	0.0	0.0		0.05405		16.67598	0.24651					0.0	0.0	0.40324	0.0	0.0	0.0	0.0		0.0	0.03986	0.10878	4.32305		4.40685	0.0	0.1439	0.63094	0.77661		0.0	0.0	0.0		0.0	0.01667				0.25149	3.30737		0.05801		0.0484	7.16698		0.16977		0.04715		1.09592	0.0	0.0	ReDeconv	prevail_cu_cfrna_217
	0.26666	0.37363	0.0		0.31431			0.20588	1.10942	0.0			0.0	0.0				1.07559			0.1706	0.04903	9.33811	0.0	0.0	1.97092			0.0	1.80826	0.3647		0.0	0.0	39.38862	0.0	0.0	0.66119	0.0	0.33039			0.10477	0.0		2.31133		3.37468	15.38812	0.60733	0.0	0.18057		0.25515		5.95844	0.0					2.1321	0.0	0.30033	0.11659	0.0	0.13359	0.98526		0.0	0.77137	0.24522	0.87946		0.38426	0.38786	0.25705	0.93967	0.47861		0.0	0.0694	0.0		0.40476	0.40877				0.08804	2.93844		0.33773		0.0	0.0		0.58067		0.47949		0.30063	0.77298	0.0	ReDeconv	prevail_cu_cfrna_216
	0.29009	0.1625	0.0		0.20976			0.11883	0.48316	0.23978			0.0	0.0				0.51122			0.04783	0.0	13.89963	0.62629	0.0	1.19057			0.12314	0.34135	0.0959		0.0	0.0	52.20897	0.0	0.0	0.19543	0.0	0.0			0.0	0.28864		0.98526		1.26288	12.74708	0.26474	0.0	0.32864		0.20244		6.82291	0.0					0.50231	0.0	0.61433	0.0	0.0	0.07686	0.29488		0.0	0.16298	0.1605	1.0301		0.28563	0.13852	0.10842	0.0	0.22815		0.02945	0.03691	0.0		0.0	0.35768				0.14264	0.62574		0.15739		0.10271	0.0089		0.33387		0.25111		0.3504	0.29869	0.05479	ReDeconv	prevail_cu_cfrna_219
	0.05477	0.20346	0.0		0.0			0.10904	0.82063	0.0			0.0	0.0				0.54714			0.25387	0.0	2.29925	0.48891	0.0	2.16767			0.0036	0.0	0.04752		0.0	0.0	59.71776	0.0	0.09233	0.76971	0.0	0.24514			0.0	0.80203		1.64452		2.97876	13.75163	0.13829	0.01278	0.07848		0.19076		2.27593	0.0					0.59412	0.0	0.627	0.14451	0.08023	0.05894	1.42645		0.0	0.16418	0.2591	0.4067		0.37668	0.24669	0.24054	0.47385	0.29833		0.0	0.01951	0.0		0.35494	0.0415				0.01078	0.83145		0.21965		0.0	0.0		0.29929		0.42308		2.03631	0.48957	0.18262	ReDeconv	prevail_cu_cfrna_220
	0.0	0.05739	0.0		2.46654			0.10453	0.262	0.0			0.0	0.0				0.21462			0.02863	0.02319	5.34489	0.0	0.0	0.86691			0.05496	0.2612	0.03369		0.0	0.0	45.73575	0.18721	0.0	0.48539	0.0	0.0414			0.05277	0.0		3.11432		5.23528	10.53323	0.41013	0.0	0.0		0.03395		6.81805	0.0					0.40678	0.0	0.53894	0.05639	0.0	0.04393	0.13721		0.0	0.0	0.13209	2.67494		1.86982	0.0	0.05126	0.04255	0.35329		0.0	0.0	0.0		0.0	0.117				0.04924	4.02172		0.03086		0.0279	5.41212		0.12529		0.05716		1.34715	0.13832	0.0	ReDeconv	prevail_cu_cfrna_205
	0.0	0.00119	0.1552		7.51221			0.05763	0.18192	0.0			0.0	0.0				0.13357			0.00421	0.04561	11.36233	0.0	0.02951	0.20599			0.0	0.0	0.0		0.0	0.0	37.66347	0.2392	0.0	0.62614	0.0	0.0			0.01872	0.0		7.80493		3.12387	11.24588	0.10546	0.0	0.05084		0.02861		5.63176	0.22631					0.0	0.0151	0.73031	0.02947	0.0	0.0	0.0		0.0	0.0	0.11995	5.48517		1.29814	0.04817	0.00299	0.17385	0.30145		0.0	0.0	0.08179		0.23589	0.15234				0.08813	2.16316		0.02611		0.20862	2.14302		0.06685		0.0		0.17493	0.0	0.0	ReDeconv	prevail_cu_cfrna_225
	0.45401	0.46644	0.0		0.0			0.34872	1.66923	0.57082			0.0	1.46552				1.36766			0.23328	0.0	8.07459	0.13457	0.0	2.02485			0.1673	2.21113	0.3892		0.0	0.0	38.89214	0.0	0.23879	0.0	0.0	0.0			0.0	1.11405		1.75352		1.55741	16.73593	0.22678	3.77162	0.16566		0.62001		2.64021	0.0					0.45589	0.40997	0.65007	0.0	0.0	0.24118	1.41832		0.0	1.29098	0.44238	0.19333		0.39515	0.6193	0.41546	0.30208	0.89585		0.0	0.0	0.0		0.01034	0.39498				0.02342	1.02004		0.57907		0.0	0.0		0.53377		0.59636		0.38943	1.05878	0.37043	ReDeconv	prevail_cu_cfrna_212
	0.0	0.16068	0.0		0.0			0.08939	0.52392	0.42094			0.0	0.0				0.34998			0.08169	0.0	4.08433	0.29029	0.0	1.2479			0.0	0.73275	0.08073		0.0	0.0	68.13079	0.37115	0.20173	0.0	0.0	0.0			0.07414	0.65094		1.57723		0.96914	11.03204	0.31581	0.0	0.03427		0.14392		3.00172	0.0					0.00354	0.0	0.336	0.0	0.0	0.0	0.62721		0.0	0.0	0.18528	0.40151		0.37878	0.00997	0.2005	0.0	0.27543		0.0	0.0	0.0		0.38571	0.14193				0.1447	0.87603		0.20644		0.0	0.07601		0.24371		0.18762		0.35922	0.24852	0.1464	ReDeconv	prevail_cu_cfrna_203
	0.0	0.12127	0.0		0.30871			0.0	0.64709	0.0282			0.0	0.0				0.33118			0.00462	0.0	2.58609	0.0	0.0	0.98461			0.0	0.03805	0.07967		0.0	0.05123	63.21408	0.32983	0.0	0.53005	0.0	0.61635			0.0	0.34917		2.17677		1.71381	14.10471	0.28747	0.0	0.14133		0.12305		2.37155	0.0					0.19488	0.0	0.73695	0.0189	0.0	0.0	0.06485		0.0	0.3815	0.31378	1.18907		0.79522	0.18464	0.30392	0.09053	0.29922		0.0	0.02174	0.0		0.18986	0.08907				0.14431	0.95869		0.11976		0.0	1.1482		0.31344		0.16382		0.66409	0.20733	0.26734	ReDeconv	prevail_cu_cfrna_221
	0.0	0.25038	0.08297		1.00923			0.18366	1.20815	0.0			0.0	0.0				0.58101			0.00511	0.04075	8.62638	0.0	0.0	2.03429			0.07911	0.57504	0.0		0.0	0.0	40.79811	0.40225	0.05673	0.47394	0.0	0.0			0.01292	0.42375		2.66312		3.71643	11.74545	1.21771	0.04156	0.0		0.13023		7.78502	0.0					0.24099	0.0	0.38321	0.21245	0.0178	0.0	0.00012		0.0	0.10216	0.20698	2.35943		2.68958	0.37936	0.35823	0.19461	0.75526		0.0	0.0	0.0		0.34772	0.06267				0.25824	2.1489		0.3406		0.0	3.26899		0.20945		0.31138		0.46532	0.54327	0.0	ReDeconv	prevail_cu_cfrna_209
	0.53764	0.23468	0.0		1.57216			0.1983	1.08364	0.16239			0.0	0.0				0.82818			0.24229	0.43434	25.08347	0.88767	0.0	3.05725			0.19914	1.0584	0.0		0.0	0.0	21.94998	0.0	0.0	0.18525	0.0	0.61237			0.0573	0.89817		0.87122		2.72788	16.88019	0.71825	0.0	0.14324		0.21526		7.03938	0.0					0.91105	0.0	0.65666	0.15465	0.0	0.19116	0.0		0.0	0.01232	0.28469	3.5211		0.55118	0.43133	0.24744	0.43991	0.31451		0.0	0.05433	0.0		1.0517	0.38378				0.0	0.61955		0.35649		0.35018	0.0		0.16809		0.34495		0.44499	0.63188	0.0	ReDeconv	prevail_cu_cfrna_252
	0.0	0.35837	0.0		1.01014			0.22776	0.69885	0.0			0.0	0.28833				0.58943			0.15528	0.05263	9.97167	0.34106	0.0	3.63553			0.28072	0.0	0.12508		0.0	0.0	29.84088	0.0	0.89824	0.39848	0.0	0.36005			0.0	0.0		1.57284		0.8524	17.55683	1.4952	0.00807	0.13553		0.20652		10.48218	0.0					0.38398	0.0	0.50389	0.18806	0.36503	0.41824	0.11963		0.0	0.55202	0.36003	3.51342		3.09873	0.07996	0.0	0.84702	1.25397		0.0	0.0	0.0		0.47816	0.22906				0.25024	1.34677		0.29637		0.0	2.51061		0.03502		0.33733		0.51843	0.44862	0.32337	ReDeconv	prevail_cu_cfrna_320
	0.0	0.18069	0.0		2.31291			0.03997	0.76002	0.0			0.0	0.0				0.28245			0.05567	0.15952	6.34904	0.0	0.0	2.44742			0.0	0.0	0.0		0.0	0.0	34.11655	0.0	0.0	0.72581	0.0	0.5561			0.13615	0.04594		2.07406		4.46221	16.6967	1.97021	0.05162	0.29609		0.09713		6.93351	0.0					1.09639	0.0	0.28865	0.0	0.0	0.08445	0.0		0.0	0.0	0.03912	3.29649		4.80657	0.18832	0.16961	0.49681	0.66305		0.03292	0.0	0.0		0.00872	0.24697				0.0885	3.02405		0.22865		0.1381	3.04118		0.23552		0.25246		0.57365	0.25003	0.0	ReDeconv	prevail_cu_cfrna_315
	0.0	0.0	0.0		1.90752			0.01755	0.0	0.0			0.0	0.0				0.0			0.00679	0.11918	9.9065	0.0	0.0	0.26433			0.0	0.0	0.0		0.0	0.0	26.88235	0.36369	0.0	0.41936	0.0	0.0			0.0	0.0		0.02555		11.53165	10.97512	1.70005	0.0	0.0		0.0		10.31891	0.0					0.08602	0.0	0.1707	0.0	0.0	0.15669	0.15752		0.0	0.0	0.0	3.15667		4.54526	0.0	0.0	0.17876	0.76598		0.02888	0.0	0.0		0.08123	0.08986				0.18938	4.17647		0.01662		0.0	9.46773		0.0		0.04259		1.08868	0.06701	1.0954	ReDeconv	prevail_cu_cfrna_289
	0.0	0.00866	0.02758		1.28333			0.02995	0.05966	0.0			0.19405	0.0				0.06199			0.0	0.0	3.65163	0.0	0.0	0.50796			0.0	0.0	0.0		0.0	0.04463	58.7872	0.24453	0.0	0.31844	0.0	0.0			0.0	0.0		2.71231		2.68449	8.00443	0.14553	0.0	0.0		0.0361		6.07696	0.0					0.36479	0.0	0.08258	0.0	0.0	0.0	0.00409		0.0	0.17351	0.09249	5.19916		1.0902	0.0	0.11837	0.0	0.51642		0.0919	0.00882	0.0		0.0	0.13532				0.10993	1.26538		0.06691		0.10729	3.02371		0.0		0.0		2.66501	0.00469	0.0	ReDeconv	prevail_cu_cfrna_293
	0.0	0.09956	0.0		0.80982			0.13759	0.70535	0.09459			0.59024	0.0				0.50988			0.19344	0.01933	6.88777	0.0	0.0	1.49947			0.02622	0.46028	0.19944		0.0	0.0	39.52529	0.08282	0.0	0.01845	0.0	0.0			0.00188	0.0		0.98828		3.74549	14.99086	1.17432	0.0	0.0		0.24458		8.71046	0.0					0.35535	0.0	0.68386	0.0	0.0	0.15972	0.45371		0.0	0.18952	0.1713	3.11266		2.45268	0.17113	0.14413	0.01559	0.87311		0.0	0.0	0.0		0.13245	0.20614				0.04533	3.672		0.39501		0.01266	3.01792		0.0		0.13861		1.15837	0.43844	0.28487	ReDeconv	prevail_cu_cfrna_298
	0.0	0.07125	0.0		1.09885			0.08302	0.173	0.01797			0.07395	0.0				0.27173			0.04994	0.0	5.95773	0.0	0.0	1.68794			0.15045	0.30713	0.0		0.0	0.0	38.11988	0.26751	0.0	0.24415	0.0	0.0			0.11513	0.26571		2.7192		9.45616	9.65409	0.4553	0.22022	0.0		0.11582		7.47154	0.0					0.17807	0.0	0.16252	0.03001	0.0	0.10586	0.12829		0.0	0.50572	0.22676	4.65282		1.85746	0.09129	0.25292	0.0	0.55837		0.05968	0.0	0.0		0.0	0.08384				0.20242	4.31015		0.09758		0.17647	6.00807		0.08233		0.15472		0.84889	0.1781	0.0	ReDeconv	prevail_cu_cfrna_319
	0.0	0.05689	0.0		1.18483			0.0321	0.2224	0.0			0.21178	0.0				0.16541			0.01045	0.0	4.76372	0.0	0.0	1.03614			0.0	0.0	0.03919		0.0	0.0	53.21551	0.45036	0.0	0.41742	0.0	0.0			0.07944	0.0		1.24068		6.5842	8.3691	0.39784	0.0	0.0		0.08287		6.30107	0.0					0.06523	0.0	0.25077	0.0	0.0	0.0	0.38093		0.0	0.28926	0.12391	1.65285		1.35384	0.0	0.17792	0.05994	0.26521		0.04671	0.0	0.0		0.0	0.1236				0.10482	4.08444		0.12917		0.09077	4.5014		0.05755		0.0		1.27392	0.10634	0.0	ReDeconv	prevail_cu_cfrna_301
	0.0	0.19023	0.0		1.3783			0.14306	0.71677	0.0			0.0	0.0				0.56687			0.02632	0.20954	9.43265	0.82882	0.0	2.00512			0.11746	0.04067	0.0		0.0	0.0	36.65087	0.5956	0.0	0.40894	0.0	0.12263			0.0	0.0		1.63514		3.20187	16.52808	0.93979	0.0	0.0		0.09626		7.37859	0.0					0.40589	0.0	0.46084	0.0	0.0743	0.0	0.63952		0.0	0.64258	0.29426	4.50755		1.63575	0.15957	0.2524	0.32189	0.32978		0.0	0.0	0.0		0.56995	0.03622				0.05271	2.47451		0.09582		0.0	1.32898		0.10137		0.33435		1.6871	0.38108	0.0	ReDeconv	prevail_cu_cfrna_308
	0.0	0.10088	0.0		0.952			0.01265	0.0	0.0			0.96386	0.0				0.05048			0.00867	0.0	4.54979	0.0	0.0	0.30521			0.0	0.39958	0.00309		0.0	0.0	58.37241	0.71673	0.0	0.30364	0.0	0.0			0.0	0.0		0.84383		1.04345	11.17867	0.17493	0.0	0.0		0.06491		7.75377	0.0					0.0	0.0	0.36048	0.0	0.0	0.21134	0.90281		0.0	0.12805	0.0	3.01637		1.85382	0.0005	0.03543	0.0	0.19912		0.09068	0.0	0.0		0.0	0.16587				0.10239	1.64884		0.08216		0.0	2.68975		0.0		0.05462		0.62147	0.03774	0.0	ReDeconv	prevail_cu_cfrna_300
	0.0	0.13119	0.26		2.21388			0.09223	0.00047	0.0			0.0	1.33785				0.44761			0.10845	0.09239	12.21717	0.0	0.0	2.79454			0.78258	0.0	0.0		0.0	0.0	15.45512	0.46197	0.0	0.0	0.0	0.19479			0.00759	0.0		1.41897		3.42853	17.21968	1.71515	0.0	0.56861		0.16764		11.06904	0.0					0.55496	0.0	0.34055	0.07504	0.38796	0.12818	0.94841		0.0	1.48098	0.37442	7.23023		3.70106	0.17431	0.0742	0.0	0.35861		0.0	0.0	0.0		0.0	0.35863				0.19435	4.30962		0.09099		0.305	5.57951		0.26815		0.14631		0.42773	0.30532	0.0	ReDeconv	prevail_cu_cfrna_263
	0.44442	0.35134	0.0		0.0			0.30789	0.48091	0.34162			0.0	0.0				1.06042			0.08112	0.23017	1.04858	2.77176	0.0	4.02059			0.2715	0.44009	0.13946		0.0	0.0	48.07412	0.0	0.18734	0.42899	0.0	0.10825			0.67788	1.7291		1.762		1.00544	17.75711	0.76009	0.0	0.03841		0.25715		1.17067	0.0					1.36737	0.0	0.08793	0.0	0.56082	0.0742	0.35233		0.0	0.75218	0.2067	0.22723		3.90167	0.40291	0.42989	0.16033	0.4656		0.0	0.0	0.0		0.0	0.70663				0.13345	0.0		0.43635		0.0	1.27404		0.2704		0.72673		0.774	0.74285	0.0	ReDeconv	prevail_cu_cfrna_76
	0.0	0.11846	0.0		0.61673			0.00076	0.37573	0.0			0.0	0.0				0.22917			0.0	0.03435	10.78348	1.02969	0.0	1.77163			0.17121	0.0	0.0		0.0	0.05344	48.33931	0.0	0.03309	0.27508	0.0	0.75402			0.09072	0.10809		0.65518		2.07688	12.7847	1.40002	0.0	0.07162		0.04525		5.62665	0.0					0.63565	0.0	0.17823	0.00133	0.78328	0.02371	0.84475		0.0	0.0	0.01283	2.28688		3.18363	0.00814	0.06951	0.05647	0.48133		0.0	0.0	0.0		0.1499	0.0				0.0	1.05128		0.0954		0.0	1.68092		0.0		0.01463		0.73936	0.2575	0.0	ReDeconv	prevail_cu_cfrna_304
	0.87392	0.28636	0.0		0.34326			0.35998	1.04817	0.0			0.0	0.0				0.86912			0.14586	0.0	4.18303	0.0	0.0	3.27782			0.29563	0.34991	0.45731		0.0	0.0	23.09148	0.1091	0.0	0.53709	0.0	1.01519			0.05899	0.48109		3.13234		7.09899	17.83352	0.76766	0.0	0.08844		0.0		7.94181	0.0					0.60185	0.0	0.7697	1.09038	0.69508	0.25189	0.5527		0.0	0.654	0.33679	2.29588		2.27611	0.4003	0.09889	0.59252	0.85607		0.0	0.0	0.0		1.29223	0.08361				0.08667	4.33055		0.26702		0.0	3.57098		0.2478		0.47045		2.61967	0.78083	0.13192	ReDeconv	prevail_cu_cfrna_305
	1.11544	0.42725	0.0		1.98385			0.0	1.77144	0.0			0.0	0.0				0.7291			0.06593	0.10454	6.0573	3.3203	0.0	5.16345			0.11509	0.0	0.05968		0.0	0.0	16.64023	0.0	0.0	3.07296	0.0	0.31228			0.0	0.8956		0.84363		2.86485	31.86258	1.71053	0.0	0.0		0.35521		4.36666	1.70102					1.82087	0.0	2.02298	0.0	0.19999	0.18254	1.05947		0.0	0.43392	0.33974	0.0		0.40829	0.0	0.0	1.63856	0.44897		0.0	0.0	0.0		0.24957	0.39364				0.01991	0.84159		0.23559		0.0	0.0		0.78396		0.82317		0.87551	0.49122	1.19159	ReDeconv	prevail_cu_cfrna_81
	0.0	0.14294	0.0		1.78533			0.32729	0.87157	0.00913			0.0	0.0				0.39498			0.08377	0.6423	9.64324	0.0359	0.0	4.16028			0.01047	0.0	0.0		0.0	0.08689	28.65204	0.0	0.0	0.58628	0.0	1.686			0.03933	0.0		0.0		1.57413	22.18377	0.94762	0.0	0.10274		0.20687		6.48718	0.0					2.89128	0.0	1.28626	0.0	0.2076	0.38091	0.0		0.0	0.62283	0.23274	4.84385		2.1478	0.30108	0.0	0.09587	0.71991		0.0	0.0	0.0		0.0	0.62008				0.07183	1.36547		0.23934		0.0	1.60395		0.14549		0.11731		0.49627	0.44581	0.50426	ReDeconv	prevail_cu_cfrna_82
	0.0	0.12962	0.0		0.0			0.09943	0.13398	0.0			0.0	0.0				0.41987			0.27761	0.2852	11.99439	0.0	0.0	3.17962			0.4709	0.29621	0.0		0.0	0.0	26.58362	0.19142	0.0	1.01986	0.0	0.0			0.27686	0.20212		3.06676		3.23116	17.14405	1.01724	0.0	0.20865		0.09677		6.98473	0.0					0.87551	0.0	0.43452	0.0059	0.0	0.0	0.0		0.0	0.0	0.08587	6.86111		4.54553	0.09517	0.03267	0.35221	1.01342		0.0	0.0	0.0		0.53884	0.40953				0.65215	2.90337		0.05865		0.04158	2.71013		0.24607		0.18173		0.40127	0.24473	0.0	ReDeconv	prevail_cu_cfrna_83
	0.2763	0.27893	0.0		0.0			0.20784	0.97028	1.46351			0.0	0.0				1.04151			0.28186	0.0	4.03974	0.0	0.0	3.59773			0.43208	0.71196	0.0		0.0	0.0	18.92307	0.4869	0.20593	0.20544	0.0	0.51635			0.0	0.0		6.99588		6.04522	14.03758	0.25979	0.40946	0.03444		1.35396		5.22403	0.0					2.11758	0.0	0.0011	0.0	0.0	0.38893	0.30998		0.0	1.4237	0.53837	10.59862		2.92974	0.76759	0.81395	0.0	1.30916		0.0	3e-05	0.0		0.20041	0.03874				0.44028	3.08992		0.28508		0.03613	3.95604		0.56506		0.17964		1.49891	0.51126	0.0	ReDeconv	prevail_cu_cfrna_260
	0.0	0.11219	0.0		2.92922			0.0501	0.73314	0.24322			0.0	1.51051				0.46866			0.0717	0.25699	27.18982	0.0	0.0	0.63045			0.11297	0.58498	0.09917		0.0	0.0	28.24347	0.0	0.0	0.54948	0.0	0.33422			0.0	1.09687		1.68488		2.08833	13.9119	0.18843	0.0	1.03375		0.22778		9.6006	0.26649					0.53064	0.0	1.38296	0.10171	0.0	0.05423	0.07408		0.06677	0.0	0.13014	0.00655		0.0	0.11566	0.02258	0.29852	0.10827		0.0	0.03639	0.17049		0.10918	0.21283				0.11922	1.03578		0.09277		0.06096	0.0		0.40511		0.0		0.2178	0.22585	0.20223	ReDeconv	prevail_cu_cfrna_226
	0.0	0.20487	0.0		1.34555			0.11716	1.04383	0.09566			0.0	0.0				0.87291			0.33199	0.0	5.50509	0.0	0.0	3.13721			0.45982	0.35021	0.24353		0.0	0.0	35.74104	0.21423	0.0	0.48508	0.0	0.0			0.0	0.01053		2.54115		3.99899	16.29861	0.79878	0.0	0.07007		0.24728		5.43654	0.0					0.4701	0.0	1.31289	0.06573	0.0	0.4668	1.13528		0.0	0.6657	0.45661	2.1431		1.18566	0.29118	0.62536	0.142	0.67326		0.0444	0.0	0.0		0.14631	0.75259				0.32784	2.76024		0.36198		0.0	2.63138		0.21163		0.54286		1.95964	0.56668	0.51066	ReDeconv	prevail_cu_cfrna_321
	0.0	0.05656	0.07137		5.99674			0.12301	0.21659	0.0			0.0	0.0				0.33495			0.0	0.0	5.18602	0.0	0.00102	1.28535			0.0	0.0	0.0		0.0	0.0	20.37444	1.92242	0.08218	0.56907	0.0	0.0			0.0	0.0		11.07497		3.45559	11.53194	0.25211	0.0	0.0		0.05798		11.75531	0.0					0.0	0.01841	0.31904	0.0	0.0	0.25536	0.0		0.0	0.09573	0.18856	12.37872		2.54766	0.24257	0.0	0.89632	1.12311		0.0	0.0	0.0		0.23607	0.03596				0.23311	2.47289		0.20212		0.41823	3.19337		0.03543		0.0		0.65916	0.10057	0.0	ReDeconv	prevail_cu_cfrna_307
	0.45958	0.3079	0.0		2.13787			0.36192	1.7317	0.41155			0.0	0.0				1.13982			0.18736	0.0	8.43699	0.0	0.0	2.10589			0.01753	1.31072	0.0		0.0	0.0	12.72481	0.78262	0.0	0.61971	0.0	0.91946			0.0	0.10598		6.33222		4.8394	18.29172	0.913	0.0	0.18474		0.13497		9.73987	0.0					0.75415	0.0	0.85116	0.13191	0.0	0.16064	0.0		0.0	1.79066	0.32914	7.37176		2.70396	0.70354	0.51842	0.0	1.09617		0.0	0.0	0.0		0.03209	0.26433				0.04401	3.9009		0.51107		0.0	1.88741		0.06106		0.57868		1.21335	0.89827	0.0	ReDeconv	prevail_cu_cfrna_313
	0.0	0.0	0.41454		3.07187			0.02778	0.19173	0.0			0.0	0.0				0.17406			0.0	0.0	7.28239	0.0	0.0	1.27379			0.13391	0.04353	0.0		0.0	0.0	11.64708	1.47282	0.0	0.21308	0.0	0.0			0.05355	0.0		19.7379		4.08346	9.4732	0.29175	0.0	0.28726		0.0		8.60459	0.0					0.67327	0.22522	0.07393	0.09962	0.0	0.0	0.0		0.0	0.52665	0.05875	16.29544		2.80765	0.39179	0.07417	0.0	1.6402		0.0229	0.0	0.0		0.0	0.0				0.35728	2.10939		0.02488		1.10391	4.31707		0.0		0.0		0.71961	0.0	0.0	ReDeconv	prevail_cu_cfrna_258
	0.0	0.12079	0.0		1.04646			0.14364	0.49973	0.05421			0.0	0.0				0.35122			0.03842	0.31251	19.41861	0.0	0.0	2.41251			0.12603	0.0	0.14191		0.0	0.0	29.51817	0.0	0.25879	0.4556	0.0	0.0			0.01234	0.0		0.23655		2.84375	9.23509	1.76308	0.12442	0.20224		0.17139		8.52183	0.0					0.5961	0.08976	0.06296	0.04932	0.0	0.14707	0.51166		0.0	0.31755	0.14499	2.32991		4.40639	0.08967	0.0	0.11688	0.92037		0.0	0.0	0.0		0.0	0.0				0.31747	1.54223		0.16219		0.0	5.6965		0.17917		0.02261		0.0	0.50805	3.77986	ReDeconv	prevail_cu_cfrna_318
	0.01526	0.47938	0.0		0.0			0.49233	2.45153	0.04755			0.0	0.0				1.8577			0.54325	0.11111	14.21081	0.0	0.0	4.88749			0.0	1.90045	0.0		0.0	0.0	11.17176	0.0	0.06984	0.30535	0.0	1.61487			0.05526	0.28029		2.90858		5.02836	12.52223	1.32761	0.0	0.0		0.5789		11.84511	0.0					2.54668	0.0	0.10315	0.0	0.0	0.30058	0.06706		0.0	2.08326	0.79916	4.03693		2.13517	0.40686	0.21852	0.54334	1.85791		0.02604	0.0	0.0		0.42912	0.56602				0.49364	1.98963		0.99214		0.09923	1.51496		0.40755		0.76488		1.66106	1.07499	0.17713	ReDeconv	prevail_cu_cfrna_303
	0.0	0.15293	0.0		1.94046			0.24375	0.33016	0.0			0.0	0.0				0.35824			0.12363	0.35029	17.3088	0.34918	0.0	2.39362			0.0	0.0	0.0		0.0	0.11303	25.77341	0.30975	0.01377	0.74921	0.0	1.11897			0.0	0.46358		0.50078		2.74237	18.02756	1.32065	0.0	0.0		0.12054		9.94185	0.0					0.33158	0.0	0.90263	0.0	0.12923	0.0	0.5692		0.0	0.0	0.20673	1.37267		3.32002	0.18383	0.21824	0.56109	0.8526		0.0	0.0	0.0		0.26382	0.1011				0.11332	1.13146		0.21745		0.0	2.68128		0.00438		0.09063		0.75088	0.42137	0.82996	ReDeconv	prevail_cu_cfrna_95
	0.0	0.04355	0.68157		3.43237			0.11468	0.47956	0.0			0.0	0.0				0.38105			0.12251	0.12479	16.25196	0.0	0.0006	1.21163			0.0	0.0	0.0		0.0	0.0	9.11483	1.81183	0.18028	0.21858	0.0	0.0			0.0106	0.0		9.45459		4.51045	8.59152	1.02874	0.15578	0.0		0.04083		16.0365	0.16232					0.3702	0.0	0.16413	0.17101	0.0	0.0	0.0		0.0	0.14356	0.26019	8.58394		4.51741	0.10058	0.1388	0.34378	1.63007		0.0	0.0	0.0		0.32273	0.07934				0.37575	1.61403		0.21079		0.94954	5.66042		0.02179		0.0		0.0	0.18081	0.0	ReDeconv	prevail_cu_cfrna_280
	0.0	0.32054	0.0		0.92622			0.21857	1.22084	0.0			0.0	0.0				0.74775			0.21778	0.5683	4.89102	0.0669	0.0	3.26314			0.0	0.85342	1.65823		0.0	0.0	14.00059	0.73143	0.26917	0.36184	0.0	1.1356			0.09904	0.5003		2.14651		13.47051	16.03189	1.11225	0.0	0.15083		0.15945		8.26733	0.0					0.31442	0.0	0.81865	0.11162	0.04329	0.19904	0.38886		0.0	0.0	0.32455	5.08941		3.26783	0.19835	0.41198	0.52527	1.02314		0.0	0.04007	0.0		0.78986	0.00517				0.0	2.8693		0.51887		0.0	4.03669		0.06392		0.73824		4.27191	0.56012	0.0	ReDeconv	prevail_cu_cfrna_317
	0.28586	0.23101	0.0		1.80282			0.1613	0.84967	0.5153			0.0	0.0				0.73413			0.18853	0.0	4.4677	0.0	0.0	2.53835			0.19641	0.84827	0.03875		0.0	0.0	35.56374	0.33087	0.0	0.40543	0.0	0.40627			0.0	0.67463		3.63062		5.40385	13.87919	0.40382	0.0	0.04357		0.43368		6.1756	0.0					0.21074	0.0	0.56804	0.0	0.0	0.17342	0.0		0.0	1.29457	0.28982	3.14361		1.38958	0.3359	0.61447	0.0	0.6228		0.0	0.14241	0.0		0.01794	0.20412				0.13401	4.90437		0.29581		0.0	1.9889		0.17732		0.18693		2.48226	0.61363	0.0	ReDeconv	prevail_cu_cfrna_310
	0.0	0.53004	0.0		1.12946			0.40426	1.48904	0.0			0.0	0.0				1.43574			0.36721	0.0	8.22925	2.51277	0.0	4.55874			0.28267	0.0424	0.39472		0.0	0.0	9.98685	0.0	1.45006	0.46367	0.0	0.0			0.0	0.0		5.45373		5.05053	19.7184	1.73117	0.0	0.05463		0.46428		9.0096	0.0					2.15049	0.0	0.87336	0.0	0.0	0.64142	1.31116		0.0	0.56496	0.7378	4.50999		2.81322	0.46187	0.09809	0.79482	1.49909		0.0	0.0	0.0		1.4106	0.46586				0.61462	1.79865		0.38686		0.0	1.41897		0.39649		1.31175		0.1882	0.79248	0.0	ReDeconv	prevail_cu_cfrna_309
	0.0	0.0655	0.0		1.07625			0.06402	0.02977	0.00053			0.64424	0.22408				0.16489			0.02588	0.0	2.62678	0.0	0.0	1.1283			0.00596	0.17879	0.0		0.0	0.0	69.39764	0.0	0.0	0.27019	0.0	0.0			0.0	0.0		0.86879		1.14896	9.16215	0.2914	0.0	0.0		0.05338		4.41044	0.0					0.83379	0.0	0.10184	0.0	0.0	0.10441	0.31982		0.0	0.24632	0.04463	0.19281		0.81802	0.127	0.0	0.06178	0.04327		0.00861	0.00328	0.0		0.0	0.07519				0.08891	0.38122		0.06161		0.0	2.20324		0.10415		0.11547		1.72299	0.08204	0.42167	ReDeconv	prevail_cu_cfrna_201
	0.0	0.14816	0.0		3.60671			0.003	0.10916	0.0			0.0	0.0				0.00536			0.0	0.17179	20.53172	0.0	0.0	0.73134			0.0	0.0	0.0		0.0	0.0	30.15723	0.15748	0.0	0.38574	0.0	0.0			0.0	0.0		0.27193		5.08172	12.32306	1.23966	0.02636	0.0		0.0173		12.88311	0.0					0.0	0.0	0.35937	0.0	0.03984	0.09782	0.0		0.0	0.0	0.00198	2.37706		3.00716	0.0	0.08445	0.13658	0.49451		0.0	0.0	0.0		0.1539	0.17757				0.17311	1.11455		0.01355		0.40216	3.14019		0.0		0.0		0.37537	0.0	0.0	ReDeconv	prevail_cu_cfrna_290
	0.0	0.12765	0.0		3.4035			0.09679	0.33111	0.0			0.0	0.0				0.30191			0.00852	0.0	8.96604	0.0	0.0	0.3298			0.0	0.03986	0.0		0.0	0.04332	19.10126	1.06762	0.01153	1.03562	0.0	0.19807			0.0	0.0		6.5982		4.39539	13.20743	0.5187	0.0	0.0		0.17023		10.66377	0.0					0.12343	0.0	0.62701	0.0	0.0	0.05117	0.0		0.0	1.17059	0.42362	8.95534		3.86779	0.13929	0.12064	0.16073	0.42737		0.0	0.0	0.0		0.0	0.05372				0.06163	5.73929		0.16521		0.0	5.92657		0.39812		0.09627		0.75467	0.12121	0.0	ReDeconv	prevail_cu_cfrna_222
	0.82017	0.61173	0.0		0.0			0.42899	1.37796	0.67409			0.0	0.0				1.45718			0.1701	0.0	3.3296	0.0	0.0	4.08705			0.02095	0.0	0.77289		0.0	0.0	18.99003	0.0	0.0	0.60577	0.0	2.4718			0.0786	1.34872		2.19286		3.1678	25.95349	0.72794	0.0	0.2464		0.37583		5.71588	0.0					0.66517	0.0	1.72246	0.0	1.64948	0.1262	0.74084		0.0	0.46755	0.44608	2.27121		1.14119	0.67609	0.36001	0.31436	1.06493		0.0	0.0429	0.0		0.90766	0.32221				0.0873	3.57223		0.53236		0.0	1.24576		0.86465		1.1994		1.97115	0.68515	1.29781	ReDeconv	prevail_cu_cfrna_108
	0.11488	0.42518	0.0		0.0			0.41458	1.5007	0.0			0.1116	0.0				1.11044			0.35306	0.0	9.21533	0.39521	0.0	3.49075			0.28772	1.72523	0.1632		0.0	0.0	37.59462	0.0	0.3631	0.0	0.0	1.06447			0.0	0.33375		1.15686		4.83509	13.2703	0.87661	0.0	0.0		0.42513		4.98718	0.0					2.75433	0.0	0.36882	0.0	0.0	0.12639	0.07786		0.21647	0.23548	0.33064	2.02179		0.48013	0.16039	0.58683	0.60975	0.66007		0.0	0.0	0.0		0.18845	0.19089				0.01546	2.63857		0.36329		0.0	1.32137		0.29265		0.35086		0.71436	0.87529	0.2049	ReDeconv	prevail_cu_cfrna_294
	0.0	0.00415	0.0		0.02903			0.0	0.0	0.0			2.11808	0.0				0.0			0.0	0.0	0.0	0.25095	0.02192	0.14827			0.0	0.61502	0.18938		0.0	0.0	83.79156	0.56549	0.0	0.05271	0.0	0.0			0.0	0.02567		0.74506		0.1667	6.77356	0.0	0.0	0.0		0.06541		0.51322	0.0					0.0	6e-05	0.19327	0.0	0.0	0.07981	1.2101		0.0	0.14004	0.0	0.0		0.22578	0.00605	0.0	0.0	0.01799		0.32228	0.01786	0.0		0.0	0.26129				0.0	0.0		0.25273		0.0	0.75513		0.0		0.0		0.15888	0.01093	0.27163	ReDeconv	prevail_cu_cfrna_127
	0.0	0.1939	0.0		2.49827			0.0	0.27414	0.0			0.0	0.0				0.23068			0.0044	0.15785	4.52984	1.36661	0.0	1.26158			0.04077	0.0	0.0		0.0	0.0	37.7006	0.44991	0.0	0.31411	0.0	0.0			0.02467	0.0753		0.60879		4.67605	17.86514	1.52025	0.0	0.0		0.06596		7.57679	0.0					0.0	0.0	1.7921	0.00881	0.0	0.18772	0.0		0.0	0.0	0.1576	3.11231		2.33509	0.01861	0.00981	0.65309	0.32255		0.0	0.0	0.0		0.29411	0.2276				0.24771	1.99916		0.07673		0.18183	4.03293		0.11319		0.2304		2.3805	0.18252	0.0	ReDeconv	prevail_cu_cfrna_287
	0.0	0.02776	0.0		0.55475			0.0	0.12613	0.0			0.97196	0.0				0.06215			0.00046	0.0	0.35462	0.0	0.0	0.54623			0.0	0.0	0.01248		0.0	0.09234	66.89899	0.28934	0.0	0.84287	0.0	0.0			0.0	0.00519		0.55159		2.97835	11.73828	0.13669	0.0	0.0		0.11097		3.38787	0.0					0.00984	0.0	0.55727	0.0	0.0	0.01979	0.44897		0.0	0.0	0.0	1.27886		1.29482	0.0	0.03949	0.03465	0.11666		0.03597	0.00036	0.0		0.0	0.17629				0.02557	1.82279		0.1226		0.0	2.83808		0.19286		0.00973		1.24481	0.04163	0.0	ReDeconv	prevail_cu_cfrna_137
	0.0	0.00666	0.0		0.0			0.02448	0.0	0.0			1.14148	0.0				0.00861			0.01725	0.0	0.0	0.66757	0.0	0.41325			0.0	0.22652	0.04295		0.0	0.0	79.23588	0.05022	0.04798	0.14414	0.0	0.0			0.00231	0.01396		0.61528		1.21884	6.78904	0.01615	0.0	0.0		0.02662		2.25394	0.0					0.13674	0.0	0.28531	0.0	0.0	0.02788	0.55104		0.0	0.0	0.00789	0.71473		0.56637	0.0	0.02396	0.09675	0.02114		0.17475	0.01279	0.0		0.04487	0.03555				0.06636	0.54139		0.08849		0.0	2.06643		0.0		0.11384		1.46058	0.0	0.0	ReDeconv	prevail_cu_cfrna_119
	0.0	0.0	0.08863		0.68887			0.0215	0.09241	0.0			0.59952	0.0				0.01152			0.0	0.0	2.1067	0.0	0.0	0.35974			0.0	0.28874	0.02476		0.0	0.0	58.53063	0.86092	0.0	0.54008	0.0	0.0			0.01165	0.08618		5.91516		2.08745	11.16898	0.00025	0.0	0.0		0.04235		5.0224	0.0					0.0	0.0	0.00369	0.0	0.0	0.0	0.08813		0.0	0.05382	0.0	4.08569		1.78176	0.0	0.09903	0.17358	0.57841		0.25778	0.0	0.0		0.0	0.28772				0.11616	0.98555		0.17533		0.02161	1.9496		0.01255		0.1142		0.66696	0.0	0.0	ReDeconv	prevail_cu_cfrna_282
	0.0	0.01459	0.0		0.48376			0.00482	0.06624	0.0			1.73364	0.0				0.04825			0.01872	0.0	0.82154	0.0	0.0	0.46803			0.0	0.61552	0.02539		0.0	0.0	66.02926	0.27593	0.0	0.42798	0.0	0.0			0.0	0.04158		1.47983		3.79966	8.37726	0.1815	0.0	0.0		0.12977		3.32829	0.0					0.0099	0.0	0.32756	0.0	0.0	0.22913	0.8471		0.0	0.0587	0.01755	1.75101		1.34406	0.01393	0.06448	0.0	0.17447		0.05226	0.0	0.0		0.0	0.10472				0.09419	1.4645		0.14802		0.0	3.37168		0.01545		0.02039		1.49515	0.02418	0.0	ReDeconv	prevail_cu_cfrna_291
	0.0	0.27989	0.0		1.20391			0.16263	0.01765	0.0			0.1938	0.0				0.16055			0.0	0.0	0.57165	0.0	0.08839	0.68572			0.0	0.62571	0.23893		0.0	0.0	53.47719	0.0	0.0667	0.52162	0.0	0.1258			0.0	0.0		0.46857		2.62585	19.87388	0.6662	0.0	0.0		0.27435		3.3376	0.0					1.40328	0.08154	1.36395	0.0	0.0	0.24884	1.57965		0.0	0.72079	0.03251	0.77348		1.15587	0.0	0.0	0.36702	0.13268		0.16761	0.0	0.0		0.0	0.56851				0.0	1.39627		0.28493		0.0	2.09687		0.23226		0.11701		1.57141	0.03892	0.0	ReDeconv	prevail_cu_cfrna_284
	0.0	0.00748	0.0		0.0			0.0	0.02343	0.0			3.04179	0.0				0.0			0.0	0.0	0.0	1.55577	0.02868	0.31484			0.0	1.13099	0.17295		0.0	0.0	70.70669	0.15272	0.0	0.24905	0.0	0.0			0.0	0.0		0.52499		3.31228	8.54655	0.0	0.0	0.0		0.12503		1.58591	0.0					0.06567	0.0	0.35723	0.0	0.0	0.16645	0.71486		0.0	0.28255	0.02076	0.0		0.80964	0.0	0.0	0.0	0.0		0.25279	0.04101	0.0		0.0	0.10189				0.0	0.0		0.38002		0.0	2.83991		0.00586		0.0		2.46544	0.0	0.01678	ReDeconv	prevail_cu_cfrna_124
	0.0	0.0	0.0		0.7082			0.0	0.06119	0.0			1.70362	0.0				0.0			0.03727	0.0	0.05646	0.50019	0.0	0.31518			0.0	0.99131	0.11683		0.0	0.0	65.69751	0.0	0.0	0.67709	0.0	0.0			0.0	0.6959		0.57592		2.06568	9.50287	0.24223	0.0	0.0		0.08515		3.53673	0.0					0.30144	0.0	0.83428	0.0	0.0	0.27458	1.14346		0.0	0.0	0.0	1.11922		0.8568	0.0	0.0	2.7807	0.11769		0.09592	0.04195	0.0		0.0	0.0105				0.0	0.09211		0.32437		0.0	1.8336		0.24466		0.03524		2.25359	0.07056	0.0	ReDeconv	prevail_cu_cfrna_146
	0.13501	0.29361	0.0		0.0			0.25532	1.04237	0.14979			0.0	0.0				0.82051			0.31083	0.0	1.7574	0.0	0.0	1.96796			0.20641	0.27462	0.20829		0.0	0.01253	59.38068	0.0	0.49349	0.78263	0.0	0.1719			0.07037	0.61949		2.16442		2.21379	15.1101	0.05337	0.0	0.0		0.32815		0.81732	0.0					1.01515	0.0	0.49243	0.0	0.0	0.00765	1.42096		0.139	0.50602	0.29817	0.05126		0.49025	0.30651	0.39573	0.23843	0.3398		0.0	0.00916	0.0		0.46424	0.30337				0.05549	0.81962		0.27547		0.0	0.0		0.66124		0.58877		0.90975	0.57117	0.0	ReDeconv	prevail_cu_cfrna_12
	0.0	0.01252	0.0		0.0			0.06964	0.0365	0.02779			2.18738	0.0				0.03472			0.0	0.0	0.0	1.13824	0.02762	0.50321			0.0	0.81777	0.14072		0.0	0.0	79.20501	0.00162	0.01327	0.02857	0.0	0.0			0.0	0.0		0.77122		0.87911	5.27791	0.0	0.0	0.0		0.09216		1.67509	0.0					0.15511	0.0	0.21127	0.0	0.0	0.1152	0.72282		0.0	0.0	0.0162	0.41663		0.81854	0.0	0.00645	0.01191	0.06549		0.12645	0.03264	0.0		0.01625	0.08614				0.0	0.20891		0.23283		0.0	2.05676		0.0		0.01681		1.67031	0.05478	0.01845	ReDeconv	prevail_cu_cfrna_120
	0.0	0.01367	0.0		0.39571			0.01147	0.00653	0.0			1.99415	0.0				0.0			0.0	0.0	0.59427	0.10537	0.10112	0.55146			0.0	0.59487	0.01091		0.0	0.0	55.01431	0.0	0.0	0.42327	0.0	0.0			0.00063	0.0		0.3911		8.42303	10.09717	0.20391	0.0	0.0		0.06098		5.5582	0.0					0.0	0.0	0.33258	0.0	0.0	0.12684	0.82631		0.0	0.22589	0.13082	0.35424		0.59741	0.0	0.0	0.17719	0.0		0.12844	0.0	0.0		0.0	0.17424				0.0	2.28765		0.23288		0.0	5.6045		0.00481		0.0		4.12578	0.0	0.11831	ReDeconv	prevail_cu_cfrna_136
	0.0	0.06286	0.0		1.18208			0.03187	0.0723	0.0			0.34661	0.0				0.10893			0.0	0.23732	5.02607	0.0	0.0	0.75111			0.0	0.0	0.0		0.0	0.0	46.09492	0.23418	0.0	0.36726	0.0	0.0			0.00063	0.11486		0.87053		6.1502	13.93567	0.57271	0.0	0.0		0.0248		7.12048	0.0					0.19056	0.0	0.4166	0.0	0.0	0.07335	0.14069		0.0	0.17972	0.03935	2.5325		2.64335	0.0	0.32985	0.20802	0.35005		0.02908	0.0	0.0		0.0	0.18765				0.16642	2.0913		0.08212		0.0	5.05895		0.0		0.08928		1.79784	0.08794	0.0	ReDeconv	prevail_cu_cfrna_285
	0.0	0.05331	0.0		0.0			0.01498	0.00816	0.0			1.13366	0.0				0.04791			0.0	0.0	0.0	0.77128	0.0	0.16527			0.0	0.0	0.0264		0.0	0.0	73.91226	0.00666	0.11032	0.55439	0.0	0.0			0.0	0.18134		0.52767		2.12868	10.95919	0.0	0.0	0.0		0.0		0.87469	0.0					0.0	0.0	0.05247	0.0	0.0	0.05533	0.62444		0.0	0.0	0.04188	1.45671		1.75339	0.0	0.01243	0.00775	0.0		0.07254	0.02529	0.0		0.38833	0.09738				0.0	0.6081		0.02481		0.0	1.48111		0.00618		0.46823		1.16224	0.1852	0.0	ReDeconv	prevail_cu_cfrna_125
	0.0	0.00604	0.0		0.46815			0.0	0.104	0.0			2.0083	0.0				0.0			0.03591	0.0	0.12891	0.15524	0.0	0.1434			0.0	0.70472	0.20536		0.0	0.0	74.95521	0.46615	0.15184	0.14701	0.0	0.0			0.00069	0.0		0.85254		1.81455	8.69271	0.0	0.0	0.0		0.00902		1.62168	0.0					0.0	0.0	0.71097	0.00722	0.0	0.16408	0.72301		0.0	0.0	0.0	0.69267		0.90429	0.0	0.0	0.0	0.19711		0.14605	0.0568	0.0		0.01189	0.11742				0.0	0.51462		0.2023		0.0	1.10328		0.03733		0.0		1.63089	0.10867	0.0	ReDeconv	prevail_cu_cfrna_129
	0.0	0.0255	0.0		3.60853			0.0	0.07393	0.0			0.0	0.0				0.10496			0.0	0.0	3.21108	0.0	0.0	0.90265			0.0	0.13559	0.0		0.0	0.0	26.79425	1.2449	0.0	0.65638	0.0	0.0			0.0	0.0		5.59412		6.43438	10.52427	0.39605	0.0	0.0		0.0		15.28898	0.0					0.0	0.0	0.5348	0.0148	0.0	0.0	0.0		0.0	0.09314	0.03172	7.19666		2.76959	0.0	0.03255	0.18798	0.53328		0.0	0.0	0.0		0.0	0.08419				0.3374	3.89113		0.03796		0.10842	3.6086		0.12783		0.0		5.41439	0.0	0.0	ReDeconv	prevail_cu_cfrna_295
	0.0	0.0	0.01201		0.0			0.04306	0.06075	0.0			0.0	0.0				0.08779			0.0	0.30915	16.03174	0.0	0.0	0.76498			0.0	0.0	0.0		0.0	0.0	37.78054	0.23912	0.02454	0.38287	0.0	0.0			0.0	0.0		1.21438		4.9462	6.05556	0.60634	0.01364	0.0		0.0		11.56802	0.0					0.26533	0.0	0.03169	0.01868	0.08227	0.0	0.30438		0.0	0.14607	0.05581	3.89326		3.67743	0.0	0.06798	0.02432	0.91347		0.0	0.0	0.0		0.0	0.10954				0.28607	2.1715		0.0521		0.09164	5.2801		0.0		0.0		1.58682	0.0192	0.78164	ReDeconv	prevail_cu_cfrna_292
	0.0	0.01983	0.0		0.74443			0.02148	0.11416	0.0			1.49968	0.0				0.11285			0.0	0.0	0.14809	0.02305	0.0	0.43451			0.0	0.62919	0.20096		0.0	0.0	60.4446	0.42736	0.03537	0.76731	0.0	0.0			0.0	0.0		1.13788		2.43583	14.38009	0.09053	0.0	0.0		0.16435		3.71909	0.0					0.0	0.0	0.92663	0.0	0.0	0.31361	0.86214		0.0	0.0	0.01654	1.60782		1.46431	0.0	0.0	0.08737	0.12014		0.08743	0.0	0.0		0.27163	0.26563				0.01164	1.42566		0.20909		0.0	2.05054		0.03217		0.415		2.10585	0.17619	0.0	ReDeconv	prevail_cu_cfrna_141
	0.0	0.00159	0.0		0.50755			0.03315	0.0	0.01614			1.56115	0.0				0.0			0.01503	0.0	0.0	1.09354	0.0	0.39112			0.0	1.23834	0.04212		0.0	0.0	68.50964	0.2057	0.0	0.24024	0.0	0.0			0.0	0.10992		0.68125		1.20537	12.34308	0.31441	0.0	0.0		0.0083		2.40643	0.0					0.0	0.0	0.82962	0.01443	0.0	0.21088	1.29473		0.0	0.0	0.08503	1.04864		0.60926	0.0	0.0	0.0	0.2363		0.05966	0.0	0.0		0.0	0.38927				0.01661	0.8668		0.18821		0.0	1.85465		0.00697		0.0		0.96922	0.0107	0.38497	ReDeconv	prevail_cu_cfrna_126
	0.0	0.18374	0.0		0.93958			0.12129	0.58496	0.0			0.057	0.0				0.31176			0.19722	0.00524	0.14714	0.0	0.0	1.64552			0.10342	0.36721	0.0		0.0	0.02737	57.06796	0.0	0.23521	0.64414	0.0	0.25557			0.08167	0.31499		0.65094		7.54846	11.38061	0.07851	0.0	0.0		0.0		2.85386	0.0					0.44904	0.0	0.54667	0.3233	0.0	0.3524	0.0		0.0	0.54388	0.16558	2.41369		1.51216	0.09301	0.06365	0.29634	0.45129		0.0	0.03456	0.01326		0.0	0.11712				0.05352	1.28614		0.12682		0.0	2.68683		0.04034		0.31652		2.02539	0.28512	0.0	ReDeconv	prevail_cu_cfrna_114
	0.07464	0.28629	0.0		0.0			0.15747	1.12549	0.0			0.0	0.0				0.77911			0.20195	0.0	1.81943	0.0	0.0	2.48653			0.03244	1.12341	0.06173		0.0	0.0	51.82177	0.38442	0.14246	0.46588	0.0	0.0			0.07235	0.58249		2.62523		4.50494	16.63758	0.38205	0.0	0.0		0.31582		1.40253	0.0					0.31965	0.4241	1.06125	0.0	0.0	0.08852	0.39055		0.0	0.29612	0.39898	0.0		0.36622	0.32115	0.67276	0.2147	0.55369		0.0	0.0	0.0		0.66108	0.39045				0.14532	1.56715		0.20441		0.0	0.89741		0.53622		0.61009		1.53494	0.65535	0.20388	ReDeconv	prevail_cu_cfrna_24
	0.0	0.0	0.0		0.0			0.00235	0.01501	0.0			1.6253	0.0				0.0014			0.0	0.0	0.01021	0.49235	0.00295	0.35067			0.0	0.55169	0.02015		0.0	0.0	78.55977	0.0	0.00633	0.18124	0.0	0.0			0.0	0.02532		0.42506		1.23204	5.71968	0.01121	0.0	0.0		0.02171		3.40591	0.0					0.14304	0.0	0.02614	0.0	0.0	0.0546	1.11924		0.0	0.05108	0.0	0.74966		0.44062	0.0	0.0	0.14351	0.02916		0.13152	0.01647	0.0		0.0	0.08491				0.0	0.3157		0.16968		0.0	2.455		0.0		0.0		1.37358	0.00057	0.03516	ReDeconv	prevail_cu_cfrna_130
	0.0	0.21287	0.18659		1.61859			0.2777	0.91533	0.0			0.15336	0.0				0.91449			0.19298	0.0	8.30105	0.0	0.0	1.90306			0.0	0.73477	0.19857		0.0	0.0	41.20661	0.0	0.33767	0.19815	0.0	0.0			0.04522	0.0		4.70407		3.10066	9.42131	0.33678	0.0	0.0		0.31341		7.32634	0.0					1.00477	0.0	0.38084	0.06327	0.0	0.0	0.75595		0.0	1.49316	0.37208	4.28448		1.02935	0.42387	0.24394	0.29498	1.00624		0.0	0.0	0.0		0.0	0.27313				0.22071	2.22074		0.39334		0.0	0.85851		0.16457		0.38579		0.99535	0.53532	0.0	ReDeconv	prevail_cu_cfrna_296
	0.0	0.01188	0.0		0.96611			0.09691	0.15795	0.0			1.187	0.0				0.08583			0.0	0.0	0.98742	1.15031	0.0	0.81047			0.0	0.63845	0.10287		0.0	0.0	53.21083	0.0	0.44193	0.35484	0.0	0.0			0.0	0.14049		0.51942		2.58952	14.61201	0.08276	1.12939	0.0		0.09726		6.73013	0.0					0.38586	0.0	0.64539	0.0	0.0	0.05753	0.52868		0.0	0.0	0.04754	2.61107		2.02358	0.03693	0.28171	0.0	0.03212		0.0	0.04463	0.0		0.0	0.22869				0.07222	2.60876		0.13058		0.0	2.10034		0.05961		0.0		1.93409	0.0669	0.0	ReDeconv	prevail_cu_cfrna_138
	0.0	0.04972	0.0		2.78773			0.14474	0.0	0.0			0.12555	0.0				0.20213			0.1483	0.0	7.5764	0.0	0.0	0.9525			0.0	0.0	0.08166		0.0	0.0	39.8714	0.17247	0.0	0.43766	0.0	0.0			0.0	0.0		1.0341		4.29346	12.08811	1.26729	0.0	0.0		0.11024		12.21116	0.0					0.53568	0.0	0.58608	0.0	0.0	0.00438	0.56111		0.0	0.0	0.14745	2.77563		1.79911	0.00935	0.20057	0.66747	0.38005		0.0	0.0	0.0		0.0	0.25566				0.12498	3.23318		0.12064		0.0	3.78705		0.0		0.27934		0.90458	0.07307	0.0	ReDeconv	prevail_cu_cfrna_299
	0.0	0.0	0.0		0.45711			0.0	0.0	0.0			1.44382	0.0				0.0			0.0	0.0	0.0	0.06258	0.0	0.47741			0.0	0.44744	0.06327		0.0	0.0	69.86409	0.18781	0.0	0.4065	0.0	0.0			0.0	0.08233		0.58726		3.9065	6.28053	0.15314	0.0	0.0		0.0		4.01174	0.0					0.0	0.0	0.09379	0.0	0.0	0.23171	0.66975		0.0	0.01068	0.00442	1.43267		0.82052	0.0	0.0	0.15599	0.08357		0.12869	0.0	0.0		0.0	0.08519				0.00409	0.60739		0.20599		0.0	3.93105		0.0		0.0		3.10294	0.0	0.0	ReDeconv	prevail_cu_cfrna_132
	0.0	0.01408	0.0		1.5722			0.04563	0.02888	0.0			0.94018	0.0				0.06837			0.0	0.0	0.32687	0.0	0.0	0.69952			0.0	0.79948	0.05689		0.0	0.0	48.75863	0.42663	0.0	0.47292	0.0	0.0			0.0	0.0		1.61834		5.05368	11.15344	0.09277	0.0	0.0		0.00202		9.43729	0.0					0.0232	0.0	0.58305	0.0	0.0	0.4915	0.29027		0.0	0.0	0.03023	4.21388		1.49787	0.0	0.0001	0.01468	0.2053		0.17574	0.0032	0.0		0.0	0.31032				0.03655	3.85857		0.14552		0.0	3.14268		0.0		0.0		3.3931	0.01642	0.0	ReDeconv	prevail_cu_cfrna_139
	0.0	0.01969	0.0		0.0			0.0	0.0	0.0			2.32813	0.0				0.0			0.02523	0.0	0.0	0.79962	0.0	0.38293			0.0	1.09674	0.24423		0.0	0.0	79.06385	0.12716	0.0	0.01781	0.0	0.0			0.0	0.0		0.67763		0.29112	7.7598	0.0	0.0	0.0		0.13226		1.10855	0.0					0.0	0.0	0.25432	0.0	0.0	0.14706	1.07798		0.0	0.09711	0.0	0.03983		0.50509	0.00692	0.0	0.11969	0.0		0.30018	0.06085	0.0		0.0	0.17515				0.0	0.0		0.3419		0.0	1.49473		0.0		0.0		1.032	0.0185	0.25398	ReDeconv	prevail_cu_cfrna_128
	0.0	0.01293	0.0		0.17347			0.0	0.0	0.0			1.53879	0.0				0.0			0.0	0.0	0.21835	0.62185	0.0	0.25122			0.0	0.2959	0.04714		0.0	0.0	77.92337	0.2451	0.06476	0.17597	0.0	0.0			0.00254	0.0		0.77715		1.36119	7.05173	0.00664	0.0	0.0		0.00432		2.82115	0.0					0.0	0.0	0.13767	0.0	0.0	0.09166	0.49342		0.0	0.0	0.0	0.39899		0.89783	0.0	0.03699	0.00676	0.01376		0.09351	0.02418	0.0		0.0	0.01622				0.0	0.29795		0.07311		0.0	2.35357		0.0		0.10828		1.35664	0.00588	0.0	ReDeconv	prevail_cu_cfrna_121
	0.0	0.14397	0.0		0.0			0.05495	0.34778	0.12519			0.26956	0.0				0.31631			0.11971	0.0	0.47229	0.71355	0.0	1.02648			0.0	0.52543	0.13248		0.0	0.0	74.62204	0.0	0.26317	0.30807	0.0	0.0			0.07082	0.15549		1.48682		0.80985	11.08309	0.05265	0.0	0.0		0.17529		0.58602	0.0					0.61649	0.01265	0.14906	0.0	0.0	0.0	0.76693		0.0	0.70074	0.18041	0.2249		0.19069	0.11029	0.25251	0.20593	0.2801		0.0525	0.00349	0.0		0.0	0.32016				0.12117	0.07316		0.16317		0.0	0.17304		0.47382		0.28757		0.18192	0.30444	0.29382	ReDeconv	prevail_cu_cfrna_42
	0.0	0.164	0.0		0.15876			0.00372	0.23485	0.0			0.7934	0.0				0.14662			0.05195	0.0	0.0	1.10795	0.0	0.65138			0.0	0.23106	0.08413		0.0	0.04898	62.43207	0.0	0.0	1.06511	0.0	0.30402			0.00384	0.0		1.41965		1.9193	15.7585	0.19478	0.0	0.0		0.02852		2.83938	0.0					0.5014	0.0	1.06197	0.08066	0.0	0.18178	0.57866		0.0	0.1618	0.04519	1.26432		1.56375	0.09044	0.0	0.05753	0.20699		0.08712	0.08097	0.0		0.0	0.12576				0.17492	0.54754		0.20936		0.0	0.96008		0.48736		0.2166		1.48418	0.18962	0.0	ReDeconv	prevail_cu_cfrna_147
	0.0	0.019	0.0		0.36809			0.0	0.112	0.0			1.229	0.0				0.02903			0.02601	0.0	0.11398	0.65864	0.02444	0.55914			0.0	0.43912	0.06552		0.0	0.0	64.6813	0.1233	0.17034	0.47857	0.0	0.0			0.0	0.0907		0.55244		4.30416	7.51475	0.14623	0.0	0.0		0.04606		7.32124	0.0					0.0887	0.0	0.10794	0.0	0.0	0.16032	0.71395		0.0	0.15516	0.05539	1.47919		0.76524	0.0	0.0	0.02798	0.10388		0.09287	0.00214	0.0		0.0	0.09131				0.03838	0.99525		0.15537		0.0	4.10694		0.0		0.0		1.77876	0.00818	0.0	ReDeconv	prevail_cu_cfrna_140
	0.0	0.0117	0.0		0.0			0.00306	0.02432	0.0			2.19379	0.0				0.0			0.0	0.0	0.0	0.51701	0.0	0.51753			0.0	0.70152	0.15686		0.0	0.0	78.22978	0.30493	0.0	0.05208	0.0	0.0			0.0	0.0		0.4696		1.21654	5.19275	0.0	0.0	0.0		0.11611		2.34335	0.0					0.0	0.0	0.15089	0.0	0.0	0.0683	1.02948		0.0	0.0	0.0	0.228		0.58698	0.0	0.0	0.0042	0.06814		0.14719	0.01845	0.0		0.0	0.26744				0.0	0.55719		0.38257		0.0	2.44815		0.0		0.0		1.962	0.03007	0.0	ReDeconv	prevail_cu_cfrna_135
	0.0	0.04697	0.0		0.18015			5e-05	0.06037	0.08481			1.03317	0.0				0.05888			0.00878	0.0	0.44093	0.31397	0.0	0.36376			0.0	0.25415	0.02125		0.05062	0.0	80.39004	0.0	0.0	0.24876	0.0	0.0			0.0	0.31732		0.75525		0.3696	8.4057	0.16961	0.0	0.0		0.02006		0.83558	0.0					0.17236	0.0	0.00816	0.0	0.0	0.01553	0.65585		0.0	0.0	0.02865	0.0		1.01329	0.03047	0.15553	0.04521	0.02918		0.1209	0.00573	0.0		0.0	0.02708				0.0	0.0		0.07892		0.0	2.42111		0.06411		0.0		0.52748	0.11067	0.05999	ReDeconv	prevail_cu_cfrna_286
	0.0	0.03848	0.0		0.55441			0.0	0.0	0.0			2.43167	0.0				0.03717			0.01677	0.0	0.14031	0.59344	0.0	0.04844			0.0	1.65906	0.28909		0.0	0.0	57.16067	0.12799	0.0	0.39094	0.0	0.0			0.00501	0.04351		1.1125		3.21587	14.89417	0.12813	0.0	0.0		0.29282		3.57207	0.0					0.0	0.0	0.78684	0.0	0.0	0.42618	1.57478		0.0	0.38906	0.0	2.35454		1.08569	0.0	0.0	0.26913	0.19959		0.33703	0.02576	0.0		0.0	0.72252				0.0	1.07202		0.51963		0.0	1.29594		0.05001		0.14157		1.69895	0.0021	0.2961	ReDeconv	prevail_cu_cfrna_131
	0.0	0.01634	0.0		0.04707			0.02462	0.06386	0.0494			2.70342	0.0				0.06922			0.0	0.0	0.12016	0.9937	0.0	0.0			0.0	1.68349	0.24558		0.0	0.0	69.92769	0.10281	0.0	0.11507	0.0	0.0			0.00048	0.0		0.53614		1.89833	10.49651	0.08025	0.0	0.0		0.22333		2.72134	0.0					0.00726	0.0	0.15346	0.0	0.0	0.29937	1.38205		0.0	0.09319	0.0	0.9459		0.97368	0.0	0.0	0.0	0.21461		0.09227	0.02075	0.0		0.0	0.27235				0.0	0.28494		0.43565		0.0	0.97568		0.0		0.0		1.58599	0.0	0.14403	ReDeconv	prevail_cu_cfrna_142
	0.0	0.07864	0.0		0.15658			0.05327	0.20368	0.0			1.23477	0.0				0.12931			0.09179	0.0	0.24454	0.43605	0.0	0.82327			0.0	1.02494	0.16408		0.0	0.0	68.46256	0.0	0.29279	0.12495	0.0	0.0			0.0	0.0192		0.90252		3.00398	7.9355	0.10914	0.0	0.0		0.22172		3.86398	0.0					0.3186	0.0	0.33916	0.0	0.0	0.12996	0.57235		0.0	0.15032	0.08251	1.00572		0.85823	0.05953	0.03492	0.06495	0.21453		0.17472	0.0188	0.0		0.0	0.19105				0.08595	0.74636		0.30723		0.0	2.35066		0.0145		0.17589		2.22848	0.16528	0.133	ReDeconv	prevail_cu_cfrna_118
	0.0	0.01814	0.0		0.65301			0.0	0.16624	0.0			1.34493	0.0				0.01958			0.04446	0.0	0.07595	0.89674	0.0	0.32145			0.0	1.16778	0.06855		0.0	0.0	66.41006	0.69008	0.0	0.19841	0.0	0.0			0.18366	0.22476		0.37654		2.03721	14.25833	0.13232	0.0	0.0		0.11522		2.85667	0.0					0.0	0.0	0.26952	0.0	0.0	0.00924	0.91413		0.0	0.0	0.19123	0.64024		1.05969	0.05409	0.06453	0.25623	0.25917		0.08101	0.0	0.0		0.06173	0.0919				0.07561	0.16308		0.47947		0.0	1.51995		0.23548		0.0		1.01203	0.19718	0.1044	ReDeconv	prevail_cu_cfrna_109
	0.0	0.07455	0.0		0.0			0.03724	0.18297	0.0			0.92398	0.0				0.15483			0.0426	0.0	0.15403	0.0	0.00522	0.79019			0.0	0.29199	0.0112		0.0	0.0	72.95556	0.29926	0.0	0.32055	0.0	0.0			0.03906	0.19317		0.86784		0.08668	10.70852	1.40989	0.0	0.0		0.12784		0.82723	0.0					0.0	0.0	0.37749	0.0	0.0	0.0172	0.73275		0.0	0.31166	0.17245	0.0		1.98561	0.07393	0.03492	0.0794	0.20358		0.20632	0.0	0.00303		0.0	0.04788				0.02867	0.0		0.20968		0.0	1.97024		0.16152		0.14887		2.6416	0.0888	0.0	ReDeconv	prevail_cu_cfrna_110
	0.0	0.14104	0.0		2.92124			0.0	0.49492	0.0			0.0	0.0				0.23461			0.05385	0.0	1.96807	0.5442	0.0	1.67654			0.16481	0.0	0.01706		0.0	0.0	53.1039	0.71152	0.10206	0.77686	0.0	0.0			0.0	0.0		0.25182		2.98051	18.86585	0.80736	0.0	0.06554		0.23535		2.61756	0.0					0.0	0.24758	0.80031	0.0	0.0	0.0366	0.2557		0.0	0.53479	0.11052	1.97897		1.77418	0.12405	0.09954	0.70625	0.09547		0.33755	0.08705	0.05471		0.74084	0.23704				0.43545	0.40217		0.16226		0.0	0.36279		0.85503		0.0		0.60142	0.22509	0.0	ReDeconv	prevail_cu_cfrna_112
	0.0	0.01783	0.0		0.22982			0.0	0.0	0.0			0.79176	0.0				0.04032			0.0523	0.0	0.0	0.38556	0.0	0.427			0.0	0.47924	0.03894		0.0	0.0	78.37162	0.0	0.0	0.14795	0.0	0.06275			0.00093	0.15958		0.36569		0.69844	9.65511	0.0238	0.0	0.0		0.07131		2.09559	0.0					0.26246	0.0	0.36469	0.0	0.0	0.06524	0.7707		0.0	0.0	0.0	0.6091		0.6305	0.0	0.05212	0.08209	0.0578		0.12008	0.02902	0.0		0.0	0.1288				0.0	0.36815		0.10654		0.0	1.12055		0.18006		0.0748		0.72188	0.13986	0.0	ReDeconv	prevail_cu_cfrna_166
	0.0	0.00148	0.0		0.29097			0.00123	0.0	0.0			1.53644	0.0				0.0			0.00666	0.0	0.0	0.63791	0.0	0.33867			0.0	0.36484	0.10604		0.0	0.0	76.56184	0.11744	0.03921	0.36333	0.0	0.0			0.0	0.1629		0.58231		1.69349	6.34607	0.0	0.0	0.0		0.02411		3.67241	0.0					0.0	0.0	0.16788	0.0	0.0	0.06101	0.86281		0.0	0.03193	0.0	0.69568		0.59271	0.0	0.04297	0.01115	0.04861		0.27993	0.01549	0.0		0.0	0.08262				0.00346	0.21254		0.24036		0.0	2.14175		0.01262		0.03109		1.6028	0.01523	0.0	ReDeconv	prevail_cu_cfrna_159
	0.0	0.00527	0.0		0.0905			0.0067	0.0	0.0			2.26754	0.0				0.00216			0.00275	0.0	0.0	0.64338	0.01202	0.30312			0.0	0.83997	0.12873		0.0	0.0	77.98514	0.02225	0.0	0.0	0.0	0.0			0.0	0.0		0.50284		1.25245	7.10619	0.0	0.0	0.0		0.13984		2.0346	0.0					0.08662	0.0	0.25288	0.0	0.0	0.1936	1.17385		0.0	0.0	0.0	0.4747		0.64731	0.0	0.0	0.0	0.07853		0.19057	0.02403	0.0		0.04102	0.24183				0.0	0.0		0.22233		0.0	1.33668		0.0		0.0		1.57124	0.00739	0.11195	ReDeconv	prevail_cu_cfrna_167
	0.0	0.00016	0.03379		0.0			0.01563	0.08859	0.0			1.32291	0.0				0.04935			0.02049	0.0	0.12868	2.19172	0.0	0.94381			0.0	0.64832	0.0		0.0	0.0	45.03096	0.0	0.16986	1.00906	0.0	0.0			0.0	0.0		1.16632		10.45485	13.23647	0.20711	0.0	0.0		0.10653		7.65559	0.0					0.15299	0.0	0.37864	0.0	0.0	0.05092	0.71211		0.0	0.0	0.03085	0.25106		1.16673	0.0	0.0	0.15883	0.08664		0.18883	0.0	0.0		0.06512	0.16136				0.05116	2.51718		0.27975		0.0	6.67929		0.08894		0.0		2.42053	0.07888	0.0	ReDeconv	prevail_cu_cfrna_150
	0.0	0.07258	0.01358		0.7368			0.32479	0.07608	0.0			0.34923	0.0				0.11207			0.0	0.0	0.1928	0.0	0.0	0.17899			0.0	0.4925	0.16107		0.0	0.01197	59.7262	0.30919	0.0	1.98839	0.0	0.0			0.0	0.55809		0.86027		2.3917	17.34126	0.0	0.0	0.0		0.2549		3.50681	0.0					0.0	0.0	0.48985	0.0	0.0	0.0	0.4535		0.0	0.0	0.03597	0.86563		2.14034	0.07339	0.0	0.44947	0.08537		0.01882	0.0	0.0		0.20085	0.0				0.0	1.06477		0.07471		0.0	2.09927		0.10322		0.67096		1.33528	0.17934	0.0	ReDeconv	prevail_cu_cfrna_169
	0.0	0.09745	0.0		0.38154			0.04503	0.29631	0.13638			2.1785	0.0				0.15803			0.21487	0.0	0.33679	0.43902	0.0	0.69696			0.0	1.54385	0.24127		0.0	0.0	68.03095	0.0	0.12876	0.6443	0.0	0.0			0.00111	0.0		1.25217		1.91573	10.80829	0.07553	0.0	0.0		0.47468		1.60493	0.0					0.42597	0.02146	0.22761	0.0	0.0	0.19642	0.72398		0.0	0.19066	0.10792	0.0		0.92743	0.1053	0.0	0.11828	0.40518		0.19535	0.07857	0.0		0.167	0.16179				0.04864	0.35812		0.37955		0.0	0.92731		0.12942		0.27586		1.57926	0.38221	0.16426	ReDeconv	prevail_cu_cfrna_162
	0.0	0.03466	0.0		0.15522			0.02824	0.1461	0.0			2.19994	0.0				0.09982			0.0	0.0	0.04886	0.59187	0.10362	0.61863			0.0	1.46039	0.23601		0.0	0.0	68.34506	0.28924	0.31542	0.12614	0.0	0.0			0.0	0.0		0.46133		0.89888	12.08455	0.10077	0.0	0.0		0.4551		2.01028	0.0					0.0	0.0	0.71967	0.0	0.0	0.31081	1.26065		0.0	0.2309	0.0421	1.40045		1.09981	0.04489	0.0	0.21237	0.16174		0.13401	0.0	0.0		0.10431	0.22268				0.0	0.65864		0.35992		0.0	0.51902		0.06574		0.0679		1.43548	0.13881	0.0	ReDeconv	prevail_cu_cfrna_151
	0.0	0.02677	0.0		0.0			0.0	0.09093	0.0			1.98657	0.0				0.00039			0.0	0.0	0.35941	0.37901	0.08186	0.30025			0.0	0.71765	0.11487		0.0	0.0	80.69045	0.11849	0.00918	0.73502	0.0	0.0			0.0	0.0		0.75929		0.27612	6.69502	0.16903	0.0	0.0		0.09016		1.03162	0.0					0.16399	0.0	0.11453	0.0	0.0	0.15294	0.91043		0.0	0.03997	0.0	0.30142		0.87111	0.0	0.0	0.00516	0.11792		0.21687	0.03808	0.0		0.0	0.1649				0.0	0.0		0.26383		0.0	1.62162		0.02216		0.1097		0.05314	0.0941	0.10605	ReDeconv	prevail_cu_cfrna_170
	0.0	0.00605	0.0		0.92027			0.0012	0.03155	0.0			1.05765	0.0				0.02218			0.00467	0.0	0.06129	0.0	0.0	0.55549			0.0	0.07736	0.04553		0.0	0.0	65.36551	0.37406	0.0	0.40766	0.0	0.0			0.0163	0.0		1.16164		3.16087	10.5725	0.0833	0.0	0.0		0.05349		5.22002	0.0					0.1325	0.0	0.47018	0.0	0.0	0.20676	0.62363		0.0	0.0	4e-05	1.1711		1.17106	0.0	0.0	0.0	0.11802		0.08063	0.02539	0.0		0.0	0.20094				0.01605	1.05729		0.11686		0.0	2.50875		0.00257		0.20076		2.693	0.00587	0.0	ReDeconv	prevail_cu_cfrna_148
	0.0	0.02956	0.0		0.41282			0.0	0.0169	0.0			1.86025	0.0				0.01946			0.0115	0.0	0.0	0.47798	0.0	0.4252			0.0	0.73317	0.12585		0.0	0.0	76.14191	0.32315	0.04113	0.23591	0.0	0.0			0.00534	0.14901		0.91458		2.19897	7.58412	0.04984	0.0	0.0		0.03923		1.56558	0.0					0.0	0.0	0.39783	0.0	0.0	0.14046	0.86634		0.0	0.0	0.0	0.06518		0.78498	0.01294	0.06533	0.13704	0.17128		0.25181	0.02762	0.0		0.06204	0.13625				0.01067	0.46289		0.18236		0.0	1.02544		0.0		0.0		1.82435	0.01372	0.0	ReDeconv	prevail_cu_cfrna_149
	0.0	0.04412	0.0		0.87519			0.0	0.10305	0.0			1.85914	0.0				0.0			0.05533	0.0	0.18107	0.42169	0.0	0.45431			0.0	1.09133	0.19803		0.0	0.0	60.37378	0.07413	0.0	0.17678	0.0	0.0			0.00941	0.0		1.12299		2.15862	10.49704	0.07679	0.0	0.0		0.05271		5.53057	0.0					0.09935	0.0	0.73337	0.0	0.0	0.21487	1.00841		0.0	0.24151	0.04813	1.69646		1.23251	0.0	0.01237	0.02115	0.26655		0.38764	0.0	0.0		0.0	0.24689				0.0	2.07529		0.31374		0.0	3.03183		0.0		0.0		2.87137	0.14252	0.0	ReDeconv	prevail_cu_cfrna_164
	0.0	0.05373	0.0		0.0			0.287	0.0	0.21151			1.5765	0.0				0.08116			0.11223	0.0	0.48369	1.05576	0.05241	0.80467			0.0	0.60599	0.2522		0.0	0.0	61.5185	0.0	0.03673	0.61121	0.0	0.0			0.0	0.0		0.79465		3.31366	11.74172	0.01415	0.0	0.0		0.09161		5.08607	0.0					0.29992	0.0	0.5583	0.0	0.0	0.1124	1.414		0.0	0.05968	0.06185	0.48843		0.6676	0.03775	0.19801	0.0	0.20082		0.26554	0.0	0.0		0.17243	0.31961				0.0	0.15385		0.36725		0.0	3.34547		0.0		0.02774		2.08238	0.14887	0.23293	ReDeconv	prevail_cu_cfrna_165
	0.0	0.17956	0.0		14.3271			0.0	0.52962	0.0			0.0	1.0062				0.35881			0.06663	0.0	1.21404	0.0	0.0	2.24317			0.0	0.0	0.13179		0.0	0.00961	21.49347	0.48652	0.28153	0.35565	0.0	0.0			0.01282	0.0		0.0		2.10774	17.83285	0.55212	0.0	0.18028		0.02521		12.60883	0.0					0.0	0.60271	0.83756	0.0	1.0757	0.0	0.62977		0.0	0.41366	0.03855	7.21702		1.23616	0.0	0.0871	0.58486	0.28534		0.1655	0.00412	0.0		0.0	0.27139				0.59797	1.96969		0.23538		0.0	3.85362		1.02541		0.0		2.72071	0.14424	0.0	ReDeconv	prevail_cu_cfrna_171
	0.0	0.03928	0.0		0.26207			0.00708	0.0861	0.025			1.59734	0.0				0.03323			0.00448	0.0	0.33199	0.49062	0.03776	0.51402			0.0	0.73802	0.05666		0.0	0.0	81.05553	0.1491	0.02037	0.15011	0.0	0.0			0.01379	0.0		0.50132		0.52572	7.17451	0.10686	0.0	0.0		0.0921		0.88505	0.0					0.12826	0.0	0.20534	0.0	0.0	0.06045	0.8614		0.0	0.0	0.00923	0.41641		0.65551	0.0	0.0	0.0728	0.02313		0.20048	0.02989	0.0		0.0	0.05537				0.0	0.0		0.17164		0.0	1.14546		0.02516		0.0576		0.72845	0.06758	0.18774	ReDeconv	prevail_cu_cfrna_152
	0.0	0.16363	0.0		1.43008			0.0	0.46438	0.0			0.99814	0.0				0.06462			0.11495	0.0	4.29844	1.81618	0.0	1.94728			0.0	0.48049	0.11435		0.0	0.0	53.59554	0.0	0.0	0.38964	0.0	0.0			0.03175	1.04942		0.33697		2.14927	13.96041	0.30282	0.0	0.0		0.29023		5.46351	0.0					0.0	0.0	0.34654	0.0	0.0	0.19682	0.84278		0.0	0.27945	0.05261	2.43386		1.33575	0.1746	0.0	0.2882	0.57908		0.00202	0.01686	0.0		0.30872	0.55273				0.18902	0.0		0.13821		0.0	1.61059		0.03994		0.02186		0.36198	0.1389	0.62736	ReDeconv	prevail_cu_cfrna_174
	0.0	0.0	0.00391		2.59869			0.04314	0.01268	0.0			1.46994	0.0				0.00455			0.0	0.0	0.30071	4.61273	0.31833	1.91966			0.01678	0.32056	0.0		0.0	0.0	5.01751	0.0	0.0	1.24324	0.0	0.0			0.0	0.44684		0.0		22.69588	15.52433	1.20111	0.08597	0.0		0.09154		5.45074	0.30755					0.0	0.0	0.33289	0.0	0.0	0.03632	0.77069		0.0	1.15816	0.0	0.0		1.46519	0.0	0.0	0.35239	0.0		0.02103	0.0	0.0		0.0	0.22918				0.02159	8.75509		0.26087		0.53872	10.69119		0.01873		0.0		11.66157	0.0	0.0	ReDeconv	prevail_cu_cfrna_181
	0.0	0.34065	0.0		1.1292			0.20545	0.55221	0.0			0.0	0.0				0.70711			0.15141	0.0	2.88006	0.0	0.0	1.95084			0.22067	0.86848	0.18242		0.0	0.0	37.65749	0.03614	0.58462	0.37964	0.0	0.06271			0.0	0.66898		3.09666		4.48457	15.52136	1.07808	0.0	0.0		0.4635		6.31388	0.0					0.94976	0.0	0.83244	0.0	0.0	0.10789	0.50546		0.0	0.52761	0.3543	5.24445		2.06986	0.21097	0.12426	0.32345	0.63947		0.0	0.00155	0.0		0.0	0.38867				0.18831	2.03022		0.40366		0.0	3.20287		0.12784		0.28453		1.47753	0.46874	0.0	ReDeconv	prevail_cu_cfrna_183
	0.12156	0.11317	0.08706		0.92468			0.0402	0.39734	0.0876			0.22296	0.0				0.30956			0.07564	0.0	0.5747	0.34076	0.0	0.89544			0.0	0.21674	0.0		0.0	0.00797	71.83003	0.88612	0.0	0.52116	0.0	0.0			0.0	0.20956		0.72051		1.16712	12.91247	0.22976	0.0	0.0		0.13732		1.06851	0.0					0.0	0.0	0.12578	0.0	0.0	0.0	1.11258		0.0	0.20392	0.06037	0.70036		0.5457	0.16605	0.04423	0.0	0.30803		0.15327	0.0	0.0		0.0	0.0				0.12457	0.0		0.18672		0.0	0.56415		0.27589		0.32777		0.74368	0.20845	0.05054	ReDeconv	prevail_cu_cfrna_175
	0.0	0.01647	0.01012		0.36188			0.02892	0.0	0.0			1.17543	0.0				0.02633			0.03302	0.0	1.21476	0.06837	0.0	0.6959			0.0	0.11286	0.0		0.0	0.0	78.3911	0.11231	0.01402	0.33666	0.0	0.0			0.0	0.0		0.36057		0.2427	8.26107	0.11167	0.0	0.0		0.08921		1.70744	0.0					0.18509	0.0	0.35751	0.0	0.0	0.02157	0.93625		0.0	0.09995	0.0436	0.88131		0.99515	0.07795	0.00747	0.0192	0.04671		0.15413	0.00279	0.0		0.0	0.0983				0.12052	0.02379		0.11512		0.0	1.81389		0.0		0.19429		0.29121	0.06903	0.07437	ReDeconv	prevail_cu_cfrna_177
	0.0	0.02452	0.0		0.01216			0.0	0.08028	0.0			0.44427	0.0				0.01597			0.0	0.0	0.94326	0.0	0.0	0.28325			0.0	0.0214	0.00869		0.0	0.0	80.75896	0.19806	0.0	0.27981	0.0	0.0			0.00049	0.01445		1.30095		0.44295	6.62011	0.50539	0.0	0.0		0.00284		3.05231	0.0					0.13701	0.0	0.12362	0.0	0.0	0.0	0.41663		0.0	0.0	0.02618	0.16959		0.54636	0.0	0.01715	0.04242	0.07727		0.10398	0.01411	0.0		0.0	0.11352				0.03937	0.32732		0.03859		0.0	2.17285		0.01434		0.06788		0.43467	0.01849	0.08848	ReDeconv	prevail_cu_cfrna_179
	0.0	0.01287	0.0		0.14422			0.00015	0.0426	0.04624			2.10305	0.0				0.0			0.0	0.0	0.20072	1.103	0.03507	0.1912			0.0	1.09596	0.0562		0.0	0.0	78.26769	0.0	0.0	0.0	0.0	0.0			0.0	0.0		0.40567		1.14162	6.48789	0.15364	0.0	0.0		0.09235		2.07975	0.0					0.07791	0.0	0.01351	0.0	0.0	0.06917	0.66481		0.0	0.0	0.0	0.47784		0.92055	0.0	0.0	0.0	0.17663		0.04467	0.00966	0.0		0.0	0.10554				0.0	0.0		0.29175		0.0	2.15087		0.0		0.0		1.32071	0.01652	0.0	ReDeconv	prevail_cu_cfrna_182
	0.0	0.1775	0.0		0.0			0.10459	0.22786	0.21309			0.21794	0.0				0.32374			0.16694	0.0	3.45881	0.0	0.0032	1.63532			0.0	0.93397	0.26283		0.0	0.0	51.54684	0.0	0.14324	0.22882	0.0	0.07001			0.0	0.66305		0.66158		4.45609	13.00223	0.74237	0.0	0.0		0.15058		4.11281	0.0					0.40722	0.1262	1.22606	0.12909	0.0	0.28869	0.93494		0.0	0.27016	0.37429	1.22793		1.93444	0.12002	0.15862	0.00434	0.38572		0.07767	0.0	0.0		0.30018	0.48406				0.0	2.12538		0.37981		0.0	2.54731		0.22001		0.24782		1.72067	0.44563	0.36033	ReDeconv	prevail_cu_cfrna_185
	0.0	0.02616	0.0		0.17433			0.0	0.0	0.0			0.48547	0.0				0.0			0.04746	0.0	0.59121	0.0	0.0	0.06887			0.0	0.18018	0.07899		0.0	0.21161	54.22919	0.10138	0.0	2.94343	0.0	0.0			0.01473	0.0		1.61827		6.63985	11.84711	0.09733	0.0	0.0		0.1109		4.42907	0.0					0.35373	0.0	0.76335	0.0	0.0	0.16832	0.23997		0.0	0.0	0.08812	1.25061		1.80433	0.12474	0.0	0.19696	0.16833		0.058	0.0	0.0		0.0	0.16589				0.00694	2.30746		0.11647		0.0	3.34539		0.18226		0.02942		4.66835	0.0658	0.0	ReDeconv	prevail_cu_cfrna_228
	0.0	1e-05	0.0		0.43934			0.02445	0.0	0.0			0.65615	0.0				0.01157			0.0	0.0	0.1092	0.3305	0.0	0.3513			0.0	0.19899	0.02452		0.0	0.0	73.93565	0.20274	0.06393	0.27278	0.0	0.0			0.0	0.01065		0.4504		3.3034	7.80259	0.0	0.0	0.0		0.05235		3.75888	0.0					0.11638	0.0	0.14134	0.0	0.0	0.07602	0.57316		0.0	0.0	0.00923	0.89092		0.68145	0.0	0.00762	0.11696	0.08842		0.16475	0.02721	0.0		0.03313	0.10936				0.0461	0.36807		0.16648		0.0	2.46186		0.0		0.09124		1.82665	0.00423	0.0	ReDeconv	prevail_cu_cfrna_230
	0.0	0.06362	0.0		0.0			0.0	0.09458	0.03281			1.56186	0.0				0.04738			0.0	0.0	1.58331	0.79718	0.0	0.28167			0.0	0.48959	0.11915		0.0	0.0	78.28436	0.15817	0.0	0.00138	0.0	0.0			0.02811	0.0		0.61239		0.24264	9.28036	0.16466	0.0	0.0		0.10987		1.54936	0.0					0.13557	0.0	0.34022	0.0	0.0	0.0	1.23151		0.0	0.05316	0.00562	0.44342		0.34131	0.02934	0.06892	0.05433	0.16541		0.30322	0.0	0.0		0.0	0.1922				0.03033	0.0		0.18585		0.0	0.53774		0.05468		0.05394		0.11641	0.01128	0.14307	ReDeconv	prevail_cu_cfrna_191
	0.0	0.06232	0.0		1.05468			0.01114	0.29748	0.13802			0.60268	0.0				0.17			0.00581	0.0	0.64883	0.29743	0.0	0.80365			0.0	0.17555	0.0		0.05455	0.0	79.68163	0.10011	0.00155	0.24765	0.0	0.0			0.0	0.0		0.5008		0.74505	7.92516	0.09199	0.0	0.0		0.09032		1.33795	0.0					0.20879	0.0	0.09995	0.0	0.0	0.10363	0.396		0.0	0.03664	0.03635	1.05324		0.45479	0.05143	0.06017	0.0	0.09562		0.11702	0.00163	0.0		0.0	0.0				0.0227	0.0		0.04941		0.05329	1.13243		0.08207		0.0		0.57522	0.134	0.19127	ReDeconv	prevail_cu_cfrna_192
	0.0	0.08224	0.03525		0.48078			0.04206	0.34942	0.13876			1.1572	0.0				0.18886			0.05145	0.0	4.5178	0.77915	0.0	0.85355			0.0	0.95368	0.17531		0.0	0.0	66.35778	0.32278	0.09202	0.10496	0.0	0.0			0.0	0.0		1.00976		1.01692	10.16151	0.29647	0.0	0.0		0.17651		2.99939	0.0					0.29854	0.0	0.17342	0.0	0.0	0.1361	0.41561		0.0	0.0	0.04088	1.22233		1.05832	0.02701	0.00993	0.0	0.1062		0.15003	0.00471	0.0		0.11715	0.13768				0.0	0.409		0.29346		0.0	1.83485		0.03438		0.11677		0.75772	0.22118	0.09111	ReDeconv	prevail_cu_cfrna_193
	0.0	0.11926	0.0		0.38898			0.08349	0.19044	0.00126			1.47983	0.0				0.24377			0.07753	0.0	3.1643	0.46379	0.0	1.03172			0.0	0.89905	0.05639		0.0	0.0	63.77917	0.0	0.00868	0.08539	0.0	0.0			0.0	0.13788		1.05996		1.32381	11.21687	0.77723	0.0	0.0		0.2213		3.5567	0.0					0.0	0.0	0.22996	0.0	0.0	0.20786	0.74836		0.0	0.15254	0.09778	1.16817		1.4356	0.1633	0.02477	0.18405	0.29961		0.0289	0.0	0.0		0.13914	0.26523				0.05243	0.10413		0.29975		0.0	2.20426		0.02669		0.10197		1.34952	0.34918	0.0	ReDeconv	prevail_cu_cfrna_194
	0.0	0.0438	0.06089		1.04569			0.03864	0.0887	0.0			0.27375	0.0				0.07935			0.02949	0.0	0.23264	0.32375	0.0	0.44092			0.0	0.32007	0.05786		0.0	0.0	83.64213	0.0	0.07874	0.30263	0.0	0.0			0.0	0.21418		0.9167		0.37475	5.26035	0.04488	0.24323	0.0		0.04766		1.84295	0.0					0.15959	0.02041	0.00876	0.0	0.0	0.0	0.13531		0.0	0.02693	0.07722	0.72081		0.28372	0.02068	0.04439	0.20943	0.03643		0.02465	0.00026	0.0		0.04528	0.0				0.00364	0.0		0.07952		0.0	1.32414		0.08927		0.25239		0.31925	0.06133	0.05286	ReDeconv	prevail_cu_cfrna_195
	0.05805	0.06853	0.02082		0.1272			0.02137	0.22374	0.09677			0.81582	0.0				0.12355			0.0	0.0	2.34013	0.18436	0.0	0.77837			0.0	0.40816	0.04821		0.0	0.07446	80.03939	0.04716	0.00117	0.17902	0.0	0.15442			0.0	0.0		0.57834		0.89881	7.05534	0.11507	0.0	0.0		0.05485		0.77862	0.0					0.32393	0.0	0.01459	0.0	0.0	0.0	0.31521		0.0	0.09345	0.03953	0.6126		0.76243	0.07825	0.05439	0.04175	0.11881		0.0429	0.01054	0.0		0.0	0.00271				0.0	0.09712		0.14957		0.0	1.21521		0.03598		0.06009		0.48671	0.14198	0.01054	ReDeconv	prevail_cu_cfrna_196
	0.0	0.08151	0.0		0.96799			0.05783	0.09368	0.0			0.09552	0.0				0.1549			0.04027	0.09927	6.74747	0.0	0.0	1.30356			0.02421	0.0	0.0		0.0	0.0	62.3087	0.0	0.0	0.32537	0.0	0.03096			0.0	1.06909		0.28733		0.9792	10.81784	0.36861	0.0	0.01682		0.06509		4.40285	0.0					0.0	0.0	0.14059	0.0	0.0	0.12466	0.64046		0.0	0.0	0.09511	0.77969		2.27464	0.19602	0.04675	0.43795	0.37141		0.0	0.03677	0.0		0.10509	0.0				0.05919	0.00742		0.06373		0.0	3.01297		0.01717		0.34438		0.44949	0.15415	0.30431	ReDeconv	prevail_cu_cfrna_197
	0.0	0.04423	0.0		0.48191			0.00742	0.09975	0.0			1.12684	0.0				0.04989			0.0	0.06367	2.62612	0.20673	0.0	0.43847			0.0	0.07051	0.06242		0.0	0.0	73.55558	0.27285	0.0	0.59906	0.0	0.0			0.0	0.13527		0.66691		0.81153	8.2544	0.1472	0.0	0.0		0.11419		2.22692	0.0					0.17968	0.0	0.22287	0.0	0.0	0.22052	0.44046		0.0	0.03909	0.08587	0.85373		1.54866	0.05059	0.0	0.05026	0.19154		0.02731	0.0	0.0		0.0	0.0818				0.01597	0.63365		0.14904		0.0	2.4159		0.0		0.25021		0.12609	0.12761	0.22726	ReDeconv	prevail_cu_cfrna_272
	0.0	0.14521	0.0		2.46568			0.11365	0.98195	0.0			0.0	0.0				0.54683			0.10477	0.01453	8.50741	0.0	0.0	2.35985			0.32208	0.91888	0.01991		0.0	0.0	18.83576	0.23359	0.0	1.0563	0.0	1.34149			0.07575	0.0		3.06596		6.85764	17.34988	3.13093	0.0	0.0		0.50459		9.52126	0.0					0.35759	0.0	0.55928	0.0	0.36016	0.6544	0.0		0.0	1.11792	0.34055	3.45756		3.95907	0.35272	0.00105	0.2978	1.41102		0.0	0.0	0.0		0.0	0.19097				0.0	1.05646		0.48602		0.04337	5.07198		0.24143		0.02108		0.91728	0.6284	0.0	ReDeconv	prevail_cu_cfrna_278
	0.0	0.01025	0.0		0.66807			0.07087	0.0	0.0			0.17706	0.0				0.06529			0.0	0.02268	5.63615	0.0	0.09326	0.32533			0.0	0.0	0.0		0.0	0.0	71.0629	0.15688	0.0	0.35059	0.0	0.0			0.0	0.0		1.12089		2.20283	7.35105	0.02597	0.0	0.0		0.00295		5.64428	0.0					0.12519	0.0	0.00163	0.00134	0.0	0.01968	0.08938		0.0	0.0	0.03652	0.69807		0.69998	0.0	0.00414	0.01173	0.09692		0.0	0.0	0.0		0.08267	0.07667				0.01085	0.44215		0.02541		0.02012	2.1185		0.0		0.0		0.45175	0.0	0.0	ReDeconv	prevail_cu_cfrna_271
	0.0	0.0	0.0		1.64242			0.01912	1.0289	0.0			0.0	0.0				0.58155			0.0	0.0206	14.26549	0.0	0.0	2.33693			0.39355	0.0	0.0		0.0	0.0	19.29614	0.0	0.0	1.07	0.0	0.0			0.04597	0.32821		3.1836		4.37077	17.61182	1.14608	0.0	0.33924		0.15359		12.17828	0.0					1.11447	0.0	0.54308	0.0	0.84766	0.2153	0.06208		0.0	1.07737	0.16101	4.04174		2.18208	0.10072	0.46541	0.5129	0.68423		0.0	0.0	0.0		0.0	0.68469				0.00652	3.05514		0.04161		0.14996	2.67103		0.50995		0.0		0.32158	0.53921	0.0	ReDeconv	prevail_cu_cfrna_270
	0.0	0.00289	0.0		0.0			0.0	0.04829	0.058			1.6176	0.0				0.00851			0.0	0.0	0.39558	0.63199	0.0	0.16692			0.0	0.38339	0.06635		0.0	0.0	70.86075	0.0	0.0	0.57359	0.0	0.0			0.02577	0.08269		1.09288		2.87925	10.16326	0.20125	0.0	0.0		0.0		1.33549	0.0					0.11282	0.0	0.1268	0.19404	0.0	0.16557	0.30323		0.0	0.0	0.0	0.87481		1.85701	0.00156	0.0171	0.0	0.10979		0.20648	0.03642	0.0		0.0	0.06246				0.06268	0.9917		0.16703		0.0	2.13538		0.0153		0.05574		1.87464	0.03498	0.0	ReDeconv	prevail_cu_cfrna_234
	0.0	0.05721	0.0		0.50861			0.03307	0.16301	0.0			0.44258	0.0				0.11488			0.01575	0.0023	3.46533	0.0	0.0	0.87213			0.0	0.09933	0.04786		0.0	0.0	75.393	0.11011	0.00064	0.26684	0.0	0.0			0.01266	0.08614		0.34222		0.538	6.86343	0.32175	0.0	0.0		0.07234		2.21882	0.0					0.29171	0.0	0.07944	0.0	0.0	0.02078	0.58803		0.0	0.0	0.02664	1.29787		1.99814	0.05696	0.06227	0.22244	0.22207		0.07211	0.00868	0.0		0.0	0.0				0.04843	0.21811		0.22119		0.0	1.74209		0.0		0.05873		0.51184	0.20449	0.0	ReDeconv	prevail_cu_cfrna_235
	0.0	0.54058	0.0		0.0			0.59542	1.85331	0.38469			0.50958	0.0				1.63446			0.0	0.0	6.34601	0.0	0.0	2.95987			0.20608	1.10277	0.22541		0.0	0.0	25.63488	0.0	0.01852	0.66517	0.0	0.35894			0.0	0.0		3.05339		4.31234	21.92258	1.06247	0.11132	0.0		0.69717		4.65938	0.0					3.19876	0.0	0.90447	0.0	0.0	0.40005	0.0		0.06653	1.76963	0.51297	2.33334		1.20928	0.40115	0.09119	0.73493	1.40773		0.34877	0.0	0.0		0.0	0.39318				0.0	2.87786		0.68587		0.0	0.67024		0.65635		0.38805		0.8174	1.01013	0.26779	ReDeconv	prevail_cu_cfrna_269
	0.0	0.01313	0.00984		0.0			0.0	0.03802	0.0			0.53792	0.0				0.0			0.0	0.0	1.79405	0.0	0.04913	0.30913			0.0	0.07982	0.00467		0.0	0.06755	83.38842	0.24584	0.0	0.34343	0.0	0.0			0.0	0.16878		0.946		0.2763	4.15465	0.0	0.0	0.0		0.01044		1.71152	0.0					0.17209	0.0	0.0	0.0	0.0	0.0	0.55359		0.05828	0.0	0.0	0.38707		0.53547	0.0	0.01132	0.06819	0.05138		0.14991	0.00014	0.0		0.0	0.23317				0.0189	0.0		0.04588		0.0	2.71425		0.0		0.0		0.56911	0.00697	0.27563	ReDeconv	prevail_cu_cfrna_236
		0.0	0.0		1.47589			0.12541	0.0	0.0			0.0	0.0				0.0			0.0	0.0	23.85747	0.0	3.5616	0.68076			0.0	0.0	0.0			0.0	0.00397	0.0067	0.0		2.93148	0.0			0.0			2.47211		0.0	26.76681	0.12016	0.0	0.0		0.0987		12.68177	0.0					0.0	0.02631	0.0		0.0	0.98707	0.0		0.0	0.0	0.33333	0.0		2.01969	0.0	0.0	0.0			0.0	0.0	0.0		0.0	0.0				0.0	10.39765		2.9519		0.0	8.50121		0.0		0.0		0.0		0.0	MuSiC	prevail_cu_cfrna_206
		0.0	0.0		6.47197			1.01382	0.0	0.0			0.0	0.0				0.14061			0.0	0.0	45.79224	0.0	2.43686	0.0			0.34937	0.0	0.0			0.0	0.14091	0.00457	0.0		1.83982	0.0			0.0			2.6659		0.0	11.64407	0.04119	0.0	0.0		0.24381		11.95472	0.0					0.0	0.0	0.0		0.0	0.63972	0.0		0.0	0.21215	1.6418	0.31002		0.07226	0.0	0.0	0.0			0.0	0.0	0.0		0.0	0.0				0.0	9.15721		0.59013		0.0	2.55762		0.07923		0.0		0.0		0.0	MuSiC	prevail_cu_cfrna_211
		0.0	0.0		4.54041			0.49469	0.0	0.0			0.0	0.0				0.0			0.0	0.0	35.16331	0.0	1.781	0.04779			0.0	0.0	0.0			0.0	0.17994	0.0	0.0		2.08039	0.0			0.0			3.0368		0.0	15.78643	0.01641	0.0	0.0		0.13976		9.76108	0.0					0.0	0.0	0.0		0.0	0.53096	0.0		0.0	0.0	1.06422	0.38349		0.67014	0.0	0.0	0.0			0.00382	0.0	0.0		0.0	0.0				0.0	16.20055		0.79028		0.0	7.17543		0.15308		0.0		0.0		0.0	MuSiC	prevail_cu_cfrna_223
		0.0	0.07202		7.67613			0.91171	0.0	0.0			0.0	0.0				0.0			0.35248	0.0	12.94659	0.0	1.23015	2.06119			0.5805	0.0	0.0			0.0	0.27648	0.0	0.0		0.0	0.0			0.0			9.85308		0.0	15.075	0.01584	0.0	0.0		0.02399		11.31397	0.0					0.0	0.0	0.0		0.0	2.05418	0.0		0.0	0.31782	2.0515	1.87135		0.70825	0.05505	0.0	0.0			0.0	0.0	0.0		0.0	0.0				0.0	17.06419		0.01997		0.0	12.82356		0.645		0.0		0.0		0.0	MuSiC	prevail_cu_cfrna_215
		0.0	0.03128		0.04114			0.44141	0.0	0.0			0.0	0.0				0.0			0.0	0.0	23.98014	0.0	4.51735	0.03899			0.0	0.0	0.0			0.0	0.21699	0.0	0.0		8.1725	0.0			0.0			3.44213		0.0	22.03897	0.0033	0.0	0.0		0.54906		4.08833	0.0					0.0	3.84491	0.0		0.0	0.79366	0.0		0.0	0.0	0.58891	2.29411		0.51103	0.36731	0.0	0.0			0.0	0.0	0.0		0.0	0.0				0.0	10.80634		2.11612		0.0	11.11604		0.0		0.0		0.0		0.0	MuSiC	prevail_cu_cfrna_202
		0.0	1.8462		11.03689			0.24416	0.0	0.0			0.0	0.0				0.0			0.0	0.0	14.84656	0.0	1.39788	1.35233			0.16614	0.0	0.0			0.0	0.20893	0.0	0.0		0.0	0.0			0.0			13.22547		0.0	10.72033	0.01762	0.0	0.0		0.00815		8.85986	0.0					0.0	2.045	0.0		0.0	0.01586	0.0		0.0	0.0	2.43862	2.97438		2.23757	0.0	0.0	0.0			0.0	0.0	0.0		0.0	0.0				0.0	6.9303		0.0		0.0	17.22167		2.2061		0.0		0.0		0.0	MuSiC	prevail_cu_cfrna_224
		0.11615	1.02558		0.93904			1.34365	0.0	0.02729			0.0	0.0				0.49928			0.21612	0.0	22.21694	0.0	2.62571	7.35756			0.986	0.0	0.0			0.0	0.2787	0.0	0.01224		0.0	0.0			0.0			8.05503		0.0	14.03629	0.01587	0.0	0.0		0.11668		6.2731	0.0					0.0	0.0	0.00079		0.0	0.1679	0.0		0.0	3.44394	1.86695	0.0		2.57742	0.0	0.0	0.0			0.0	0.27865	0.0		0.0	0.0				0.0	11.40806		0.18778		0.0	13.92726		0.0		0.0		0.0		0.0	MuSiC	prevail_cu_cfrna_199
		0.0	0.0		3.8928			0.16306	0.0	0.0			0.0	0.0				0.0			0.0	0.0	52.04651	0.0	2.77493	0.0			0.0	0.0	0.0			0.0	0.10243	0.00103	0.0		14.00315	0.0			0.0			0.21672		0.0	0.29849	0.06883	0.0	0.0		0.58218		12.37375	0.0					0.0	0.0	0.0		0.0	1.04169	0.0		0.0	0.0	0.18802	0.08216		0.0	0.0	0.0	0.0			0.03764	0.0	0.0		0.0	0.0				0.0	10.59239		0.54557		0.0	0.95152		0.03712		0.0		0.0		0.0	MuSiC	prevail_cu_cfrna_204
		0.0	1.14105		6.55202			0.10074	0.0	0.0			0.0	0.0				0.0			0.0	0.0	36.08428	0.0	0.0	0.0			0.46657	0.0	0.0			0.0	0.0	0.0	0.0		0.0	0.0			0.0			5.41793		0.0	0.0	0.18705	0.43623	0.0		0.0		15.35253	0.0					0.0	0.0	0.00478		0.0	0.0	0.0		0.0	0.0	1.65569	0.74415		6.58913	0.0	0.00107	0.0			0.02225	0.0	0.0		0.0	0.02516				0.0	17.9821		0.0		0.0	6.91532		0.32197		0.0		0.0		0.0	MuSiC	prevail_cu_cfrna_217
		0.06296	0.0		0.01442			1.32259	0.0	0.0			0.0	0.0				0.46497			0.0	0.0	36.20127	0.0	3.28322	4.41508			0.11124	0.0	0.0			0.0	0.35799	0.01899	0.0		0.87586	0.0			0.0			6.51479		0.0	16.96525	0.02836	0.0	0.0		0.51763		7.38461	0.0					0.0	1.40657	0.0		0.0	1.62643	0.0		0.0	0.0	1.16287	0.56038		0.12062	0.01559	0.0	0.0			0.0	0.0	0.0		0.0	0.0				0.0	12.50431		1.71341		0.0	2.35062		0.0		0.0		0.0		0.0	MuSiC	prevail_cu_cfrna_216
		0.01983	0.0		4.09329			0.44062	0.0	0.0			0.0	0.0				0.11238			0.01224	0.0	40.90049	0.0	3.68403	0.1509			0.0	0.0	0.0			0.00207	0.50738	0.0	0.0		3.49591	0.0			0.0			0.0		0.0	18.61441	0.01557	0.0	0.0		0.14791		10.6164	0.0					0.28041	0.0	0.0		0.0	2.24492	0.0		0.0	0.25397	0.23072	1.27686		0.01303	0.0	0.0	0.0			0.00623	0.00322	0.0		0.0	0.0				0.0	7.55836		1.14524		0.0	4.17362		0.0		0.0		0.0		0.0	MuSiC	prevail_cu_cfrna_219
		0.03961	0.0094		4.48342			0.69692	0.0	0.0			0.0	0.0				0.02682			0.19635	0.0	10.10283	0.0	3.22613	15.00043			0.0	0.0	0.0			0.0	0.31832	0.0	0.0		0.79556	0.0			0.0			3.92904		0.0	19.07584	0.01642	0.0	0.0		0.45066		4.79475	0.0					0.0	1.65448	0.0		0.0	0.28657	0.0		0.0	5.37892	2.25035	0.01064		0.16183	0.66861	0.0	0.0			0.0	0.05336	0.0		0.0	0.0				0.0	5.94038		2.13408		0.0	18.18775		0.11053		0.0		0.0		0.0	MuSiC	prevail_cu_cfrna_220
		0.0	0.0		3.49073			0.07476	0.0	0.0			0.0	0.0				0.0			0.0	0.0	17.90196	0.0	2.10427	0.73739			0.31859	0.0	0.0			0.0	0.07174	0.0	0.0		0.16695	0.0			0.0			8.1062		0.0	15.70533	0.01633	0.0	0.0		0.05013		13.66889	0.0					0.0	0.0	0.00164		0.0	3.10123	0.0		0.0	0.0	1.16589	0.0		2.88846	0.0	0.0	0.0			0.0	0.0	0.0		0.0	0.0				0.0	19.82268		1.42929		0.0	9.1594		0.01813		0.0		0.0		0.0	MuSiC	prevail_cu_cfrna_205
		0.0	0.46204		17.49724			0.0113	0.0	0.0			0.0	0.0				0.0			0.0	0.0	27.0717	0.0	3.04047	0.0			0.19272	0.0	0.0			0.0	2.24043	0.0	0.0		0.04961	0.0			0.0			6.66458		0.0	11.9602	0.00362	0.0	0.0		0.01736		5.24482	0.0					0.0	2.22633	0.0		0.0	1.13263	0.0		0.0	0.0	0.4563	3.47455		0.0	0.0	0.0	0.0			0.0	0.0	0.0		0.0	0.0				0.0	7.22562		0.00208		0.0	9.08361		1.94279		0.0		0.0		0.0	MuSiC	prevail_cu_cfrna_225
		0.31523	0.0		1.27274			1.99232	0.0	0.0			0.0	0.0				0.63861			0.50655	0.0	37.33949	0.0	6.26747	2.34105			0.0	0.0	0.0			0.0	0.09933	0.0	0.0		12.26578	0.0			0.0			0.51534		0.0	12.10027	0.0	0.0	0.0		0.7356		0.0	0.0					0.0	1.54611	0.0		0.0	1.32653	0.0		0.0	0.79677	0.45623	1.71558		0.0	0.0	0.0	0.0			0.0	0.0	0.0		0.0	0.0				0.0	2.79028		4.15129		0.0	10.79213		0.03393		0.00138		0.0		0.0	MuSiC	prevail_cu_cfrna_212
		0.05271	0.0		0.0			1.37892	0.0	0.0			0.0	0.0				0.12648			0.01344	0.0	19.8405	0.0	3.97012	0.0163			0.26383	0.0	0.0			0.0	0.32315	1.08626	0.0		7.03123	0.0			0.0			3.9517		0.0	28.25615	0.03708	0.0	0.0		0.0		8.89746	0.0					0.0	1.89979	0.0		0.0	2.37922	0.0		0.0	0.29118	0.43831	0.78564		0.82988	0.24564	0.0	0.0			0.0	0.0	0.0		0.0	0.0				0.0	5.83651		1.37921		0.0	10.66928		0.0		0.0		0.0		0.0	MuSiC	prevail_cu_cfrna_203
		0.19358	0.01099		0.01196			1.15082	0.0	0.0			0.0	0.0				0.18191			0.0	0.0	18.9548	0.0	2.56576	3.88691			1.22499	0.0	0.0			0.0	0.07253	0.03389	0.0		2.71913	0.0			0.0			9.33342		0.0	22.10098	0.01613	0.0	0.0		0.02729		3.7192	0.0					0.0	5.20443	0.0		0.0	1.50373	0.0		0.0	0.0	1.95596	0.09012		2.62896	0.26924	0.0	0.0			0.00015	0.0	0.0		0.0	0.0				0.0	12.53899		0.09715		0.0	9.50699		0.0		0.0		0.0		0.0	MuSiC	prevail_cu_cfrna_221
		0.13226	0.96995		4.54564			1.19938	0.0	0.0			0.0	0.0				0.18273			0.02735	0.0	33.34457	0.0	0.94036	6.36384			0.65764	0.0	0.0			0.0	0.0	0.0	0.0		0.0	0.0			0.0			7.91595		0.0	4.74603	0.05108	0.0	0.0		0.0		14.9202	0.0					0.0	1.02631	0.0		0.0	0.0	0.0		0.0	0.0	2.24	0.0		5.02169	0.0	0.0012	0.0			0.0	0.02671	0.0		0.0	0.0				0.03029	7.50756		0.0		0.0	7.90618		0.2431		0.0		0.0		0.0	MuSiC	prevail_cu_cfrna_209
		0.11781	0.0		5.946			1.89722	0.0	0.0			0.0	0.0				0.20074			0.59087	0.0	49.53633	0.0	1.17003	4.2464			0.84239	0.0	0.0			0.0	3.01491	0.02647	0.0		0.01066	0.0			0.0			0.48585		0.0	6.64792	0.0009	0.0	0.0		0.10889		7.77961	0.0					0.0069	1.92961	0.0		0.0	0.4327	0.0		0.0	2.15407	0.55718	2.28485		0.49581	0.00648	0.0	0.0			0.07801	0.27519	0.0		0.47644	0.0				0.0	6.95102		0.78871		0.0	0.94003		0.0		0.0		0.0		0.0	MuSiC	prevail_cu_cfrna_252
		0.29076	3.02929		6.11107			1.43351	0.0	0.0			0.0	0.0				0.29493			0.07565	0.0	28.1937	0.0	0.05046	1.57779			1.84852	0.0	0.0			0.0	0.00418	0.02994	0.0		0.0	0.0			0.0			4.48161		0.0	2.94952	0.02224	0.0	0.0		0.0		14.88879	0.0					0.0	0.42289	0.01159		0.0	0.0	0.0		0.0	0.20829	3.35552	0.0		6.26941	0.56051	0.02964	0.0			0.0	0.0	0.0		0.0	0.0				0.0	12.59174		0.0		0.0	10.39253		0.87594		0.0		0.0		0.0	MuSiC	prevail_cu_cfrna_320
		0.19699	0.03822		6.65405			0.69409	0.0	0.0			0.0	0.0				0.0			0.0	0.0	16.23415	0.0	0.05227	7.02904			0.77722	0.0	0.0			0.0	6.54573	0.0	0.0		0.0	0.0			0.0			5.66019		0.0	9.70326	0.20738	0.0	0.0		0.0		9.28056	0.0					0.0	0.0	0.0		0.0	0.0	0.0		0.0	1.74415	2.19909	0.02241		7.38783	0.0	0.00214	0.0			0.0	0.0	0.0		0.0	0.0				0.0	16.32904		0.15093		0.0	9.07508		0.0162		0.0		0.0		0.0	MuSiC	prevail_cu_cfrna_315
		0.0	0.0		1.76043			0.07421	0.0	0.0			0.0	0.0				0.0			0.0	0.0	21.62821	0.0	1.29446	0.0			0.29127	0.0	0.0			0.0	1.87276	0.0	0.0		0.11689	0.0			0.0			0.46868		0.0	23.53363	0.06113	0.0	0.0		0.0		5.05633	0.0					0.0	0.0	0.0		0.0	0.74358	0.0		0.0	0.19743	0.61136	0.19028		10.27358	0.0	0.0	0.0			0.07456	0.0	0.0		0.0	0.0				0.00933	27.23163		0.19677		0.0	4.31347		0.0		0.0		0.0		0.0	MuSiC	prevail_cu_cfrna_289
		0.0	0.0		1.19797			0.00707	0.0	0.0			0.0	0.0				0.0			0.0	0.0	9.413	0.0	1.86245	0.0			0.0	0.0	0.0			0.0	1.89254	0.0	0.0		4.74341	0.0			0.0			10.93791		0.0	19.43843	0.04194	0.0	0.0		0.01969		12.11382	0.0					0.0	1.8032	0.0		0.0	0.93494	0.0		0.0	1.88027	0.67415	2.81726		2.59606	0.0	0.0	0.0			0.0	0.0	0.0		0.0	0.0				0.0	13.41762		2.54284		0.0	11.66543		0.0		0.0		0.0		0.0	MuSiC	prevail_cu_cfrna_293
		0.06835	0.0		0.13405			0.48166	0.0	0.0			0.0	0.0				0.0			0.0	0.0	20.76573	0.0	3.59883	0.0			0.0	0.0	0.0			0.0	3.20397	0.00433	0.0		13.53951	0.0			0.0			2.37392		0.0	12.98896	0.05415	0.0	0.0		0.73207		11.53897	0.0					0.0	0.0	0.0		0.0	2.43869	0.0		0.0	0.12071	0.47009	0.43692		5.03638	0.0	0.0	0.0			0.51968	0.0	0.0		0.0	0.0				0.0	10.41238		1.72204		0.0	9.35861		0.0		0.0		0.0		0.0	MuSiC	prevail_cu_cfrna_298
		0.0	0.0		0.10908			0.24301	0.0	0.0			0.0	0.0				0.0			0.0	0.0	16.9979	0.0	1.33747	0.0			0.06033	0.0	0.0			0.0	1.72835	0.0	0.0		0.04038	0.0			0.0			8.15555		0.0	18.9504	0.02421	0.0	0.0		0.02477		11.65114	0.0					0.0	0.0	0.0		0.0	1.09458	0.0		0.0	0.0	1.41771	0.0		3.35674	0.0	0.0	0.0			0.00017	0.0	0.0		0.0	0.0				0.0	19.29626		1.39574		0.0	13.89784		0.21838		0.0		0.0		0.0	MuSiC	prevail_cu_cfrna_319
		0.0	0.00298		5.74907			0.21096	0.0	0.0			0.0	0.0				0.0			0.0	0.0	12.21028	0.0	1.37627	0.20186			0.0	0.0	0.0			0.0	0.40112	0.0	0.0		5.49989	0.0			0.0			2.96084		0.0	12.70146	0.02615	0.0	0.0		0.00025		11.05782	0.0					0.0	0.0	0.0		0.0	0.8557	0.0		0.0	1.63866	0.99052	0.37727		2.83328	0.0	0.0	0.0			0.01976	0.0	0.0		0.0	0.0				0.0	27.5041		1.10938		0.0	12.26633		0.00604		0.0		0.0		0.0	MuSiC	prevail_cu_cfrna_301
		0.00598	0.0		4.70786			0.4705	0.0	0.0			0.0	0.0				0.00112			0.01483	0.0	19.19795	0.0	1.25399	9.81542			0.20143	0.0	0.0			0.0	0.28856	0.0	0.01275		0.0	0.0			0.0			6.05782		0.0	15.3905	0.06177	0.0	0.0		0.0		9.58092	0.0					0.0	0.0	0.0		0.0	0.5391	0.0		0.0	4.70369	1.6257	2.3743		1.73972	0.0	0.00196	0.0			0.0	0.0	0.0		0.0	0.0				0.0	11.91433		0.01824		0.0	10.02154		0.0		0.0		0.0		0.0	MuSiC	prevail_cu_cfrna_308
		0.0	0.0		0.0			0.0	0.0	0.0			0.0	0.0				0.0			0.0	0.0	17.87305	0.0	2.76164	0.00243			0.0	0.0	0.0			0.0	0.18402	0.00737	0.0		19.66034	0.0			0.0			0.30292		0.0	11.79247	0.00018	0.0	0.0		0.17499		12.68807	0.0					0.0	0.0	0.0		0.0	2.62977	0.0		0.0	0.0	0.12653	2.77008		2.83497	0.0	0.0	0.0			0.0	0.0	0.0		0.0	0.0				0.0	8.59286		3.37384		0.0	14.22449		0.0		0.0		0.0		0.0	MuSiC	prevail_cu_cfrna_300
		0.0	0.80066		3.02931			2.26815	0.0	0.0			0.0	0.0				0.00151			0.22353	0.0	30.73316	0.0	0.50895	5.89399			1.74089	0.0	0.0			0.0	0.00147	0.00049	0.0		0.0	0.0			0.0			4.76237		0.0	13.2536	0.05941	0.0	0.0		0.0		4.19423	0.0					0.0	0.0	0.0		0.0	0.02086	0.0		0.0	2.5365	2.99488	0.87491		4.19312	0.58478	0.01943	0.0			0.00205	0.0	0.0		0.0	0.0				0.37265	9.96644		0.0		0.0	10.9474		0.01527		0.0		0.0		0.0	MuSiC	prevail_cu_cfrna_263
		0.1195	0.0		0.0			0.86771	0.0	0.0			0.0	0.0				0.33267			0.23792	0.00914	1.8187	0.0	1.35124	0.0			0.01523	0.0	0.0			0.0	54.21143	0.0	0.51536		0.0	0.0			0.0			0.0		0.0	22.85155	0.0	0.0	0.0		0.1202		0.0	0.0					0.00741	0.0	0.0		0.0	0.56764	0.0		0.0	4.85973	0.26368	0.38235		2.665	0.3427	0.0	0.0			0.0	0.14323	0.0		0.0	0.0				0.0	0.0		1.25843		0.0	7.05917		0.0		0.0		0.0		0.0	MuSiC	prevail_cu_cfrna_76
		0.0	0.0017		2.2034			0.35735	0.0	0.0			0.0	0.0				0.01894			0.02768	0.0	24.82167	0.0	0.66958	2.62188			0.08105	0.0	0.0			0.0	30.43546	0.0	0.0		0.0	0.0			0.0			0.73398		0.0	13.87252	0.01999	0.0	0.0		0.0		3.22843	0.0					0.0	0.0	0.0		0.0	0.0	0.0		0.0	2.43392	0.70961	0.55163		4.73884	0.0	0.0	0.0			0.00652	0.0	0.0		0.0	0.0				0.00231	8.78935		0.01864		0.0	3.65556		0.0		0.0		0.0		0.0	MuSiC	prevail_cu_cfrna_304
		0.12678	0.24895		0.0			1.37854	0.0	0.0			0.0	0.0				0.14282			0.05931	0.0	14.58026	0.0	1.00072	7.99537			1.14391	0.0	0.0			0.0	0.26236	0.0	0.03196		0.0	0.0			0.0			6.78171		0.0	11.57993	0.04557	0.0	0.0		0.0		7.7006	0.0					0.0	0.0	0.00867		0.0	0.04114	0.0		0.0	9.93946	2.18819	0.0		5.56277	0.0	0.00266	0.0			0.0	0.03013	0.0		0.0	0.0				0.00655	14.92505		0.1897		0.0	13.65648		0.3704		0.0		0.0		0.0	MuSiC	prevail_cu_cfrna_305
		0.0	0.0		16.45811			0.0	2.22795	0.0			0.0	0.0				0.41101			0.0	0.0	16.14604	0.0	0.00046	30.26519			0.49845	0.0	0.0			0.0	11.48679	0.0	0.0		0.0	0.0			0.0			0.0		0.0	0.0	0.06808	0.0	0.0		0.0		0.0	0.0					1.98967	0.67809	0.0		0.0	0.0	0.0		0.0	0.0	0.0	0.0		0.0	0.0	0.0	0.0			0.0	0.0	0.0		0.00714	0.0				0.0	4.19398		0.0		0.0	15.46224		0.10678		0.0		0.0		0.0	MuSiC	prevail_cu_cfrna_81
		0.0	0.93634		0.05568			1.22121	0.0	0.0			0.0	0.0				0.15799			0.41319	0.0	28.26313	0.0	0.2517	7.27045			1.61998	0.0	0.0			0.0	4.19569	0.05446	0.0		0.0	0.0			0.0			4.441		0.0	14.26799	0.0387	0.0	0.0		0.0		7.0923	0.0					0.0	0.0	0.0		0.0	0.00399	0.0		0.0	6.27012	1.8752	4.24114		4.69317	0.0	0.0	0.0			0.1444	0.0	0.0		0.0	0.0				0.01491	4.93268		0.0		0.0	7.54458		0.0		0.0		0.0		0.0	MuSiC	prevail_cu_cfrna_82
		0.0	0.87801		2.88296			0.47445	0.0	0.0			0.0	0.0				0.0			0.0	0.0	35.10057	0.0	0.48867	8.48803			1.06468	0.0	0.0			0.0	4.60108	0.00497	0.0		0.0	0.0			0.0			5.58987		0.0	4.34195	0.01615	0.00234	0.0		0.0		10.96064	0.0					0.01548	0.0	0.0		0.0	0.0	0.0		0.0	0.89404	2.08985	1.66619		8.28234	0.0	0.00354	0.0			0.0211	0.03046	0.0		0.0	0.0				0.04833	0.0		0.23114		0.0	11.4128		0.41038		0.0		0.0		0.0	MuSiC	prevail_cu_cfrna_83
		0.0	3.05647		5.91066			1.2382	0.0	0.0			0.0	0.0				0.22306			0.04833	0.0	18.34815	0.0	0.61631	8.57461			0.49927	0.0	0.0			0.0	0.99339	0.03908	1.0745		0.0	0.0			0.0			16.25018		0.0	3.02978	0.01028	0.00111	0.0		0.0		0.0	0.0					0.0	3.22098	0.01689		0.0	0.0	0.0		0.0	3.23556	2.37318	1.99482		3.74936	3.21067	0.03299	0.0			0.00385	0.04546	0.0		0.0	0.0				0.01378	0.0		0.0		0.0	19.66316		2.52592		0.0		0.0		0.0	MuSiC	prevail_cu_cfrna_260
		0.03927	0.0		4.54232			0.42731	0.0	0.0			0.0	0.0				0.0722			0.0	0.0	73.5202	0.0	2.48279	0.0			0.15065	0.0	0.0			0.0	0.04302	0.0	0.0		0.75831	0.0			0.0			0.0		0.0	6.85445	0.0023	0.0	0.0		0.14614		3.09175	0.0					0.0	2.08845	0.0		0.0	0.44038	0.0		0.0	0.0	0.42782	0.79125		0.0	0.0	0.0	0.0			0.03135	0.0	0.0		0.00083	0.0				0.0	3.54306		0.42326		0.0	0.05738		0.06551		0.0		0.0		0.0	MuSiC	prevail_cu_cfrna_226
		0.0	0.0		0.67872			1.16402	0.0	0.0			0.0	0.0				0.15808			0.0	0.0	10.23905	0.0	1.29112	8.93441			0.36608	0.0	0.0			0.0	0.11776	0.60607	0.0		0.0487	0.0			0.0			4.86186		0.0	18.91796	0.06411	0.0	0.0		0.08075		7.67698	0.0					0.0	1.50444	0.0		0.0	0.72116	0.0		0.0	4.9624	0.70652	1.13595		3.14234	0.0	0.0	0.0			0.0	0.0	0.0		0.0	0.0				0.0	21.57287		2.39879		0.0	8.64986		0.0		0.0		0.0		0.0	MuSiC	prevail_cu_cfrna_321
		0.0	3.76099		13.95265			0.14284	0.0	0.0			0.0	0.0				0.0			0.0	0.0	13.47788	0.0	1.01655	3.54186			0.83647	0.0	0.0			0.0	0.00373	0.0	0.03348		0.0	0.0			0.0			17.67672		0.0	0.0	0.00153	0.0	0.0		0.0		10.6038	0.0					0.0	0.96632	0.0		0.0	0.0	0.0		0.0	0.0	1.92778	5.55892		1.33341	0.06375	0.00253	0.0			0.0	0.0	0.0		0.0	0.0				0.0	4.69746		0.0		0.0	18.97928		1.42203		0.0		0.0		0.0	MuSiC	prevail_cu_cfrna_307
		0.11533	1.03949		9.84238			1.03523	0.0	0.0			0.0	0.0				0.18916			0.50395	0.0	20.37806	0.0	1.25804	7.29703			1.14134	0.0	0.0			0.0	0.56841	0.0	0.0		0.0	0.0			0.0			8.36912		0.0	4.69356	0.1067	0.0	0.0		0.0		8.88514	0.0					0.0	0.30998	0.0		0.0	0.0	0.0		0.0	7.65814	2.16237	3.17076		4.40342	0.57312	0.00822	0.0			0.0	0.07926	0.0		0.0	0.0				0.0	0.0132		0.00509		0.0	15.50288		0.69062		0.0		0.0		0.0	MuSiC	prevail_cu_cfrna_313
		0.0	2.53159		20.52702			0.0	0.0	0.0			0.0	0.0				0.0			0.0	0.0	14.8774	0.0	1.18817	0.0			1.00623	0.0	0.0			0.0	0.24298	0.0	3.62839		0.0	0.0			0.0			21.01513		0.0	0.0	0.02611	0.03807	0.0		0.0		1.54667	0.0					0.0	1.13635	0.0		0.0	0.0	0.0		0.0	0.0	1.71024	3.67474		2.14901	0.82156	0.0	0.0			0.0	0.0	0.0		0.0	0.0				0.0	0.32449		0.0		0.0	21.12362		2.43222		0.0		0.0		0.0	MuSiC	prevail_cu_cfrna_258
		0.0	0.07495		4.68707			0.73016	0.0	0.0			0.0	0.0				0.0			0.01739	0.0	43.11977	0.0	1.5201	0.49453			0.28335	0.0	0.0			0.0	2.12765	0.0	0.0		0.0	0.0			0.0			0.18351		0.0	11.47748	0.01403	0.0	0.0		0.02029		6.10829	0.0					0.0	0.0	0.00095		0.0	0.03536	0.0		0.0	0.0	1.57927	0.21778		9.44575	0.00387	0.0	0.0			0.00778	0.0	0.0		0.0	0.0				0.01272	9.04759		0.25442		0.0	8.52754		0.00839		0.0		0.0		0.0	MuSiC	prevail_cu_cfrna_318
		0.32723	1.26235		1.86801			1.65681	0.0	0.0			0.0	0.0				0.68516			0.01171	0.0	29.47785	0.0	2.78796	3.79613			0.79349	0.0	0.0			0.0	0.0	0.0	1.32317		0.0	0.0			0.1059			5.38172		0.0	8.64213	0.05206	0.0	0.0		0.0349		5.42814	0.0					0.0	0.0	0.01159		0.0	0.0	0.0		0.0	7.38553	3.155	0.0		3.28691	0.00449	0.00644	0.0			0.0	0.11688	0.0		0.0	0.0				0.0	4.98764		0.48687		0.0	15.94569		0.95014		0.02813		0.0		0.0	MuSiC	prevail_cu_cfrna_303
		0.01589	1.26181		5.65008			1.19161	0.0	0.0			0.0	0.0				0.00074			0.0	0.0	38.12604	0.0	0.03142	7.44278			3.00763	0.0	0.0			0.0	0.06874	0.02779	0.0		0.0	0.0			0.0			2.14631		0.0	3.39943	0.0404	0.0	0.0		0.0		12.38318	0.0					0.0	0.0	0.0		0.0	0.0	0.0		0.0	2.16153	0.55089	0.90071		5.80802	0.0	0.0	0.0			0.00158	0.11192	0.0		0.0	0.0				0.02772	11.31595		0.0		0.0	4.32782		0.0		0.0		0.0		0.0	MuSiC	prevail_cu_cfrna_95
		0.0	1.72569		6.31834			0.25815	0.0	0.0			0.0	0.0				0.0			0.0	0.0	36.63114	0.0	0.0	0.0			0.06854	0.0	0.0			0.0	0.0	0.0	2.06635		0.0	0.0			0.0			12.65392		0.0	0.0	0.0075	0.02311	0.0		0.0		17.16996	0.0					0.0	0.0	0.00272		0.0	0.0	0.0		0.0	0.0	3.09741	1.6901		3.02661	0.00626	0.00122	0.0			0.0	0.09131	0.0		0.0	0.0				0.00133	2.22729		0.0		0.0	12.79171		0.0		0.14137		0.0		0.0	MuSiC	prevail_cu_cfrna_280
		0.0	0.8226		0.28851			0.6789	0.0	0.0			0.0	0.0				0.23464			0.0	0.0	15.17221	0.0	0.0	3.07109			2.14868	0.0	0.0			0.0	1.26102	0.0	0.0		0.0	0.0			0.0			5.45256		0.0	6.59358	0.05975	0.0	0.0		0.00069		7.79212	0.0					0.0	0.0	0.00663		0.0	0.0	0.0		0.0	12.50077	1.15667	0.96625		8.96388	0.0	0.00333	0.0			0.00152	0.0	0.0		0.0	0.0				0.0431	19.5271		0.32204		0.0	12.40437		0.52801		0.0		0.0		0.0	MuSiC	prevail_cu_cfrna_317
		0.08112	0.00465		0.08721			0.73747	0.0	0.0			0.0	0.0				0.06159			0.0	0.0	9.05823	0.0	2.88884	1.67047			0.00361	0.0	0.0			0.0	1.69283	0.0	0.0		0.03519	0.0			0.0			7.6655		0.0	23.89605	0.03996	0.0	0.0		0.10944		10.07897	0.0					0.0	0.0	0.0		0.0	0.31492	0.0		0.0	6.85545	0.57155	2.30288		2.24791	0.0	0.0	0.0			0.0	0.00487	0.0		0.0	0.0				0.0	14.39117		1.3598		0.0	13.77373		0.06658		0.0		0.0		0.0	MuSiC	prevail_cu_cfrna_310
		0.03633	1.9494		5.75899			1.64394	0.0	0.0			0.0	0.0				0.47525			0.0	0.0	20.58232	0.0	3.0599	4.52247			2.08052	0.0	0.0			0.0	0.0	0.00721	0.0		0.0	0.0			0.0			6.54363		0.0	12.063	0.04696	0.00257	0.0		0.02397		5.21841	0.0					0.0	0.92782	0.01053		0.0	0.38298	0.0		0.0	4.16624	1.80684	1.25348		2.82847	0.17104	0.0	0.0			0.0	0.07404	0.0		0.0	0.06387				0.0	9.28397		0.18826		0.0	13.17344		1.63154		0.02262		0.0		0.0	MuSiC	prevail_cu_cfrna_309
		0.0	0.0		3.00863			0.76137	0.0	0.0			0.0	0.0				0.0			0.0	0.0	12.15047	0.0	3.22929	4.92191			0.0	0.0	0.0			0.0	0.05098	0.0	0.0		4.75155	0.0			0.0			1.69571		0.0	28.11442	0.0124	0.0	0.0		0.69458		10.31404	0.0					0.0	0.0	0.0		0.0	1.0013	0.0		0.0	0.23792	1.77693	0.0		0.71388	0.27828	0.0	0.0			0.00655	0.0	0.0		0.0	0.0				0.0	10.32261		1.13598		0.0	14.82118		0.0		0.0		0.0		0.0	MuSiC	prevail_cu_cfrna_201
		0.14592	0.0		5.46283			0.5221	0.0	0.0			0.0	0.0				0.0			0.0	0.0	37.58621	0.0	0.0239	1.40821			0.22975	0.0	0.0			0.0	2.86253	0.0	0.0		0.0	0.0			0.0			0.63321		0.0	9.23951	0.04217	0.0	0.0		0.0		14.83205	0.0					0.0	0.0	0.0		0.0	0.09595	0.0		0.0	2.07697	0.48657	1.59105		3.94061	0.0	0.0	0.0			0.04866	0.0	0.0		0.64172	0.0				0.0	16.12544		0.05765		0.0	1.94702		0.0		0.0		0.0		0.0	MuSiC	prevail_cu_cfrna_290
		0.0	1.77047		8.70091			0.45061	0.0	0.0			0.0	0.0				0.0			0.0	0.0	23.03589	0.0	0.78311	0.0			0.05876	0.0	0.0			0.0	0.00149	0.0	0.0		0.0	0.0			0.0			12.70971		0.0	4.80057	0.01561	0.19966	0.0		0.0		10.68175	0.0					0.0	0.26421	0.0		0.0	0.0	0.0		0.0	0.0	2.3012	1.2033		3.67291	0.0	0.0	0.0			0.0	0.0	0.0		0.0	0.0				0.0	11.14214		0.0		0.0	16.90017		1.30752		0.0		0.0		0.0	MuSiC	prevail_cu_cfrna_222
		0.49826	0.01893		0.0			1.93445	0.0	0.0			0.0	0.0				0.75827			0.0	0.0	11.45405	0.0	0.85843	9.76684			0.0268	0.0	0.0			0.0	0.73689	0.02991	0.0		0.0	0.0			0.0			6.54359		0.0	10.90918	0.06384	0.0	0.0		0.01758		16.9395	0.0					0.0	0.0	0.01155		0.0	0.02001	0.0		0.0	8.4339	1.68323	0.0		6.04736	0.0	0.00876	0.0			0.0	0.08943	0.0		0.0	0.0				0.02123	14.19074		1.46705		0.0	7.47024		0.0		0.0		0.0		0.0	MuSiC	prevail_cu_cfrna_108
		0.24458	0.4509		1.41727			1.40971	0.0	0.0			0.0	0.0				0.27772			0.13346	0.0	27.53549	0.0	2.33351	0.02546			0.0	0.0	0.0			0.0	0.61355	0.0	0.0		5.22774	0.0			0.0			1.43601		0.0	16.71883	0.02133	0.0	0.0		0.86064		7.5056	0.0					0.00357	0.0	0.0		0.0	0.64187	0.0		0.0	6.81963	0.55323	2.02586		0.59754	0.0009	0.0	0.0			0.0	0.00342	0.0		0.0	0.0				0.0	13.67331		2.34351		0.0	7.12418		0.00117		0.0		0.0		0.0	MuSiC	prevail_cu_cfrna_294
		0.0	0.0		0.0			0.0	0.0	0.0			0.0	0.0				0.0			0.0	0.0	1.26929	0.0	5.61675	0.03296			0.0	0.0	0.0			0.0	34.93261	0.0	0.0		45.99832	0.0			0.0			0.0		0.0	0.0	0.0	0.0	0.0		0.49318		0.0	0.0					0.0	1.38935	0.0		0.0	0.0	0.0		0.0	0.0	0.0	0.02045		0.0	0.77744	0.0	0.0			0.0	0.0	0.0		0.0	0.0				0.0	0.0		0.07285		0.0	9.39682		0.0		0.0		0.0		0.0	MuSiC	prevail_cu_cfrna_127
		0.20065	2.80061		5.43028			1.19433	0.0	0.0			0.0	0.0				0.0			0.02544	0.0	14.33424	0.0	0.0	4.85792			0.43875	0.0	0.0			0.0	0.21917	0.0	0.06042		0.0	0.0			0.0			5.60507		0.0	9.6091	0.23011	0.0	0.0		0.0		11.43374	0.0					0.0	0.0	0.0		0.0	0.0	0.0		0.0	0.16146	2.39758	0.55232		4.44105	0.0	0.0	0.0			0.04493	0.0	0.0		0.0	0.0				0.00026	17.09941		0.0		0.0	18.85797		0.0		0.00519		0.0		0.0	MuSiC	prevail_cu_cfrna_287
		0.0	0.0		0.00193			0.1423	0.0	0.0			0.0	0.0				0.0			0.0	0.0	0.42256	0.0	2.45311	0.0			0.0	0.0	0.0			0.0	3.18106	0.0	0.0		9.27431	0.0			0.0			1.9122		0.0	33.7215	0.0	0.0	0.0		0.36227		7.55511	0.0					0.0	0.2361	0.0		0.0	2.14357	0.0		0.0	2.48425	0.02032	1.23775		1.73923	0.0	0.0	0.0			0.0	0.0	0.0		0.0	0.0				0.0	15.31264		2.83581		0.0	14.96398		0.0		0.0		0.0		0.0	MuSiC	prevail_cu_cfrna_137
		0.0	0.0		0.0			0.0	0.0	0.0			0.0	0.0				0.0			0.0	0.0	0.00057	0.0	3.25731	0.31608			0.0	0.0	0.0			0.0	2.35418	0.0	0.0		23.3396	0.0			0.0			1.87101		0.0	26.87817	0.0	0.0	0.0		0.59145		7.63659	0.0					0.0	0.0	0.0		0.0	0.30008	0.0		0.0	0.0	0.02012	1.34564		0.25705	0.01957	0.0	0.0			0.0	0.0	0.0		0.0	0.0				0.0	12.94868		1.54754		0.0	17.31636		0.0		0.0		0.0		0.0	MuSiC	prevail_cu_cfrna_119
		0.0	0.0		1.36283			0.0	0.0	0.0			0.0	0.0				0.0			0.0	0.0	7.4883	0.0	3.76604	0.0			0.0	0.0	0.0			0.0	0.61891	0.0	0.0		16.77832	0.0			0.0			14.76891		0.0	10.88143	0.00053	0.0	0.0		0.01485		5.56473	0.0					0.0	5.85507	0.0		0.0	4.50291	0.0		0.0	0.0	0.67431	0.93506		2.54768	0.0	0.0	0.0			0.0	0.0	0.0		0.0	0.0				0.0	7.84731		2.40226		0.0	13.99057		0.0		0.0		0.0		0.0	MuSiC	prevail_cu_cfrna_282
		0.0	0.0		0.0			0.0	0.0	0.0			0.0	0.0				0.0			0.0	0.0	3.38323	0.0	2.90029	0.15833			0.0	0.0	0.0			0.0	2.79039	0.0	0.0		16.69572	0.0			0.0			4.90822		0.0	23.5457	0.02822	0.0	0.0		0.30289		6.5045	0.0					0.0	0.0	0.0		0.0	0.85601	0.0		0.0	0.00518	0.0	0.0		2.40446	0.0	0.0	0.0			0.03373	0.0	0.0		0.0	0.0				0.0	14.5824		2.362		0.0	18.53871		0.0		0.0		0.0		0.0	MuSiC	prevail_cu_cfrna_291
		0.35652	0.0		0.0			0.0	0.0	0.0			0.0	0.0				0.00977			0.21598	0.0	5.36674	0.0	1.62715	2.50852			0.11276	0.0	0.0			0.0	1.94593	0.0	0.0		0.02398	0.0			0.0			2.57496		0.0	50.76145	0.06252	0.0	0.0		0.0		0.96193	0.0					0.0	4.2398	0.0		0.0	7.65865	0.0		0.0	0.11408	0.02508	0.0		0.0	0.0	0.0	0.0			0.08652	0.70039	0.0		0.0	0.0				0.0	2.94431		1.94582		0.0	15.75717		0.0		0.0		0.0		0.0	MuSiC	prevail_cu_cfrna_284
		0.0	0.0		0.0			0.0	0.0	0.0			0.0	0.0				0.0			0.0	0.0	0.8594	0.0	6.12327	0.07908			0.0	0.0	0.0			0.0	0.56715	0.02233	0.0		50.58304	0.0			0.0			0.0893		0.0	7.71841	0.0	0.0	0.0		2.38215		0.0581	0.0					0.0	0.0	0.0		0.0	0.02915	0.0		0.0	3.24749	0.0	0.0		0.0	0.61416	0.0	0.0			0.0	0.0	0.0		0.0	0.0				0.0	0.0		0.08297		0.0	27.544		0.0		0.0		0.0		0.0	MuSiC	prevail_cu_cfrna_124
		0.0	0.0		0.0			0.0	0.0	0.0			0.0	0.0				0.0			0.0	0.0	0.07857	0.0	2.3875	0.03489			0.0	0.0	0.0			0.0	1.76448	0.0	0.0		28.36387	0.0			0.0			1.32422		0.0	22.51771	0.0	0.0	0.0		0.37269		7.79582	0.0					0.0	0.0	0.0		0.0	0.09226	0.0		0.0	2.743	0.0006	1.22687		0.37179	0.07159	0.0	0.0			0.0	0.0	0.0		0.0	0.0				0.0	11.06608		5.64027		0.0	14.14779		0.0		0.0		0.0		0.0	MuSiC	prevail_cu_cfrna_146
		0.36664	0.00741		0.0			1.8944	0.0	0.0			0.0	0.0				0.42611			0.12879	0.0	7.42144	0.0	3.85153	3.97356			0.02299	0.0	0.0			0.0	0.53652	0.02876	0.0		0.70109	0.0			0.0			5.5742		0.0	34.50391	0.00318	0.0	0.0		0.46659		3.07257	0.0					0.0	3.01517	0.0		0.0	1.62584	0.0		0.0	1.36182	1.62362	0.09622		0.22095	1.57317	0.0	0.0			0.00425	0.34791	0.0		0.0	0.0				0.0	7.40034		2.7969		0.0	16.95412		0.0		0.0		0.0		0.0	MuSiC	prevail_cu_cfrna_12
		0.0	0.0		0.0			0.0	0.0	0.0			0.0	0.0				0.0			0.0	0.0	0.0	0.0	5.78729	0.0			0.0	0.0	0.0			0.0	1.0966	0.0	0.0		42.19546	0.0			0.0			0.56079		0.0	4.3832	0.0	0.0	0.0		3.46211		6.31038	0.0					0.0	0.0	0.0		0.0	1.53738	0.0		0.0	0.1016	0.0	0.41119		0.0	0.0	0.0	0.0			0.0	0.0	0.0		0.0	0.0				0.0	10.49414		1.76028		0.0	21.89957		0.0		0.0		0.0		0.0	MuSiC	prevail_cu_cfrna_120
		0.0	0.0		0.03041			0.0	0.0	0.0			0.0	0.0				0.0			0.0	0.0	0.00323	0.0	1.00001	0.05454			0.0	0.0	0.0			0.0	1.01115	0.0	0.0		17.79293	0.0			0.0			0.5846		0.0	26.10902	0.0662	0.0	0.0		1.0269		7.74453	0.0					0.0	0.0	0.0		0.0	0.13788	0.0		0.0	6.41991	0.00415	0.0		0.10353	0.0	0.0	0.0			0.0	0.0	0.0		0.0	0.0				0.0	11.70858		2.0811		0.0	24.12134		0.0		0.0		0.0		0.0	MuSiC	prevail_cu_cfrna_136
		0.0	0.0136		1.84702			0.24568	0.0	0.0			0.0	0.0				0.0			0.0	0.0	13.65175	0.0	1.52826	3.858			0.23534	0.0	0.0			0.0	0.58941	0.0	0.0		0.0	0.0			0.0			2.21704		0.0	18.03129	0.03277	0.0	0.0		0.05011		12.07274	0.0					0.0	0.0	0.0		0.0	0.68945	0.0		0.0	2.03382	1.64399	0.46206		5.53177	0.0	0.0	0.0			0.0195	0.0	0.0		0.0	0.0				0.0	24.64212		2.33987		0.0	8.25854		0.00584		0.0		0.0		0.0	MuSiC	prevail_cu_cfrna_285
		0.0	0.0		0.0			1.30768	0.0	0.0			0.0	0.0				0.0			0.0	0.0	0.39079	0.0	2.81917	5.47561			0.25882	0.0	0.0			0.0	0.76621	0.0	0.21727		14.7943	0.0			0.0			4.52035		0.0	35.15758	0.0	0.0	0.0		0.0		0.8754	0.0					0.0	3.18674	0.0		0.0	2.63785	0.0		0.0	0.08859	0.28009	0.21684		0.5394	1.93186	0.0	0.0			0.10028	0.08792	0.0		0.0	0.0				0.0	6.65508		1.25372		0.0	16.43846		0.0		0.0		0.0		0.0	MuSiC	prevail_cu_cfrna_125
		0.0	0.0		0.0			0.0	0.0	0.0			0.0	0.0				0.0			0.0	0.0	0.44607	0.0	4.23359	0.02418			0.0	0.0	0.0			0.0	1.04039	0.0	0.0		48.95995	0.0			0.0			2.73877		0.0	9.81238	0.0	0.0	0.0		0.52539		3.99679	0.0					0.0	0.0	0.0		0.0	4.37784	0.0		0.0	2.2904	0.00161	0.00114		0.0	0.0	0.0	0.0			0.0843	0.0	0.0		0.0	0.0				0.0	3.23269		0.48977		0.0	17.74476		0.0		0.0		0.0		0.0	MuSiC	prevail_cu_cfrna_129
		0.0	0.00675		4.49586			0.00047	0.0	0.0			0.0	0.0				0.0			0.0	0.0	4.17641	0.0	0.70116	0.14622			0.17143	0.0	0.0			0.0	0.00416	0.0	0.0		0.0	0.0			0.0			14.94611		0.0	12.99876	0.03721	0.0	0.0		0.00195		19.9939	0.0					0.0	0.0	0.0		0.0	0.07052	0.0		0.0	1.27281	1.34056	0.0		4.93736	0.0	0.0	0.0			0.0	0.0	0.0		0.0	0.0				0.0	21.34411		0.61046		0.0	11.95084		0.79294		0.0		0.0		0.0	MuSiC	prevail_cu_cfrna_295
		0.0	0.3545		2.2578			0.12247	0.0	0.0			0.0	0.0				0.0			0.0	0.0	39.70455	0.0	0.49498	1.46409			0.67392	0.0	0.0			0.0	0.0157	0.0	0.0		0.0	0.0			0.0			4.14398		0.0	1.82525	0.00622	0.00883	0.0		0.0		11.10773	0.0					0.0	0.0	0.0		0.0	0.0	0.0		0.0	0.0	2.54055	1.21557		9.17272	0.0	6e-05	0.0			0.04182	0.0	0.0		0.0	0.0				0.0	11.59081		0.0		0.0	13.14924		0.10922		0.0		0.0		0.0	MuSiC	prevail_cu_cfrna_292
		0.0	0.0		0.0			0.0	0.0	0.0			0.0	0.0				0.0			0.0	0.0	0.0	0.0	1.96287	0.0			0.0	0.0	0.0			0.0	2.29774	0.02673	0.0		23.07702	0.0			0.0			4.00929		0.0	30.07891	0.0	0.0	0.0		0.3622		7.38867	0.0					0.0	0.0	0.0		0.0	2.60618	0.0		0.0	0.37385	0.0007	0.0		1.27923	0.0	0.0	0.0			0.0	0.0	0.0		0.0	0.0				0.0	8.43686		2.89105		0.0	15.2087		0.0		0.0		0.0		0.0	MuSiC	prevail_cu_cfrna_141
		0.0	0.0		0.0			0.0	0.0	0.0			0.0	0.0				0.0			0.0	0.0	0.0	0.0	3.65596	2.72158			0.00953	0.0	0.0			0.0	14.55951	0.0	0.0		29.61404	0.0			0.0			0.94116		0.0	19.00867	0.0	0.0	0.0		0.02687		2.96868	0.0					0.0	0.2903	0.0		0.0	5.66595	0.0		0.0	1.07487	0.0	2.6331		0.0	0.0	0.0	0.0			0.08462	0.0	0.0		0.0	0.0				0.0	2.99252		0.27771		0.0	13.47491		0.0		0.0		0.0		0.0	MuSiC	prevail_cu_cfrna_126
		0.04845	0.0		0.0			0.79327	0.0	0.0			0.0	0.0				0.00484			0.17641	0.00077	0.0	0.0	0.39327	16.26462			1.90803	0.0	0.0			0.00087	0.4034	0.0	0.02686		0.0	0.0			0.0			8.77988		0.0	13.13108	0.00408	0.0	0.0		0.0		7.8233	0.0					0.0	1.85672	0.0		0.0	0.0	0.0		0.0	10.7419	1.20389	0.06382		4.99413	0.0	0.00484	0.0			0.0	0.18742	0.0		0.0	0.0				0.0	12.56364		0.0		0.0	18.62451		0.0		0.0		0.0		0.0	MuSiC	prevail_cu_cfrna_114
		0.36717	0.04411		0.0			1.726	0.0	0.0			0.0	0.0				0.46849			0.34547	0.0	9.74534	0.0	1.18458	10.42256			1.2155	0.0	0.0			0.0	0.3447	0.06108	1.45075		0.0	0.0			0.0			3.42872		0.0	19.37595	0.07033	0.0	0.0		0.01111		3.21596	0.0					0.0	4.39995	0.0		0.0	0.0	0.0		0.0	7.20386	2.8275	6.97162		0.66564	3.55544	0.01028	0.0			0.0	0.36221	0.0		0.0	0.0				0.0	7.38609		0.0		0.0	13.1396		0.0		0.0		0.0		0.0	MuSiC	prevail_cu_cfrna_24
		0.0	0.0		0.0			0.0	0.0	0.0			0.0	0.0				0.0			0.0	0.0	0.72352	0.0	5.20687	0.07688			0.0	0.0	0.0			0.0	2.29272	0.0	0.0		26.44973	0.0			0.0			0.32137		0.0	21.21628	0.0	0.0	0.0		0.63806		9.60575	0.0					0.0	0.0	0.0		0.0	2.61679	0.0		0.0	0.87803	0.0	0.1619		0.0	0.00748	0.0	0.0			0.0	0.0	0.0		0.0	0.0				0.0	0.04805		1.80008		0.0	27.9565		0.0		0.0		0.0		0.0	MuSiC	prevail_cu_cfrna_130
		0.0	0.99326		6.20914			0.6396	0.0	0.0			0.0	0.0				0.02443			0.03656	0.0	27.97022	0.0	3.88835	0.00333			0.0	0.0	0.0			0.0	0.0563	0.0	0.0		3.17311	0.0			0.0			9.0543		0.0	8.39546	0.00885	0.0	0.0		0.48251		9.8012	0.0					0.0	0.71976	0.00183		0.0	0.51773	0.0		0.0	0.0	0.84122	2.34721		1.80475	0.03951	0.0	0.0			0.0	0.03074	0.0		0.0	0.0				0.0	8.81321		2.45261		0.0	11.06309		0.63172		0.0		0.0		0.0	MuSiC	prevail_cu_cfrna_296
		0.0	0.0		0.0			0.40658	0.0	0.0			0.0	0.0				0.0			0.0	0.0	0.0	0.0	2.56662	0.0			0.20216	0.0	0.0			0.0	4.06138	0.0	0.0		5.60693	0.0			0.0			3.86415		0.0	35.64924	0.0	0.0	0.0		0.05798		8.46174	0.0					0.0	0.50423	0.0		0.0	1.58591	0.0		0.0	9.70862	0.0	0.0		1.73556	0.0	0.0	0.0			0.0	0.0	0.0		0.0	0.0				0.0	9.31208		0.92997		0.0	15.34687		0.0		0.0		0.0		0.0	MuSiC	prevail_cu_cfrna_138
		0.0	0.0		0.96178			0.05075	0.0	0.0			0.0	0.0				0.0			0.0	0.0	18.36304	0.0	1.54246	0.0			0.0	0.0	0.0			0.0	0.0	0.0	0.0		5.011	0.0			0.0			2.52362		0.0	13.63036	0.13252	0.0	0.0965		0.24949		15.28551	0.0					0.0	0.0	0.0		0.0	1.36949	0.0		0.0	0.09628	0.45421	2.2439		3.00989	0.0	0.0	0.0			0.0	0.0	0.0		0.0	0.0				0.0	26.2694		2.67824		0.0	6.03154		0.0		0.0		0.0		0.0	MuSiC	prevail_cu_cfrna_299
		0.0	0.0		0.0			0.0	0.0	0.0			0.0	0.0				0.0			0.0	0.0	0.00335	0.0	2.78275	0.03909			0.0	0.0	0.0			0.0	0.65701	0.0	0.0		25.47365	0.0			0.0			2.34328		0.0	15.10802	0.0	0.0	0.0		0.30192		10.15749	0.0					0.0	0.0	0.0		0.0	1.38913	0.0		0.0	3.38788	0.03383	0.0		1.75673	0.00851	0.0	0.0			0.0	0.0	0.0		0.0	0.0				0.0	16.79737		1.10129		0.0	18.65867		0.0		0.0		0.0		0.0	MuSiC	prevail_cu_cfrna_132
		0.0	0.0		0.0			0.0	0.0	0.0			0.0	0.0				0.0			0.0	0.0	0.0	0.0	1.19466	0.0			0.09914	0.0	0.0			0.0	1.06308	0.0	0.0		5.69562	0.0			0.0			4.94513		0.0	35.93004	0.0	0.0	0.0		0.0		14.97745	0.0					0.0	0.0	0.0		0.0	2.42632	0.0		0.0	3.76402	0.82774	0.0		3.48288	0.0	0.0	0.0			0.00293	0.0	0.0		0.0	0.0				0.0	17.71214		0.34937		0.0	7.52946		0.0		0.0		0.0		0.0	MuSiC	prevail_cu_cfrna_139
		0.00511	0.0		0.0			0.0	0.0	0.0			0.0	0.0				0.0			0.0	0.0	1.2293	0.0	8.70082	0.0			0.0	0.0	0.0			0.0	0.52727	0.0	0.0		59.89503	0.0			0.0			0.0		0.0	4.27519	0.0	0.0	0.0		0.76741		0.0	0.0					0.0	2.42827	0.0		0.0	0.42344	0.0		0.0	0.05644	0.0	0.3179		0.0	0.60525	0.0	0.0			0.0	0.0	0.0		0.0	0.0				0.0	0.0		0.31936		0.0	20.4492		0.0		0.0		0.0		0.0	MuSiC	prevail_cu_cfrna_128
		0.00156	0.0		0.0			0.0	0.0	0.0			0.0	0.0				0.0			0.0	0.0	0.56643	0.0	2.27	0.0			0.0	0.0	0.0			0.0	65.9087	0.0	0.0		13.99471	0.0			0.0			0.0		0.0	4.49837	0.0	0.0	0.0		0.90369		1.01298	0.0					0.0	0.0	0.0		0.0	0.01183	0.0		0.0	1.68341	0.0	0.0		0.0	0.0	0.0	0.0			0.0	0.0	0.0		0.0	0.0				0.0	0.0		0.02918		0.0	9.11914		0.0		0.0		0.0		0.0	MuSiC	prevail_cu_cfrna_121
		0.13141	0.0		0.0			0.43002	0.0	0.0			0.0	0.0				0.01983			0.00486	0.0	5.77073	0.0	8.62075	0.21822			0.0	0.0	0.0			0.0	0.14668	0.0	0.0		15.83838	0.0			0.0			0.0		0.0	33.87956	0.00639	0.0	0.0		1.57181		0.0	0.0					0.0	7.38325	0.0		0.0	0.57202	0.0		0.0	0.23387	0.08574	1.86539		0.0	0.5186	0.0	0.0			0.0	0.0	0.0		0.0	0.0				0.0	0.0		3.62798		0.0	19.0745		0.0		0.0		0.0		0.0	MuSiC	prevail_cu_cfrna_42
		0.0	0.0		0.0			0.78169	0.0	0.0			0.0	0.0				0.0			0.03981	0.0	0.0	0.0	1.14819	1.86728			0.0	0.0	0.0			0.0	1.21816	0.0	0.0		11.46877	0.0			0.0			5.70398		0.0	38.68457	0.00663	0.0	0.0		0.54786		4.28296	0.0					0.0	1.39509	0.0		0.0	0.90225	0.0		0.0	3.97931	0.5735	0.03126		1.33535	0.59603	0.0	0.0			0.0	0.43499	0.0		0.0	0.0				0.0	4.5583		2.75151		0.0	17.69249		0.0		0.0		0.0		0.0	MuSiC	prevail_cu_cfrna_147
		0.0	0.0		0.01863			0.00259	0.0	0.0			0.0	0.0				0.0			0.0	0.0	0.00681	0.0	3.03387	0.09167			0.0	0.0	0.0			0.0	1.32122	0.0	0.0		16.31024	0.0			0.0			2.52408		0.0	15.76974	0.02361	0.0	0.0		0.30434		14.76963	0.0					0.0	0.0	0.0		0.0	0.48407	0.0		0.0	0.0	0.0378	0.21254		1.3487	0.0	0.0	0.0			0.0	0.0	0.0		0.0	0.0				0.0	16.09657		1.9168		0.0	25.7271		0.0		0.0		0.0		0.0	MuSiC	prevail_cu_cfrna_140
		0.0	0.0		0.0			0.0	0.0	0.0			0.0	0.0				0.0			0.0	0.0	0.51436	0.0	4.17181	0.0			0.0	0.0	0.0			0.0	1.89643	0.0	0.0		38.66252	0.0			0.0			1.31178		0.0	13.10888	0.0	0.0	0.0		1.10376		7.14548	0.0					0.0	0.0	0.0		0.0	2.3049	0.0		0.0	0.12561	0.0	0.05135		0.0	0.0	0.0	0.0			0.0	0.0	0.0		0.0	0.0				0.0	10.22789		0.74929		0.0	18.62594		0.0		0.0		0.0		0.0	MuSiC	prevail_cu_cfrna_135
		0.0	0.0		0.0			0.0	0.0	0.0			0.0	0.0				0.0			0.0	0.0	5.13177	0.0	5.97731	7.52027			0.0	0.0	0.0			0.0	1.30799	0.0	0.0		13.44218	0.0			0.0			0.66818		0.0	34.66247	0.02069	0.0	0.0		0.49898		0.02326	0.0					0.0	3.13884	0.0		0.0	1.44904	0.0		0.0	0.10268	0.0	0.34782		0.20526	0.87403	0.0	0.0			0.02084	0.0	0.0		0.0	0.0				0.0	0.0		1.18456		0.0	23.42382		0.0		0.0		0.0		0.0	MuSiC	prevail_cu_cfrna_286
		0.0	0.0		0.0			0.0	0.0	0.0			0.0	0.0				0.0			0.0	0.0	0.0	0.0	3.8319	0.0			0.0	0.0	0.0			0.0	2.3112	0.0	0.0		52.69795	0.0			0.0			2.64029		0.0	0.3008	0.0	0.0	0.0		0.02205		7.46986	0.0					0.0	0.0	0.0		0.0	5.59998	0.0		0.0	6.6386	0.0	0.50182		0.04537	0.0	0.0	0.0			0.0	0.0	0.0		0.0	0.0				0.0	4.80679		0.62102		0.0	12.51238		0.0		0.0		0.0		0.0	MuSiC	prevail_cu_cfrna_131
		0.0	0.0		0.0			0.0	0.0	0.0			0.0	0.0				0.0			0.0	0.0	0.66445	0.0	4.48481	0.0			0.0	0.0	0.0			0.0	1.11042	0.0	0.0		46.51737	0.0			0.0			0.36555		0.0	9.85779	0.0	0.0	0.0		1.84182		6.11527	0.0					0.0	0.0	0.0		0.0	2.65824	0.0		0.0	0.94844	0.0	0.55429		0.0	0.0	0.0	0.0			0.0	0.0	0.0		0.0	0.0				0.0	2.28859		1.21188		0.0	21.38107		0.0		0.0		0.0		0.0	MuSiC	prevail_cu_cfrna_142
		0.0	0.0		0.0			0.1677	0.0	0.0			0.0	0.0				0.0			0.0	0.0	0.08741	0.0	2.55254	0.0			0.0	0.0	0.0			0.0	0.88254	0.0	0.0		24.94221	0.0			0.0			3.62057		0.0	14.04499	0.01258	0.0	0.0		0.44103		12.23402	0.0					0.0	0.0	0.0		0.0	0.52704	0.0		0.0	1.53022	0.04145	0.0		2.68825	0.12013	0.0	0.0			0.0	0.0	0.0		0.0	0.0				0.0	15.07174		2.29208		0.0	18.7435		0.0		0.0		0.0		0.0	MuSiC	prevail_cu_cfrna_118
		0.0	0.0		0.0			0.16606	0.0	0.0			0.0	0.0				0.0			0.00325	0.0	0.19255	0.0	3.16401	1.10688			0.0	0.0	0.0			0.0	2.68669	0.01517	0.0		28.92341	0.0			0.0			1.10905		0.0	21.54573	0.0	0.0	0.0		0.41933		6.89768	0.0					0.0	0.0	0.0		0.0	1.92981	0.0		0.0	6.18834	0.00671	1.3353		0.0402	0.26551	0.0	0.0			0.0	0.00203	0.0		0.0	0.0				0.0	6.03732		2.3514		0.0	15.61359		0.0		0.0		0.0		0.0	MuSiC	prevail_cu_cfrna_109
		0.0	0.25263		0.0			0.0811	0.0	0.0			0.0	0.0				0.0			0.0	0.0	2.7723	0.0	5.61059	0.0			0.0	0.0	0.0			0.0	0.0	0.0	0.0		24.4398	0.0			0.0			0.05758		0.0	17.85542	0.07445	0.0	0.0		2.59753		0.0094	0.0					0.0	3.86671	0.0008		0.0	0.03658	0.0		0.0	0.22384	0.36831	0.0		6.73533	0.0	0.0	0.0			0.0	0.0	0.0		0.0	0.0				0.0	7.0728		1.95953		0.0	24.93331		1.05199		0.0		0.0		0.0	MuSiC	prevail_cu_cfrna_110
		0.01362	1.77722		6.0878			0.39856	0.0	0.0			0.0	0.0				0.0			0.25903	0.0	6.54489	0.0	1.67415	17.89803			0.31978	0.0	0.0			0.0	22.06641	0.0	0.0		0.0	0.0			0.0			1.65182		0.0	4.62795	0.05477	0.0	0.0		0.0		4.79938	0.0					0.0	1.4072	0.0		0.0	0.0	0.0		0.0	0.0	1.89059	2.44908		2.21658	0.0	0.0	0.0			0.0	0.03775	0.0		0.0	0.0				0.0	8.0792		0.0		0.0	15.13681		0.60938		0.0		0.0		0.0	MuSiC	prevail_cu_cfrna_112
		0.04379	0.0		0.0			0.0	0.0	0.0			0.0	0.0				0.001			0.00072	0.0	0.11335	0.0	2.73804	3.35022			0.0	0.0	0.0			0.0	58.43161	0.0	0.35476		11.75113	0.0			0.0			0.0		0.0	11.79627	0.0	0.0	0.0		0.0209		0.0	0.0					0.0	0.0	0.0		0.0	0.0	0.0		0.0	0.02683	0.0	0.5256		0.0	0.01951	0.0016	0.0			0.02162	0.00965	0.0		0.0	0.0				0.0	0.0		0.0		0.0	10.79341		0.0		0.0		0.0		0.0	MuSiC	prevail_cu_cfrna_166
		0.0	0.0		0.0			0.0	0.0	0.0			0.0	0.0				0.0			0.0	0.0	0.21587	0.0	4.11276	0.88114			0.0	0.0	0.0			0.0	2.51205	0.0	0.0		37.7372	0.0			0.0			1.13404		0.0	6.99365	0.0	0.0	0.0		0.2307		11.19869	0.0					0.0	0.0	0.0		0.0	3.46548	0.0		0.0	0.40753	0.0	0.3382		0.0	0.24945	0.0	0.0			0.17944	0.0	0.0		0.0	0.0				0.0	5.41008		1.73269		0.0	23.20103		0.0		0.0		0.0		0.0	MuSiC	prevail_cu_cfrna_159
		0.0	0.0		0.0			0.0	0.0	0.0			0.0	0.0				0.0			0.0	0.0	0.69772	0.0	4.66905	0.00252			0.0	0.0	0.0			0.0	0.61884	0.0	0.0		57.42337	0.0			0.0			0.19129		0.0	0.9497	0.0	0.0	0.0		1.59855		5.42544	0.0					0.0	0.2219	0.0		0.0	1.17046	0.0		0.0	3.90102	0.0	1.25339		0.0	0.0	0.0	0.0			0.0	0.0	0.0		0.0	0.0				0.0	0.07209		0.37279		0.0	21.43187		0.0		0.0		0.0		0.0	MuSiC	prevail_cu_cfrna_167
		0.0	0.0		0.0			0.0	0.0	0.0			0.0	0.0				0.0			0.0	0.0	0.0	0.0	1.92368	3.89009			0.0	0.0	0.0			0.0	0.63815	0.0	0.0		3.78846	0.0			0.0			0.98009		0.0	36.68694	0.0003	0.0	0.0		0.96652		6.82363	0.0					0.0	0.0	0.0		0.0	1.63629	0.0		0.0	2.4754	0.0	0.00432		0.0191	0.0	0.0	0.0			0.0	0.0	0.0		0.0	0.0				0.0	11.15864		3.77131		0.0	25.23708		0.0		0.0		0.0		0.0	MuSiC	prevail_cu_cfrna_150
		0.0	0.0		0.0			0.2389	0.0	0.0			0.0	0.0				0.0			0.0	0.0	0.0078	0.0	1.37017	4.541			0.74081	0.0	0.0			0.0	2.41015	0.05385	0.0		0.0	0.0			0.0			4.36191		0.0	47.6298	0.0	0.0	0.0		0.02904		4.24421	0.0					0.0	1.56345	0.0		0.0	2.40643	0.0		0.0	0.0	1.06717	0.0		0.83492	0.04546	0.0	0.0			0.00092	0.21268	0.0		0.0	0.0				0.0	11.72218		0.0		0.0	16.51913		0.0		0.0		0.0		0.0	MuSiC	prevail_cu_cfrna_169
		0.0	0.0		0.0			0.36268	0.0	0.0			0.0	0.0				0.0			0.0	0.0	0.67379	0.0	5.96019	0.0			0.0	0.0	0.0			0.0	1.96995	0.05351	0.0		44.82148	0.0			0.0			1.51873		0.0	7.43507	0.0	0.0	0.0		2.35152		2.74665	0.0					0.0	0.0	0.0		0.0	0.21897	0.0		0.0	5.19138	0.01859	0.0		0.0	0.00903	0.0	0.0			0.0	0.0	0.0		0.0	0.0				0.0	5.74093		2.05663		0.0	18.8709		0.0		0.0		0.0		0.0	MuSiC	prevail_cu_cfrna_162
		0.0	0.0		0.0			0.1703	0.0	0.0			0.0	0.0				0.0			0.0	0.0	1.08951	0.0	4.39519	0.0			0.0	0.0	0.0			0.0	0.75976	0.01841	0.0		53.4284	0.0			0.0			0.17168		0.0	7.89977	0.0	0.0	0.0		1.71794		1.25003	0.0					0.0	0.68648	0.0		0.0	0.59137	0.0		0.0	3.16374	0.00133	2.01782		0.0	0.09526	0.0	0.0			0.01787	0.0	0.0		0.0	0.0				0.0	0.05084		3.71792		0.0	18.75638		0.0		0.0		0.0		0.0	MuSiC	prevail_cu_cfrna_151
		0.0	0.0		0.0			0.0	0.0	0.0			0.0	0.0				0.0			0.0	0.0	5.65379	0.0	6.75118	1.00168			0.0	0.0	0.0			0.0	0.93406	0.01151	0.0		30.60147	0.0			0.0			0.03834		0.0	32.11985	0.0	0.0	0.0		0.68756		0.0	0.0					0.0	1.99712	0.0		0.0	1.47627	0.0		0.0	0.0	0.04088	1.35249		0.0	1.05859	0.0	0.0			0.00018	0.0	0.0		0.0	0.0				0.0	0.0		0.40562		0.0	15.8694		0.0		0.0		0.0		0.0	MuSiC	prevail_cu_cfrna_170
		0.0	0.0		0.0			0.0	0.0	0.0			0.0	0.0				0.0			0.0	0.0	0.0	0.0	0.86216	0.98242			0.0	0.0	0.0			0.0	3.13547	0.00542	0.0		16.91253	0.0			0.0			3.80619		0.0	25.83602	0.00235	0.0	0.0		0.04268		10.85605	0.0					0.0	0.0	0.0		0.0	4.39584	0.0		0.0	2.48595	0.0	0.0		2.11073	0.0	0.0	0.0			0.11193	0.0	0.0		0.0	0.0				0.0	10.65901		3.39912		0.0	14.39613		0.0		0.0		0.0		0.0	MuSiC	prevail_cu_cfrna_148
		0.0	0.0		0.0			0.0	0.0	0.0			0.0	0.0				0.0			0.0	0.0	0.24867	0.0	4.87728	0.00394			0.0	0.0	0.0			0.0	1.915	0.0	0.0		47.33202	0.0			0.0			1.64337		0.0	7.06146	0.0	0.0	0.0		1.20273		3.77934	0.0					0.0	0.0	0.0		0.0	0.61986	0.0		0.0	1.98719	0.01406	0.18294		0.47851	0.0	0.0	0.0			0.0	0.0	0.0		0.0	0.0				0.0	9.78763		2.70236		0.0	16.16363		0.0		0.0		0.0		0.0	MuSiC	prevail_cu_cfrna_149
		0.0	0.0		0.0			0.0	0.0	0.0			0.0	0.0				0.0			0.0	0.0	0.0	0.0	1.09052	0.0			0.0	0.0	0.0			0.0	0.84246	0.0	0.0		41.25797	0.0			0.0			1.7568		0.0	11.21961	0.0	0.0	0.0		0.87747		9.66148	0.0					0.0	0.0	0.0		0.0	0.23024	0.0		0.0	6.49434	0.0	0.73553		0.4692	0.00372	0.0	0.0			0.02589	0.0	0.0		0.0	0.0				0.0	11.67496		0.8234		0.0	12.83641		0.0		0.0		0.0		0.0	MuSiC	prevail_cu_cfrna_164
		0.0	0.0		0.0			0.0	0.0	0.0			0.0	0.0				0.0			0.0	0.0	2.35232	0.0	4.0751	0.1196			0.0	0.0	0.0			0.0	1.37146	0.0	0.0		39.29323	0.0			0.0			0.18116		0.0	13.33936	0.0	0.0	0.0		1.24947		4.87345	0.0					0.0	0.0	0.0		0.0	0.23377	0.0		0.0	1.7614	0.01027	1.65592		0.0	0.0	0.0	0.0			0.11323	0.0	0.0		0.0	0.0				0.0	0.10401		1.86044		0.0	27.4058		0.0		0.0		0.0		0.0	MuSiC	prevail_cu_cfrna_165
		0.30713	0.21391		3.46334			1.07341	0.0	0.0			0.0	0.0				0.0			0.25763	0.0	1.60987	0.0	0.0	11.06929			0.84669	0.0	0.0			0.0	5.59906	0.0	0.01659		0.0	0.0			0.0			1.55561		0.0	10.1199	0.02378	0.0	0.0		0.0		17.04342	0.0					0.0	0.08243	0.0		0.0	0.0	0.0		0.0	0.0	1.12186	13.35174		2.3235	0.28297	0.0	0.0			0.00036	0.0	0.0		0.0	0.0				0.0	13.17586		0.0		0.0	16.43403		0.0		0.0276		0.0		0.0	MuSiC	prevail_cu_cfrna_171
		0.00673	0.0		0.0			0.0	0.0	0.0			0.0	0.0				0.0			0.0	0.0	3.36146	0.0	7.27177	0.0			0.0	0.0	0.0			0.0	0.50552	0.0	0.0		28.06929	0.0			0.0			0.0		0.0	27.49321	0.05119	0.0	0.0		0.62704		0.0	0.0					0.0	3.6399	0.0		0.0	1.80638	0.0		0.0	1.61856	0.0	1.34776		0.0	0.4934	0.0	0.0			0.00082	0.0	0.0		0.0	0.0				0.0	0.0		1.33093		0.0	22.37603		0.0		0.0		0.0		0.0	MuSiC	prevail_cu_cfrna_152
		0.0	0.0		0.0			0.34826	0.0	0.0			0.0	0.0				0.0			0.0	0.0	16.96042	0.0	2.25264	1.60926			0.95055	0.0	0.0			0.0	0.59065	1.52053	0.0		19.94168	0.0			0.0			5.45989		0.0	21.76737	0.00624	0.0	0.0		0.0		5.48332	0.0					0.0	0.0	0.0		0.0	3.67181	0.0		0.0	0.23753	1.3908	0.11732		0.13397	0.0	0.0	0.0			0.0	0.0	0.0		0.0	0.0				0.0	8.03909		0.01734		0.0	9.50135		0.0		0.0		0.0		0.0	MuSiC	prevail_cu_cfrna_174
		0.0	0.0		0.0			0.0	0.0	0.0			0.0	0.0				0.0			0.0	0.0	0.62797	0.0	4.5993	0.0			0.0	0.0	0.0			0.0	1.40209	0.0	0.0		1.16412	0.0			0.0			0.0		0.0	29.85789	0.00996	0.0	0.0		0.03698		0.0	0.0					0.0	0.0	0.0		0.0	0.0	0.0		0.0	13.45563	0.0	0.0		0.0	0.0	0.00032	0.0			0.0	0.0	0.0		0.0	0.0				0.0	19.91713		0.03811		0.0	18.71523		0.0		0.0		10.17528		0.0	MuSiC	prevail_cu_cfrna_181
		0.37862	0.84705		0.23937			1.0488	0.0	0.0			0.0	0.0				0.3737			0.16244	0.0	4.134	0.0	0.92291	0.0			1.34324	0.0	0.0			0.0	18.07363	0.034	0.0		0.0	0.0			0.0			12.11466		0.0	20.08649	0.01602	0.0	0.0		0.02476		7.91432	0.0					0.0	0.76923	0.00842		0.0	0.01298	0.0		0.0	0.0	0.83084	0.68973		3.7288	0.06256	0.00399	0.0			0.0	0.06073	0.0		0.0	0.0				0.0	9.32934		0.68037		0.0	15.65144		0.45757		0.0		0.0		0.0	MuSiC	prevail_cu_cfrna_183
		0.0	0.0		4.20446			0.68755	0.0	0.0			0.0	0.0				0.1335			0.00568	0.0	7.82985	0.0	3.36129	14.71358			0.0	0.0	0.0			0.0	0.65398	0.0	0.0		0.09406	0.0			0.0			2.39013		0.0	39.52995	0.02264	0.0	0.0		0.31786		0.0	0.0					0.0	5.4449	0.0		0.0	0.33995	0.0		0.0	2.49897	0.72624	0.51017		0.0	1.21943	0.0	0.0			0.03457	0.0	0.0		0.0	0.0				0.0	0.0		0.44073		0.0	14.84052		0.0		0.0		0.0		0.0	MuSiC	prevail_cu_cfrna_175
		0.0	0.0		2.50699			0.01035	0.0	0.0			0.0	0.0				0.0			0.0	0.0	12.62052	0.0	4.60725	1.30534			0.03218	0.0	0.0			0.0	1.07273	0.0	0.0		23.75285	0.0			0.0			0.48019		0.0	23.24477	0.00935	0.0	0.0		0.64363		7.46593	0.0					0.0	0.88151	0.0		0.0	0.07903	0.0		0.0	0.0	0.32154	0.50076		0.01159	0.32166	0.0	0.0			0.01612	0.0	0.0		0.0	0.0				0.0	5.34927		0.76996		0.0	13.99649		0.0		0.0		0.0		0.0	MuSiC	prevail_cu_cfrna_177
		0.0	0.0		0.0			0.01049	0.0	0.0			0.0	0.0				0.0			0.0	0.0	6.65808	0.0	3.26509	0.08988			0.05683	0.0	0.0			0.0	0.13342	0.0	0.0		13.84366	0.0			0.0			3.49776		0.0	23.83271	0.09181	0.0	0.0		0.23375		11.29901	0.0					0.0	1.30529	0.0		0.0	2.04108	0.0		0.0	0.0	0.49673	0.85455		1.71772	0.01089	0.0	0.0			0.0	0.0	0.0		0.0	0.0				0.0	14.89043		3.10239		0.0	12.56842		0.0		0.0		0.0		0.0	MuSiC	prevail_cu_cfrna_179
		0.0	0.0		0.0			0.0	0.0	0.0			0.0	0.0				0.0			0.0	0.0	1.846	0.0	6.75442	0.0			0.0	0.0	0.0			0.0	0.7017	0.0	0.0		23.49176	0.0			0.0			0.0		0.0	22.38613	3e-05	0.0	0.0		1.54953		5.56018	0.0					0.0	0.0	0.0		0.0	0.10259	0.0		0.0	0.04469	0.0	0.79792		0.05051	0.0	0.0	0.0			0.0059	0.0	0.0		0.0	0.0				0.0	9.22723		0.5472		0.0	26.93421		0.0		0.0		0.0		0.0	MuSiC	prevail_cu_cfrna_182
		0.09289	0.0		0.0			0.241	0.0	0.0			0.0	0.0				0.05331			0.01548	0.0	14.27909	0.0	2.23084	0.0			0.0402	0.0	0.0			0.0	2.05887	0.0	0.00891		1.16736	0.0			0.0			3.77852		0.0	35.87192	0.00628	0.0	0.0		0.0381		7.98692	0.0					0.0	0.0	0.0		0.0	1.99251	0.0		0.0	4.52398	0.90366	0.0		4.43007	0.17882	0.0	0.0			0.0	0.03602	0.0		0.0	0.0				0.0	11.4769		1.99542		0.0	6.59295		0.0		0.0		0.0		0.0	MuSiC	prevail_cu_cfrna_185
		0.0	0.0		0.0			0.0	0.0	0.0			0.0	0.0				0.0			0.0	0.0	1.08698	0.0	1.59592	0.0			0.0	0.0	0.0			0.0	0.8258	0.0	0.0		4.77527	0.0			6e-05			3.76341		0.0	32.77744	0.0111	0.0	0.0		0.0		6.61761	0.0					0.0	0.0	0.0		0.0	4.95292	0.0		0.0	12.61881	0.0	0.00705		3.30968	0.0	0.0	0.0			0.02958	0.0	0.0		0.0	0.0				0.0	13.63785		3.24337		0.0	10.74713		0.0		0.0		0.0		0.0	MuSiC	prevail_cu_cfrna_228
		0.0	0.0		0.0			0.0	0.0	0.0			0.0	0.0				0.0			0.0	0.0	0.0	0.0	2.59926	2.00651			0.0	0.0	0.0			0.0	1.61221	0.0	0.0		14.48667	0.0			0.0			2.10292		0.0	29.75454	0.0	0.0	0.0		0.14405		9.8948	0.0					0.0	0.0	0.0		0.0	2.27951	0.0		0.0	2.27806	0.00658	1.24689		0.56086	0.0177	0.0	0.0			0.00242	0.0	0.0		0.0	0.0				0.0	14.99036		2.40733		0.0	13.60931		0.0		0.0		0.0		0.0	MuSiC	prevail_cu_cfrna_230
		0.0	0.0		0.0			0.00754	0.0	0.0			0.0	0.0				0.0			0.0	0.0	16.32729	0.0	6.44399	0.0847			0.0	0.0	0.0			0.0	0.47338	0.03915	0.0		46.56577	0.0			0.0			0.1177		0.0	1.93878	0.01255	0.0	0.0		1.00693		0.01253	0.0					0.0	4.49039	0.0		0.0	0.67559	0.0		0.0	0.0	0.0232	0.9336		0.0	0.95907	0.0	0.0			0.0	0.0	0.0		0.0	0.0				0.0	0.0		1.93232		0.0	17.95552		0.0		0.0		0.0		0.0	MuSiC	prevail_cu_cfrna_191
		0.0	0.0		3.85938			0.17714	0.0	0.0			0.0	0.0				0.0			0.0	0.0	5.93236	0.0	5.47942	9.4797			0.00281	0.0	0.0			0.0	0.0435	0.05569	0.0		0.03547	0.0			0.0			1.77925		0.0	36.74858	0.00862	0.0	0.0		0.25248		2.63652	0.0					0.0	2.23991	0.0		0.0	1.66262	0.0		0.0	0.0	0.29982	2.35481		0.0	0.28646	0.0	0.0			0.0	0.0	0.0		0.0	0.0				0.0	2.63699		0.55312		0.0	23.47534		0.0		0.0		0.0		0.0	MuSiC	prevail_cu_cfrna_192
		0.07304	0.0		0.0			0.25049	0.0	0.0			0.0	0.0				0.00037			0.02535	0.0	14.22613	0.0	2.95334	2.31533			0.0	0.0	0.0			0.0	0.98612	0.0	0.0		5.30663	0.0			0.0			1.37036		0.0	36.64317	0.02954	0.0	0.0		0.34242		6.86616	0.0					0.0	0.0	0.0		0.0	0.32057	0.0		0.0	2.29905	0.10545	2.70122		0.5645	0.21418	0.0	0.0			0.00418	0.0	0.0		0.0	0.0				0.0	5.23194		1.43996		0.0	15.73048		0.0		0.0		0.0		0.0	MuSiC	prevail_cu_cfrna_193
		0.01863	0.0		0.0			0.29733	0.0	0.0			0.0	0.0				0.0			0.00214	0.0	11.73015	0.0	4.76841	1.24833			0.0	0.0	0.0			0.0	0.04307	0.0	0.0		4.11163	0.0			0.0			3.60533		0.0	33.79025	0.05269	0.0	0.0		0.29186		5.68068	0.0					0.0	0.0	0.0075		0.0	0.82352	0.0		0.0	0.12625	0.94518	0.11708		1.23971	0.33569	0.0	0.0			0.0	0.0	0.0		0.0	0.0				0.0	8.36179		0.78732		0.0	21.61546		0.0		0.0		0.0		0.0	MuSiC	prevail_cu_cfrna_194
		0.0	0.03892		1.31687			0.1886	0.0	0.0			0.0	0.0				0.0			0.0	0.0	4.37975	0.0	7.00796	9.15464			0.21143	0.0	0.0			0.0	0.05919	0.04354	0.0		0.0	0.0			0.0			2.11885		0.0	29.00963	0.0084	0.0	0.0		0.04071		2.47914	0.0					0.0	11.12237	0.0		0.0	1.25054	0.0		0.0	0.0	0.97566	3.12449		0.0	0.41765	0.0	0.0			9e-05	0.0	0.0		0.0	0.0				0.0	2.81131		0.00173		0.0	24.23854		0.0		0.0		0.0		0.0	MuSiC	prevail_cu_cfrna_195
		0.0	0.0		0.0			0.16345	0.0	0.0			0.0	0.0				0.0			0.0	0.0	12.62456	0.0	7.24894	12.29932			0.0	0.0	0.0			0.0	0.45062	0.0	0.00208		5.13111	0.0			0.0			2.45842		0.0	25.36976	0.00969	0.0	0.0		0.43176		1.41313	0.0					0.0	0.98371	5e-05		0.0	0.11341	0.0		0.0	0.08338	0.02667	1.65682		0.16495	0.50637	0.0	0.0			0.0	0.0	0.0		0.0	0.0				0.0	3.83517		4.19132		0.0	20.83531		0.0		0.0		0.0		0.0	MuSiC	prevail_cu_cfrna_196
		0.0	0.0		0.0			0.24787	0.0	0.0			0.0	0.0				0.0			0.00748	0.0	29.15434	0.0	1.99544	3.67583			0.0	0.0	0.0			0.0	1.16036	0.0	0.0		3.51568	0.0			0.0			2.75093		0.0	19.78056	0.0	0.0	0.0		0.0		7.88058	0.0					0.0	0.0	0.0		0.0	1.94658	0.0		0.0	0.19078	0.97685	0.0		5.34883	0.0	0.0	0.0			0.0	0.00829	0.0		0.0	0.0				0.0	7.94893		0.50845		0.0	12.90221		0.0		0.0		0.0		0.0	MuSiC	prevail_cu_cfrna_197
		0.0	0.0		0.0			0.0	0.0	0.0			0.0	0.0				0.0			0.0	0.0	18.78653	0.0	1.56008	0.0			0.0	0.0	0.0			0.0	0.88348	0.0	0.0		20.42387	0.0			0.0			2.67617		0.0	20.60749	0.0	0.0	0.0		0.10589		8.688	0.0					0.0	0.0	0.0		0.0	6.96228	0.0		0.0	0.18113	0.20253	0.03602		1.6044	0.0	0.0	0.0			0.04817	0.0	0.0		0.0	0.0				0.0	2.61471		1.18496		0.0	13.43427		0.0		0.0		0.0		0.0	MuSiC	prevail_cu_cfrna_272
		0.0	4.60428		5.93188			1.70881	0.0	0.0			0.0	0.0				0.00056			0.10066	0.0	18.77535	0.0	0.97394	3.68759			2.92061	0.0	0.0			0.00466	0.0	0.0	0.00462		0.0	0.0			0.0			6.57184		0.0	1.56431	0.4301	0.02087	0.0		0.0		9.92789	0.0					0.0	0.03014	0.0		0.0	0.0	0.0		0.0	0.03787	1.90674	0.62558		8.78235	1.24124	0.02288	0.0			0.0006	0.04539	0.0		0.0182	0.0				0.00754	12.55374		0.0		0.0	17.1359		0.36384		0.0		0.0		0.0	MuSiC	prevail_cu_cfrna_278
		0.0	0.0		1.46219			0.17817	0.0	0.0			0.0	0.0				0.0			0.0	0.0	25.56077	0.0	2.3689	2.06216			0.05235	0.0	0.0			0.0	0.15215	0.0	0.0		2.1717	0.0			0.0			3.33595		0.0	22.88661	0.00362	0.0	0.0		0.02747		11.0174	0.0					0.0	2.58603	0.0		0.0	0.79629	0.0		0.0	0.0	1.37246	0.0		1.21927	0.0	0.0	0.0			0.0	0.0	0.0		0.0	0.0				0.0	9.37082		2.14804		0.0	11.22764		0.0		0.0		0.0		0.0	MuSiC	prevail_cu_cfrna_271
		0.0	1.97597		2.12964			1.03067	0.0	0.0			0.0	0.0				0.04102			0.0	0.0	28.47374	0.0	1.51355	3.9378			2.58713	0.0	0.0			0.0	0.10971	0.00946	0.0		0.0	0.0			0.0			7.40327		0.0	11.81957	0.03999	0.0	0.0		0.0		14.12587	0.0					0.0	0.06584	0.0		0.0	0.04108	0.0		0.0	1.34948	1.53671	2.11946		1.86961	0.0	0.0	0.0			0.0	0.0	0.0		0.0	0.06599				0.0	13.11247		0.0		0.0	4.6416		0.00035		0.0		0.0		0.0	MuSiC	prevail_cu_cfrna_270
		0.0	0.0		0.0			0.0	0.0	0.0			0.0	0.0				0.0			0.0	0.0	1.47579	0.0	3.97026	0.03332			0.0	0.0	0.0			0.0	19.90775	0.0	0.0		27.07331	0.0			0.0			2.3431		0.0	13.76564	0.0	0.0	0.0		0.71856		1.74238	0.0					0.0	0.0	0.0		0.0	3.0166	0.0		0.0	1.99983	0.0	0.0		0.69486	0.0	0.0	0.0			0.03041	0.0	0.0		0.0	0.0				0.0	6.17617		0.18517		0.0	16.86685		0.0		0.0		0.0		0.0	MuSiC	prevail_cu_cfrna_234
		0.01625	0.07633		0.0			0.06411	0.0	0.0			0.0	0.0				0.0			0.0	0.0	8.08456	0.0	2.05829	0.0			0.01684	0.0	0.0			0.0	71.47191	0.0	0.00381		0.02281	0.0			0.0			0.64392		0.0	9.42673	0.0	0.0	0.0		0.28694		0.01041	0.0					0.0	0.0	0.0		0.0	0.01865	0.0		0.0	1.26034	0.01179	0.04556		0.68174	0.0	0.0	0.0			0.0	0.0	0.0		0.0	0.0				0.0	0.776		0.25933		0.0	4.75645		0.00724		0.0		0.0		0.0	MuSiC	prevail_cu_cfrna_235
		1.10963	0.0		0.0			0.87029	0.0	0.0			0.0	0.0				0.11128			0.0	0.0	21.32306	0.0	5.13381	0.0			0.0	0.0	0.0			0.0	0.2963	0.0	0.0		25.66509	0.0			0.0			1.17757		0.0	12.08898	0.0431	0.0	0.0		2.73757		2.32439	0.0					0.0	0.29789	0.0		0.0	2.91137	0.0		0.0	2.62488	0.01748	3.75169		0.00383	0.14345	0.0	0.0			0.0	0.0	0.0		0.0	0.0				0.0	6.61902		5.00477		0.0	5.74455		0.0		0.0		0.0		0.0	MuSiC	prevail_cu_cfrna_269
		0.0	0.0		0.0			0.0	0.0	0.0			0.0	0.0				0.0			0.0	0.0	14.20053	0.0	3.88633	0.10134			0.0135	0.0	0.0			0.0	0.03417	0.0	0.0		14.09795	0.0			0.0			2.4083		0.0	22.88474	0.00028	0.0	0.0		1.02635		11.58765	0.0					0.0	0.01769	0.0		0.0	1.67912	0.0		0.0	0.0	0.04837	0.0		2.1592	0.0	0.0	0.0			0.00372	0.0	0.0		0.0	0.0				0.0	4.93538		1.85817		0.0	19.0572		0.0		0.0		0.0		0.0	MuSiC	prevail_cu_cfrna_236
